 
use fdl ;
--
--   Important basic data --
insert into fdl.s_groups_apps (group_id ,app_name ,priv_access,priv_insert,priv_delete,priv_update,priv_export,priv_print) 
  select 1,app_name,'Y','Y','Y','Y','Y','Y' from s_apps ;
 /* t_plannItems Data as vary from company to company */

insert into fdl.t_p_sect (sec_id,sec_descrip,sec_status)
  values
      (1,'Thechnical department',5),
      (2,'During the first meeting with the seller',0),
      (3,'Performing the work inside the factory',0),
      (4,'If shipping in ship',0),
      (5,'If shipping in containers',0),
      (6,'Inspection of Pallets',0),
      (7,'Samples',0),
      (8,'fees',0),
      (9,'Certification',0);

insert into fdl.t_P_items (item_id,sec_id,item_name,item_status)
   values
      (1,1,'Send the first messaging',5),
      (2,1,'Assigning an inspector',5),
      (3,1,'Approval of the Inspector by the Director General',5),
      (4,1,'Provide the inspector with documentation of the process',5),
      (5,1,'To develop a sampling plan according to the quantity and quality of the goods and their location, including the full shipment.',5),
      (6,1,'By transferring a fax to the supplier company, including the name of the Inspector in charge of the inspection and the date of his arrival on the day, hour and place.',5),
      (7,2,'Signing the Inspector Access Form',1),
      (8,2,'Form of commitment to liability under contract terms',0),
      (9,2,'Product specification.',0),
      (10,2,'packing list',0),
      (11,2,'Initial approved invoice.',0),
      (12,2,'commercial invoice.',0),
      (13,2,'Certificate of origin of goods.',0),
      (14,2,'Certificate of product quality or product validity for consumption and container numbers if shipping is in containers.',0),
      (15,2,'Whether or not the goods are ready for inspection.',0),
      (16,2,'In the event that the goods or containers are not ready, and the documents do not comply with the conditions of the buyer or any objects that obstruct the inspection, the inspection shall be stopped,',0),
      (17,3,'The laboratory will be checked for some virtual and initial tests.',0),
      (18,3,'Make sure that the indications on packaging and packaging material are consistent with the terms of the contract.',0),
      (19,3,'During the manufacturing process,/n the inspector withdraws periodic random samples according to the quality of the goods and ensures that they conform to the terms of the virtual contract and perform the tests in the factory factory, which gives an initial indication of the acceptance of the goods and that the final evaluation of the shipment is based on the results of analyzes received from one of the laboratories approved by the companys work system.',0),
      (20,3,'Send daily reports explaining the quantities produced, daily working conditions and any difficulties you may face.',0),
      (21,4,'The inspector fills in the captain permission form to enter the vessel.',0),
      (22,4,'The inspector checks the ships documents and makes sure they are valid: (Class certificate,0),(B & I  certificate)',0),
      (23,4,'Verify the validity of the ship certificates',0),
      (24,4,'The ship winches are sure to be fit for loading and unloading and they work well',0),
      (25,4,'The inside of the wards is accessed by the inspector and the amber is locked inside to make sure that the lid does not have holes and to further confirm the test (water test)',0),
      (26,4,'Insects are checked to make sure they are free of insects.',0),
      (27,4,'Make sure they are free of water before starting shipping',0),
      (28,4,'Upon completion, a test report of the model vessel is completed and the inspector issues a certificate stating that the vessel is suitable for transporting the goods.',0),
      (29,5,'When the container arrives at the shipping site, the seller opens the doors of the container and identifies the goods to be shipped in this container.',0),
      (30,5,'The inspector will inspect the regular container according to Form No. (QP-06 / F10).',0),
      (31,5,'The inspector will inspect the refrigerated container according to model No. (QP-06 / F24).',0),
      (32,5,'Check the doors in terms of rubber insulation and lock tightness.',0),
      (33,5,'Container free of holes and openings.',0),
      (34,5,'Safety of the floor and free from the remnants of the previous shipment and clean.',0),
      (35,6,'The inspector checks the modulators according to model (QP-06 / F25).',0),
      (36,6,'Check the cleanliness of the hides and insects.',0),
      (37,7,'Send samples to the laboratory',0),
      (38,7,'Receive reports from laboratories and inspectors',0),
      (39,7,'Save samples',0),
      (40,8,'Collection of inspection fees',0),
      (41,9,'Issuing the certificate',0);



insert into fdl.s_apps_sec(id , section) VALUES
    (1,'Company data'),
    (2,'Dealers'),
    (3,'Operations'),
    (4,'Inspections'),
    (5,'Inspections operations'),
    (6,'Certifications');

INSERT INTO fdl.s_apps(app_name, app_type,section, description) VALUES 
    -- company data
    ('fCommodity'        ,'form'  ,1, '' ),
    ('fCompanydocs'      ,'form'  ,1, '' ),
    ('fCountry'          ,'form'  ,1, '' ),
    ('fDep'              ,'form'  ,1, '' ),
    ('gCust'             ,'cons'  ,1, '' ),
    ('fQuali'            ,'form'  ,1, '' ),
    ('Company'           ,'form'  ,1, '' ),   
    -- dealers
    ('gSup'              ,'cons'  ,2, '' ),
    ('fSup'              ,'form'  ,2, '' ),
    ('f_sup_contacts'    ,'form'  ,2, '' ),
    ('g_sup_contacts'    ,'cons'  ,2, '' ),
    ('fSupdocs'          ,'form'  ,2, '' ),
    ('fCust'             ,'form'  ,2, '' ),
    ('f_cust_contacts'   ,'form'  ,2, '' ),
    ('g_cust_contacts'   ,'cons'  ,2, '' ),
    ('fCustdocs'         ,'form'  ,2, '' ),
    -- process
    ('gMproj'            ,'cons'  ,3, '' ),
    ('fMproj'            ,'form'  ,3, '' ),
    ('gProj'             ,'cons'  ,3, '' ),
    ('fProj'             ,'form'  ,3, '' ),
    ('fProjdocs'         ,'form'  ,3, '' ),
    -- inspectores
    ('gInsp'             ,'cons'  ,4, '' ),
    ('fInsp'             ,'form'  ,4, '' ),
    ('fInspdocs'         ,'form'  ,4, '' ),
    ('f_select_insp'     ,'form'  ,4, '' ),
    ('g_select_insp'     ,'cons'  ,4, '' ),
    -- inspections proces
    ('gSec_insp_steps'   ,'cons'  ,5, '' ),
    ('fSec_insp_steps'   ,'form'  ,5, '' ),
    ('gItems_insp_steps' ,'cons'  ,5, '' ),
    ('fItem_insp_steps'  ,'form'  ,5, '' ),
    ('g_t_p_sect'        ,'cons'  ,5, '' ),
    ('c_aprove_sec'      ,'contr' ,5, '' ),
    ('gInspplann'        ,'cons'  ,5, '' ),
    ('fInspplann'        ,'form'  ,5, '' ),
    ('fInspplanndoc'     ,'form'  ,5, '' ),
    -- certification
    ('c_Issue_certi'     ,'contr' ,6,''  ),
    ('f_t_certi'         ,'form'  ,6,''  ),
    ('g_t_certi'         ,'cons'  ,6,''  );

INSERT INTO fdl.s_apps_desc(app_name, ar, en) VALUES   
    -- help files
    ('fCommodity'        ,'المواد'	                          ,	'Materials'),
    ('fCompanydocs'      ,'مستندات الشركة'	                 ,	'Company documents'),
    ('fCountry'          ,'الدول'	                           ,	'Countries'),
    ('fDep'              ,'الأقسام'	                           ,	'Departments'),
    ('gCust'             ,'قائمة طالبي الخدمة'	             ,	'List of applicant'),
    ('fQuali'            ,'المؤهل العلمي'	                  ,	'Qualification'),
    ('Company'           ,'بيانات شركتنا'	                  ,	'Our company'),
    
    -- dealers
    ('gSup'              ,'قائمة المستفيدين'	              ,	'List of beneficiaries'),
    ('fSup'              ,'المستفيد'	                      ,	'beneficiary'),
    ('fSupdocs'          ,'مستندات المستفيد'	              ,	'Beneficiary documents'),
    ('fCust'             ,'طالب الخدمة'	                      ,	'The applicant'),
    ('fCustdocs'         ,'مستندات طالب الوظيفة'	         ,	'Job applicant documents'),
    -- process
    ('gMproj'            ,'قائمة العمليات الرئيسية '	     ,	'List of major operations'),
    ('fMproj'            ,'العمليات الرئيسية'	             ,	'Major operations'),
    ('gProj'             ,'قائمة  تفاصيل العملية'	         ,	'List of process details'),
    ('fProj'             ,'العمليات التفصيلية'	             ,	'Detailed operations'),
    ('fProjdocs'         ,'مستندات العمليات التفصيلية'	    ,	'Detailed operations documents'),
    -- inspectores
    ('gInsp'             ,'قائمة المفتشيين'	                  ,	'List of inspectors'),
    ('fInsp'             ,'المفتشيين'	                      ,	'The inspectors'),
    ('fInspdocs'         ,'مستندات التفتيش'	                  ,	'Inspection documents'),
    ('f_select_insp'     ,'تعيين مفتش'	                      ,	'Assign inspector'),
    ('g_select_insp'     ,'قائمة المفتشيين المختارين'	     ,	'List of selected inspectors'),
    -- inspections process
    ('gSec_insp_steps'   ,'قائمة نموذج اقسام خطة التفتيش '	,	'List of inspection plan sections template'),
    ('fSec_insp_steps'   ,'نموذج اقسام خطة التفتيش '	     ,	'inspection plan section template' ),
    ('gItems_insp_steps' ,'قائمة نموذج  خطة التفتيش'	     ,	'List of inspection plan template'),
    ('fItem_insp_steps'  ,'نموذج تفاصيل خطة التفتيش'	     ,	'inspection plan details template'),
    ('g_t_p_sect'        ,'قائمة اقسام نموذج العملية'	     ,	'List of inspection plan sections for process '),
    ('c_aprove_sec'      ,'اعتماد قسم  العملية بالكامل'	     ,	'Approval process section' ),
    ('gInspplann'        ,'مخطط التفتيش'	                  ,	'Inspection plan'),
    ('fInspplann'        ,'خطة التفتيش'	                      ,	'Inspection plan'),
    ('fInspplanndoc'     ,'مستندات خطة التفتيش'	             ,	'Inspection plan documents'),
    -- certification
    ('c_Issue_certi'     ,'اصدار الشهادة'	                  ,	'Issuing the certificate'),
    ('f_t_certi'         ,'تعديل بيانات الشهادة'	         ,	'Modifying certificate data'),
    ('g_t_certi'         ,'قائمة الشهائد'	                  ,	'List of certifications');






-- Inspection Forms 
INSERT INTO fdl.t_inspForms (
        formID,
        formName,
        isActive
    ) VALUES 
    ('QP-06-F05','ﻭﺻﻮﻝ ﺍﻟﻤﻔﺘﺶ',1),
    ('QP-06-F06','الإجتماع الأول',1),
    ('QP-06-F07','تعهد بالمسؤولية حسب شروط',1),
    ('QP-06-F08','إيقاف التفتيش',1),
    ('QP-06-F09','التقارير اليومية',1),
    ('QP-06-F10','تقرير التفتيش على الحاويات',1),
    ('QP-06-F14','تقرير التفتيش النهائي',1),
    ('QP-06-F15','فاتورة أتعاب التفتيش',1),
    ('QP-06-F18','المستندات المسلمة للمفتش',1),
    ('QP-06-F25','تقرير التفتيش على البدنات',1),
    ('QP-06-F11','إذن دخول باخرة',1),
    ('QP-06-F12','تقرير تفتيش باخرة',1),
    ('QP-06-F13','شهادة صلاحية الباخرة',1),
    ('QP-06-F24','تقرير التفتيش على الحاويات المبردة',1),
    ('QP-07-F1','قائمة المفتشين المعتمدين',1),
    ('QP-07-F2','عقد عمل مفتش',1),
    ('QP-07-F3','نمودج تصنيف مفتش',1),
    ('QP-07-F4','سجل تقييم العمليات المنفذة من المفتش',1),
    ('QP-07-F5','سجل عمليات التفتيش التي قام بها المفتش ',1);

-- data -----
insert into fdl.s_users (login,pswd,name,email,active,activation_code,priv_admin,userphoto,issuing_certi,control_certi)
    values  
    ('admin',md5('123'),'Welbie'    ,'hk.jidar@gmail.com'           ,'Y','','Y',null,'N','Y'),
    ( 'thec',md5('123'),'fathi'     ,'fathi@gmail.com'              ,'Y','','N',null,'Y','N'),
    (   'fd',md5('123'),'Corie'     ,'cogers1@hubpages.com'         ,'Y','','N',null,'N','N'),
    (  'acc',md5('123'),'ibrahim'   ,'ibrahim@yahoo.com'            ,'Y','','N',null,'N','Y'),
    (  'dep',md5('123'),'Grenville' ,'glamdin2@gravatar.com'        ,'Y','','N',null,'N','N'),
    ( 'insp',md5('123'),'Alvie'     ,'amcturley5@gnu.org'           ,'Y','','N',null,'N','N'),
    (  'mix',md5('123'),'Leo'       ,'lsaing6@narod.ru'             ,'Y','','N',null,'N','N');

INSERT INTO fdl.s_groups (group_id, description,   issuing_certi,email,arab_des) VALUES
    (1 ,'Administrator'                , 'Y',"hk.jidar.fdl@gmail.com",'مدير المنظومة'),
    (2 ,'General Director'             , 'Y',"hk.jidar.fdl@gmail.com",'المدير العام'),
    (3 ,'Technical Manager'            , 'N',"hk.jidar.fdl@gmail.com",'مدير الادارة الفنية'),
    (4 ,'Financial and administrative' , 'N',"hk.jidar.fdl@gmail.com",'مسؤل المالية'),
    (5 ,'technical departments'        , 'N',"hk.jidar.fdl@gmail.com",'القسم الفني'),
    (6 ,'Inspectores'                  , 'N',"hk.jidar.fdl@gmail.com",'المفتش'), -- this record only use by inspectores
    (7 ,'Certification print'          , 'N',"hk.jidar.fdl@gmail.com",'مسؤل الشهائد');
    
insert into fdl.s_users_groups (`login`,group_id)
    values
    ('admin',1),
    ( 'thec',2),
    (   'fd',3),
    (  'acc',4),
    (  'dep',5),
    ( 'insp',6),
    (  'mix',7);
UPDATE fdl.s_groups_apps 
    SET 
        priv_access =   'N',
        priv_insert =   'N',
        priv_delete =   'N',
        priv_update =   'N',
        priv_export =   'N',
        priv_print  =   'N' ;

UPDATE fdl.s_groups_apps 
    SET 
        priv_access =   'Y',
        priv_insert =   'Y',
        priv_delete =   'Y',
        priv_update =   'Y',
        priv_export =   'Y',
        priv_print  =   'Y' 
    WHERE 
        group_id = 1 ;

insert into fdl.s_steps (act,txt,grp,txt1)
 values
 --   act        |txt                                   |grp      |txt1
    ('fax'          ,'send fax'                             , '5'     ,'إرسال الفاكس'                 ),       
    ('assign'       ,'Inspectors assign'                    , '5'     ,'يعين المفتشون'                ),       
    ('approve'      ,'Approve insp by tech Manger '         , '3'     ,'اعتماد من قبل الادارة الفنية' ),       
    ('approve'      ,'Approve insp by GM '                  , '2'      ,'اعتماد المفتش من المدير العام'),       
    ('mail-print'   ,'email and print to insp'              , '5'      ,'مراسلة وطباعة القرار'),       
    ('E-insp'       ,'Send E-mail to supplier about insp'   , '3'     ,'ارسال ايميل للبائع عن المفتش' ),       
    ('ticket'       ,'Ticket issuing'                       , '5'     ,'طلب شراء تذاكر'                ),       
    ('ticket'       ,'buy ticket'                           , '4'     ,'تم الشراء'                   ),       
    ('arrival'      ,'The arrival of the inspector'         , '6'    ,'وصول المفتش'                  ),       
    ('meeting'      ,'Meeting Agenda Or Hold of inspection' , '6'    ,'اجتماع الاول'                 ),       
    ('declare'      ,'Declaration of responsibility'        , '6'    ,'إعلان المسؤولية'              ),       
    ('daily'        ,'Daily reports'                        , '6'    ,'التقارير اليومية'             ),       
    ('letter'       ,'Letter of permission'                 , '6'    ,'خطاب إذن'                     ),       
    ('shipp'        ,'Shipping survey'                      , '6'    ,'مسح الشحن'                    ),       
    ('fitnes'       ,'Certificate of fitness'               , '6'    ,'شهادة اللياقة البدنية'        ),       
    ('cont'         ,'Containers inspection report'         , '6'    ,'تقرير تفتيش الحاويات'         ),       
    ('f_rep'        ,'Final Report'                         , '6'    ,'التقرير الأخير'               ),       
    ('fee'          ,'Inspection fees'                      , '6'    ,'رسوم التفتيش'                 ),       
    ('docs'         ,'Transference  Inspection docs'        , '6'    ,'مستندات فحص النقل'            ),       
    ('samples'      ,'Receipt of samples'                   , '6'    ,'استلام العينات'               ),       
    ('certifi'      ,'Certification'                        , '6'    , 'اصدار الشهادة'               );       
     
-- Country Data 
INSERT INTO fdl.h_country (cntryID,cntryName ) VALUES 
    (	'TH'	,	'Thailand'	),
    (	'KZ'	,	'Kazakhstan'	),
    (	'AF'	,	'Afghanistan'	),
    (	'BR'	,	'Brazil'	),
    (	'KM'	,	'Comoros'	),
    (	'CN'	,	'China'	),
    (	'MX'	,	'Mexico'	),
    (	'ID'	,	'Indonesia'	),
    (	'RU'	,	'Russia'	),
    (	'PH'	,	'Philippines'	),
    (	'IE'	,	'Ireland'	),
    (	'CA'	,	'Canada'	),
    (	'US'	,	'United States'	),
    (	'AR'	,	'Argentina'	),
    (	'FR'	,	'France'	),
    (	'PT'	,	'Portugal'	),
    (	'SE'	,	'Sweden'	),
    (	'TM'	,	'Turkmenistan'	),
    (	'GR'	,	'Greece'	),
    (	'RS'	,	'Serbia'	),
    (	'UA'	,	'Ukraine'	),
    (	'UY'	,	'Uruguay'	),
    (	'JP'	,	'Japan'	),
    (	'HN'	,	'Honduras'	),
    (	'NZ'	,	'New Zealand'	),
    (	'GT'	,	'Guatemala'	),
    (	'TW'	,	'Taiwan'	),
    (	'CZ'	,	'Czech Republic'	),
    (	'PG'	,	'Papua New Guinea'	),
    (	'AZ'	,	'Azerbaijan'	),
    (	'GP'	,	'Guadeloupe'	),
    (	'VN'	,	'Vietnam'	),
    (	'HR'	,	'Croatia'	),
    (	'NI'	,	'Nicaragua'	),
    (	'CO'	,	'Colombia'	),
    (	'NG'	,	'Nigeria'	),
    (	'UG'	,	'Uganda'	),
    (	'TJ'	,	'Tajikistan'	),
    (	'AX'	,	'Aland Islands'	),
    (	'PL'	,	'Poland'	),
    (	'MY'	,	'Malaysia'	),
    (	'MA'	,	'Morocco'	),
    (	'ET'	,	'Ethiopia'	),
    (	'SN'	,	'Senegal'	),
    (	'AL'	,	'Albania'	),
    (	'IR'	,	'Iran'	),
    (	'KW'	,	'Kuwait'	),
    (	'TN'	,	'Tunisia'	),
    (	'YT'	,	'Mayotte'	),
    (	'CL'	,	'Chile'	),
    (	'LT'	,	'Lithuania'	),
    (	'NE'	,	'Niger'	),
    (	'PS'	,	'Palestinian Territory'	),
    (	'IQ'	,	'Iraq'	),
    (	'BA'	,	'Bosnia and Herzegovina'	),
    (	'PE'	,	'Peru'	),
    (	'BJ'	,	'Benin'	),
    (	'BY'	,	'Belarus'	),
    (	'JO'	,	'Jordan'	),
    (	'BG'	,	'Bulgaria'	),
    (	'LY'	,	'Libya'	),
    (	'MG'	,	'Madagascar'	);
 
-- Department Data MT,FD,MD,PD       
INSERT INTO h_dep (depID,depName) VALUES
    ('MT','General material inspection Department' ),
    ('FD','Food & Animal Food Inspection Department'),
    ('MD','Mediacl & accessores requirment & Medicine inspection Department'),
    ('PD', 'Petroliom oil Inspection Department');

-- Commodity  
 INSERT INTO fdl.h_commodity (comID,comName ,depid)VALUES
    (1 ,'ROUGH REDROOT PIGWEED POLLEN' , 'MD'),
    (2 ,'Disney FROZEN Antibacterial Hand Wipes' , 'MD'),
    (3 ,'Eron Healing Tonic' , 'MD'),
    (4 ,'ShopRite Stomach Relief' , 'MD'),
    (5 ,'Alprazolam' , 'MD'),
    (6 ,'ZEA MAYS POLLEN' , 'MD'),
    (7 ,'Lunesta' , 'MD'),
    (8 ,'Losartan Potassium and Hydrochlorothiazide' , 'MD'),
    (9 ,'Cold-EEZE' , 'MD'),
    (10,'Cough Syrup Formula' , 'MD'),
    (11,'Crackers - Water','FD'),
    (12,'Bread - Dark Rye','FD'),
    (13,'Cocoa Butter','FD'),
    (14,'Bread Base - Italian','FD'),
    (15,'Sauce - Roasted Red Pepper','FD'),
    (16,'Chips Potato Salt Vinegar 43g','FD'),
    (17,'Jolt Cola - Red Eye','FD'),
    (18,'Tomatoes - Plum, Canned','FD'),
    (19,'Sauce - White, Mix','FD'),
    (20,'Beef - Ground Medium','FD'), 
    (21,'Excavators','MT'),
    (22,'Backhoe','MT'),
    (23,'Dragline Excavator','MT'),
    (24,'Bulldozers','MT'),
    (25,'Graders','MT'),
    (26,'Wheel Tractor Scraper','MT'),
    (27,'Trenchers','MT'),
    (28,'Loaders','MT'),
    (29,'Tower Cranes','MT'),
    (30,'Pavers','MT'),
    (31,'Compactors','MT'),
    (32,'Telehandlers','MT'),
    (33,'Feller Bunchers','MT'),
    (34,'Dump Trucks','MT'),
    (35,'Pile Boring Machine','MT'),
    (36,'Pile Driving Machin','MT'),
    (37,'butane','PD'),
    (38,'diesel fuel','PD'),
    (39,'fuel oil','PD'),
    (40,'gasoline','PD'),
    (41,'kerosene','PD'),
    (42,'liquefied natural gas','PD'),
    (43,'liquefied petroleum gas','PD'),
    (44,'propane','PD'),
    (45,'microcrystalline wax','PD'),
    (46,'napalm','PD'),
    (47,'naphtha','PD'),
    (48,'naphthalene','PD'),
    (49,'paraffin wax','PD'),
    (50,'petroleum jelly','PD'),
    (51,'petroleum wax','PD'),
    (52,'refined asphalt','PD'),
    (53,'refined bitumen','PD');

-- Company Data  
update  fdl.t_company  
       set    comapnyName= 'ALAFDAL FOR INSPECTION & CONFORMITY CO.LTD',
              domain= 'INSPECTION & CONFORMITY',
              addr= 'Znatah,Alhoriya Area Next To Netefah (Alhoriya) Mosque P.O Box: 6044 Tripoli-Libya',
              Tel= '00218217193750',
              Fax= '00218214628429',
              Mobile= '0913293595',
              web= 'www.best-ly.com',
              email= 'info@best-ly.com',
              insu ='312312312',
              cr = '62918',
              from_email = 'insp.fdl.mail@gmail.com',
              from_e_pwd = 'Seafao2020' 
    WHERE
     id = 'AIC';
    
    
-- Qualifications Data  
INSERT INTO fdl.h_quali (qualiID ,qualiName) VALUES
    (	1	,	'Nuclear Power Engineer'	),
    (	2	,	'Operator'	),
    (	3	,	'General Manager'	),
    (	4	,	'Director of Sales'	),
    (	5	,	'GIS Technical Architect'	),
    (	6	,	'Accountant IV'	),
    (	7	,	'Help Desk Technician'	),
    (	8	,	'Accounting Assistant III'	),
    (	9	,	'Professor'	),
    (	10	,	'Legal Assistant'	),
    (	11	,	'Business Systems Development Analyst'	),
    (	12	,	'Geologist I'	),
    (	13	,	'Media Manager III'	),
    (	14	,	'Information Systems Manager'	),
    (	15	,	'Sales Representative'	),
    (	16	,	'Senior Sales Associate'	),
    (	17	,	'Associate Professor'	),
    (	18	,	'Marketing Assistant'	),
    (	19	,	'Sales Associate'	),
    (	20	,	'Senior Quality Engineer'	),
    (	21	,	'Chief Design Engineer'	),
    (	22	,	'Community Outreach Specialist'	),
    (	23	,	'Accounting Assistant I'	),
    (	24	,	'Geologist III'	),
    (	25	,	'Desktop Support Technician'	),
    (	26	,	'Account Representative III'	),
    (	27	,	'Web Developer II'	),
    (	28	,	'Civil Engineer'	),
    (	29	,	'VP Accounting'	),
    (	30	,	'Programmer Analyst III'	),
    (	31	,	'Programmer Analyst I'	),
    (	32	,	'Paralegal'	),
    (	33	,	'Engineer IV'	),
    (	34	,	'Analyst Programmer'	),
    (	35	,	'Staff Accountant II'	),
    (	36	,	'Software Test Engineer II'	),
    (	37	,	'VP Product Management'	),
    (	38	,	'Accounting Assistant II'	),
    (	39	,	'Senior Financial Analyst'	),
    (	40	,	'Payment Adjustment Coordinator'	),
    (	41	,	'Systems Administrator I'	),
    (	42	,	'Software Consultant'	),
    (	43	,	'Research Associate'	),
    (	44	,	'Computer Systems Analyst I'	),
    (	45	,	'Compensation Analyst'	),
    (	46	,	'Product Engineer'	),
    (	47	,	'Administrative Officer'	),
    (	48	,	'Human Resources Assistant IV'	),
    (	49	,	'Software Engineer IV'	),
    (	50	,	'Nurse Practicioner'	),
    (	51	,	'Web Designer IV'	),
    (	52	,	'Computer Systems Analyst II'	),
    (	53	,	'Web Developer III'	),
    (	54	,	'VP Sales'	),
    (	55	,	'Electrical Engineer'	),
    (	56	,	'Media Manager IV'	),
    (	57	,	'Database Administrator I'	),
    (	58	,	'Recruiter'	),
    (	59	,	'Environmental Tech'	),
    (	60	,	'Analog Circuit Design manager'	),
    (	61	,	'Nurse'	),
    (	62	,	'Research Assistant III'	),
    (	63	,	'Pharmacist'	),
    (	64	,	'Programmer Analyst IV'	),
    (	65	,	'Teacher'	),
    (	66	,	'Web Designer I'	),
    (	67	,	'Geological Engineer'	),
    (	68	,	'Environmental Specialist'	),
    (	69	,	'Librarian'	),
    (	70	,	'Account Executive'	),
    (	71	,	'Research Assistant I'	),
    (	72	,	'Accountant II'	),
    (	73	,	'Chemical Engineer'	),
    (	74	,	'Actuary'	),
    (	75	,	'Automation Specialist II'	),
    (	76	,	'Physical Therapy Assistant'	),
    (	77	,	'Engineer III'	),
    (	78	,	'Health Coach III'	),
    (	79	,	'Database Administrator IV'	),
    (	80	,	'Mechanical Systems Engineer'	),
    (	81	,	'Speech Pathologist'	),
    (	82	,	'Financial Advisor'	),
    (	83	,	'Senior Editor'	),
    (	84	,	'Help Desk Operator'	),
    (	85	,	'Junior Executive'	),
    (	86	,	'Programmer Analyst II'	),
    (	87	,	'Food Chemist'	),
    (	88	,	'Graphic Designer'	),
    (	89	,	'Geologist II'	),
    (	90	,	'Software Engineer I'	),
    (	91	,	'Staff Accountant I'	),
    (	92	,	'Office Assistant III'	),
    (	93	,	'Occupational Therapist'	),
    (	94	,	'Accountant I'	),
    (	95	,	'Structural Analysis Engineer'	),
    (	96	,	'Engineer II'	),
    (	97	,	'VP Marketing'	),
    (	98	,	'Account Representative II'	),
    (	99	,	'Dental Hygienist'	),
    (	100	,	'Project Manager'	),
    (	101	,	'Recruiting Manager'	),
    (	102	,	'Tax Accountant'	),
    (	103	,	'Health Coach I'	),
    (	104	,	'VP Quality Control'	),
    (	105	,	'Social Worker'	),
    (	106	,	'Internal Auditor'	),
    (	107	,	'Statistician III'	),
    (	108	,	'Staff Scientist'	),
    (	109	,	'Computer Systems Analyst III'	),
    (	110	,	'Administrative Assistant II'	),
    (	111	,	'Technical Writer'	),
    (	112	,	'Structural Engineer'	),
    (	113	,	'Assistant Manager'	),
    (	114	,	'Database Administrator II'	),
    (	115	,	'Web Designer III'	),
    (	116	,	'Software Engineer III'	),
    (	117	,	'Cost Accountant'	),
    (	118	,	'Research Nurse'	),
    (	119	,	'Statistician IV'	),
    (	120	,	'Assistant Professor'	),
    (	121	,	'Developer I'	),
    (	122	,	'Clinical Specialist'	),
    (	123	,	'Senior Developer'	),
    (	124	,	'Senior Cost Accountant'	),
    (	125	,	'Quality Control Specialist'	),
    (	126	,	'Media Manager I'	),
    (	127	,	'Office Assistant II'	),
    (	128	,	'Web Designer II'	),
    (	129	,	'Office Assistant I'	),
    (	130	,	'Financial Analyst'	),
    (	131	,	'Programmer III'	),
    (	132	,	'Developer II'	),
    (	133	,	'Assistant Media Planner'	),
    (	134	,	'Editor'	),
    (	135	,	'Marketing Manager'	),
    (	136	,	'Safety Technician III'	),
    (	137	,	'Automation Specialist III'	),
    (	138	,	'Account Coordinator'	),
    (	139	,	'Budget/Accounting Analyst IV'	),
    (	140	,	'Systems Administrator III'	),
    (	141	,	'Registered Nurse'	),
    (	142	,	'Quality Engineer'	),
    (	143	,	'Executive Secretary'	),
    (	144	,	'Statistician II'	),
    (	145	,	'Developer IV'	),
    (	146	,	'Human Resources Manager'	),
    (	147	,	'Data Coordiator'	),
    (	148	,	'Geologist IV'	),
    (	149	,	'Research Assistant IV'	),
    (	150	,	'Research Assistant II'	),
    (	151	,	'Human Resources Assistant III'	),
    (	152	,	'Budget/Accounting Analyst II'	),
    (	153	,	'Programmer IV'	),
    (	154	,	'Health Coach II'	),
    (	155	,	'Administrative Assistant IV'	),
    (	156	,	'Safety Technician II'	),
    (	157	,	'Administrative Assistant III'	),
    (	158	,	'Systems Administrator II'	),
    (	159	,	'Budget/Accounting Analyst III'	),
    (	160	,	'Staff Accountant III'	),
    (	161	,	'Accounting Assistant IV'	),
    (	162	,	'Programmer II'	),
    (	163	,	'Account Representative IV'	),
    (	164	,	'Web Developer I'	),
    (	165	,	'Design Engineer'	),
    (	166	,	'Developer III'	),
    (	167	,	'Administrative Assistant I'	),
    (	168	,	'Software Test Engineer III'	),
    (	169	,	'Account Representative I'	),
    (	170	,	'Engineer I'	),
    (	171	,	'Programmer I'	),
    (	172	,	'Database Administrator III'	),
    (	173	,	'Statistician I'	),
    (	174	,	'Budget/Accounting Analyst I'	),
    (	175	,	'Human Resources Assistant II'	),
    (	176	,	'Computer Systems Analyst IV'	),
    (	177	,	'Automation Specialist I'	),
    (	178	,	'Automation Specialist IV'	),
    (	179	,	'Biostatistician II'	),
    (	180	,	'Biostatistician IV'	);

-- Customers  
INSERT INTO fdl.t_cust (custid,code,custname,person,cust_address,web,country,tel,fax,email)VALUES
    (	1	, 'AIC-CUS27-769'	,'Weingarten Realty Investors'	, 'Dorotea Spalls'      ,'6164 Graceland Court'  ,	'http://sciencedirect.com' ,'LY' ,'57(537)478-7484', '62(870)647-8752','doc.start.it@gmail.com'),
    (	2	, 'AIC-CUS11-698'	,'Woori Bank'	                , 'Datha Jansey'        ,'160 Summerview Circle' ,	'http://sciencedirect.com' ,'LY' ,'62(202)943-6429', '33(302)343-1471','doc.start.it@gmail.com'),
    (	3	, 'AIC-CUS15-366'	,'Gogo Inc.'	                , 'Keith Blincowe'      ,'56949 Cherokee Court'  ,	'http://www.google.com'	   ,'LY' ,'54(676)986-8363', '36(936)547-6890','doc.start.it@gmail.com'),
    (	4	, 'AIC-CUS88-849'	,'RE/MAX Holdings, Inc.'	    , 'Adina Burgise'       ,'8235 Portage Crossing' ,	'http://www.google.com'	   ,'LY' ,'66(366)708-7435', '1(639)106-0160','doc.start.it@gmail.com'),
    (	5	, 'AIC-CUS37-506'	,'City Office REIT, Inc.'	    , 'Benson Sandal'       ,'842 Lyons Crossing'    ,	'http://www.google.com'	   ,'LY' ,'46(720)364-2368', '46(885)112-6455','doc.start.it@gmail.com'),
    (	6	, 'AIC-CUS93-274'	,'Trimble Inc.'	                , 'Lennie Pass'         ,'39393 Hudson Hill'     ,	'http://www.google.com'	   ,'LY' ,'86(565)636-1917', '244(693)291-9380','doc.start.it@gmail.com'),
    (	7	, 'AIC-CUS57-411'	,'Orbotech Ltd.'	            , 'Lynsey Domoney'      ,'2406 Saint Paul Drive' ,	'http://www.google.com'	   ,'LY' ,'7(552)762-4027', '55(805)494-1682','doc.start.it@gmail.com'),
    (	8	, 'AIC-CUS18-023'	,'CSX Corporation'	            , 'Obadias Ghirigori'   ,'9 Fuller Alley'        ,	'http://www.google.com'	   ,'LY' ,'7(761)845-3232', '62(426)137-6722','doc.start.it@gmail.com'),
    (	9	, 'AIC-CUS00-186'	,'Synaptics Incorporated'	    , 'Norry Rodgers'       ,'274 Packers Terrace'   ,	'http://www.google.com'	   ,'LY' ,'93(378)166-7233', '7(594)396-8243','doc.start.it@gmail.com'),
    (	10	, 'AIC-CUS88-934'	,'STAAR Surgical Company'	    , 'Cord Gatman'         ,'7589 Meadow Ridge Way' ,	'http://www.google.com'	   ,'LY' ,'86(806)740-1452', '51(264)848-2817','doc.start.it@gmail.com'),
    (	11	, 'AIC-CUS00-567'	,'BioLife Solutions, Inc.'	    , 'Leanna Jeremiah'     ,'464 Saint Paul Terrace',	'http://www.google.com'	   ,'LY' ,'371(675)931-4839', '46(497)899-9197','doc.start.it@gmail.com'),
    (	12	, 'AIC-CUS35-378'	,'Avenue Therapeutics, Inc.'	, 'Brynna Lathbury'     ,'0 School Circle'       ,	'http://foxnews.com'	   ,'LY' ,'86(176)115-7685', '7(621)170-4756','doc.start.it@gmail.com'),
    (	13	, 'AIC-CUS27-893'	,'Dover Motorsports, Inc.'	    , 'Harley Walkden'      ,'69 Marcy Drive'        ,	'http://zimbio.com'	       ,'LY' ,'86(744)287-1151', '1(585)737-8950','doc.start.it@gmail.com'),
    (	14	, 'AIC-CUS36-406'	,'Public Storage'	            , 'Zenia Backe'         ,'8 Hovde Way'           ,	'http://zimbio.com'	       ,'LY' ,'62(269)356-0333', '86(489)149-0888','doc.start.it@gmail.com'),
    (	15	, 'AIC-CUS03-131'	,'Qwest Corporation'	        , 'Cosmo Ivashechkin'   ,'90143 Kim Court'       ,	'http://zimbio.com'	       ,'LY' ,'57(127)315-1136', '256(163)491-5472','doc.start.it@gmail.com');

insert into fdl.t_cust_contacts (id, email, custid, person, pobox, tel, mobile, whatsup, viber, mesngr, skype) values 
    (1, 'sroffe0@youtube.com', 6, 'Sheffy Roffe', '2302', '(759) 6811646', '(603) 7017297', '(464) 5076957', '(359) 5647988', '(607) 1371158', '(962) 3792835'),
    (2, 'sharvey1@spotify.com', 2, 'Stillman Harvey', null, '(251) 4881614', '(943) 1748698', '(215) 7807100', '(319) 1190637', '(318) 8488549', '(946) 4978429'),
    (3, 'dbish2@weibo.com', 13, 'Dosi Bish', null, '(464) 4350086', '(728) 2078682', '(195) 1733557', '(980) 7954968', '(647) 6340615', '(554) 4947275'),
    (4, 'radame3@networksolutions.com', 5, 'Rocky Adame', null, '(727) 1627709', '(911) 6624444', '(190) 3196783', '(813) 9744819', '(840) 9413358', '(658) 1487854'),
    (5, 'mbrodway4@state.gov', 12, 'Manfred Brodway', null, '(936) 4136291', '(225) 6961855', '(399) 3927268', '(485) 5929042', '(815) 4148390', '(418) 6154019'),
    (6, 'lstuchburie5@narod.ru', 8, 'Lennard Stuchburie', '352 44', '(951) 9973911', '(938) 1683669', '(536) 2256715', '(532) 2429452', '(363) 3529861', '(547) 9568440'),
    (7, 'bhaker6@cpanel.net', 3, 'Basilio Haker', null, '(101) 2721564', '(449) 2362651', '(567) 5082055', '(833) 7514266', '(150) 2985463', '(447) 5380396'),
    (8, 'eallmond7@discovery.com', 8, 'Eleonora Allmond', '783 55', '(706) 8850781', '(553) 3781998', '(144) 8815887', '(946) 5418042', '(698) 2276842', '(292) 6638828'),
    (9, 'acorwin8@fotki.com', 5, 'Alasdair Corwin', '97308 CEDEX', '(675) 9853054', '(257) 2730048', '(345) 6814226', '(205) 7051948', '(518) 4704412', '(256) 8531850'),
    (10, 'mkelston9@skyrock.com', 7, 'Misha Kelston', '141707', '(306) 6437334', '(586) 6099744', '(121) 1168383', '(751) 2483287', '(774) 8690749', '(435) 1676440'),
    (11, 'fabotsona@imdb.com', 3, 'Feodor Abotson', '993-0031', '(469) 4123854', '(525) 8983432', '(534) 3625852', '(301) 1385523', '(373) 7460817', '(491) 2818863'),
    (12, 'ssalzbergb@nyu.edu', 9, 'Seana Salzberg', null, '(542) 5448156', '(324) 8223435', '(880) 9459847', '(954) 1539611', '(633) 9447071', '(469) 5110815'),
    (13, 'adallanc@reference.com', 12, 'Aidan Dallan', null, '(609) 8738994', '(213) 9941679', '(780) 2828605', '(801) 8386199', '(645) 7333832', '(175) 3993881'),
    (14, 'cgoodsird@comsenz.com', 7, 'Connor Goodsir', '4624', '(422) 3375408', '(895) 3206983', '(384) 6565344', '(905) 8924221', '(914) 7950861', '(726) 2645284'),
    (15, 'abaldreye@va.gov', 6, 'Amber Baldrey', null, '(535) 1385006', '(389) 7294887', '(122) 6247737', '(292) 2063025', '(956) 3459280', '(735) 3819507'),
    (16, 'talfonsinif@hubpages.com', 5, 'Torey Alfonsini', '531 17', '(926) 5209019', '(193) 7116457', '(663) 2628813', '(188) 7702527', '(780) 4001586', '(101) 6373522'),
    (17, 'kmolling@soup.io', 9, 'Kahaleel Mollin', '618824', '(436) 1817320', '(531) 3664228', '(396) 6818689', '(792) 1812340', '(813) 6379373', '(805) 7545985'),
    (18, 'mcoldrickh@linkedin.com', 6, 'Maressa Coldrick', '21006', '(674) 2124580', '(616) 8219503', '(957) 9348400', '(692) 7788702', '(820) 4676632', '(237) 3020284'),
    (19, 'jcorintoni@princeton.edu', 15, 'James Corinton', null, '(784) 1969087', '(735) 6178665', '(787) 4433223', '(355) 7031276', '(873) 5242915', '(878) 1375604'),
    (20, 'dbalharryj@dion.ne.jp', 8, 'Doralynn Balharry', null, '(452) 4687432', '(917) 5931687', '(792) 6618371', '(332) 6295960', '(803) 6345292', '(358) 8516119'),
    (21, 'sellicombek@msn.com', 7, 'Shawn Ellicombe', null, '(847) 9926164', '(241) 2487423', '(775) 9247236', '(876) 7830344', '(494) 6665150', '(353) 6988011'),
    (22, 'dmcgraill@joomla.org', 7, 'Davin McGrail', '10129', '(430) 2705973', '(319) 5113440', '(126) 8318702', '(846) 7065290', '(483) 6780890', '(112) 2247426'),
    (23, 'dbrokenshawm@dagondesign.com', 2, 'Dell Brokenshaw', null, '(658) 9012941', '(114) 1402627', '(789) 3059798', '(421) 8376694', '(558) 7041060', '(474) 1214907'),
    (24, 'jleimstern@com.com', 2, 'Jone Leimster', '2819', '(234) 6078223', '(269) 2583847', '(828) 1155575', '(576) 9539403', '(817) 2429421', '(655) 1372889'),
    (25, 'oabercrombieo@wordpress.com', 11, 'Orren Abercrombie', '2519', '(411) 5899426', '(214) 9685191', '(959) 1744059', '(574) 5323817', '(101) 7060505', '(136)    1899278'),
    (26, 'aklainmanp@typepad.com', 13, 'Ailbert Klainman', '161350', '(392) 9576686', '(725) 9125456', '(260) 6849602', '(769) 7322352', '(375) 6166265', '(217) 6419529'),
    (27, 'ssteuhlmeyerq@timesonline.co.uk', 6, 'Stephenie Steuhlmeyer', '2430-149', '(411) 8468135', '(533) 5447203', '(298) 2541797', '(577) 6269685', '(670) 7695793', '  (933) 9896730'),
    (28, 'mvittler@tuttocitta.it', 15, 'Martelle Vittle', '479-0871', '(432) 8813109', '(889) 6302815', '(609) 7348810', '(723) 1690252', '(366) 9303009', '(351) 9306059') ,
    (29, 'collenbuttels@independent.co.uk', 2, 'Clarice Ollenbuttel', null, '(399) 1365738', '(258) 4133447', '(234) 4024005', '(669) 2059684', '(595) 5794507', '(907)     9308409'),
    (30, 'apigromet@domainmarket.com', 9, 'Alejoa Pigrome', '4950-208', '(992) 9147142', '(989) 4536668', '(469) 1022681', '(340) 3209340', '(141) 3011216', '(456)     4316814'),
    (31, 'fgahaganu@vistaprint.com', 14, 'Felecia Gahagan', null, '(789) 2243402', '(481) 3034433', '(929) 7123795', '(641) 1271945', '(986) 4739008', '(551) 6059260'),
    (32, 'kmahargv@squidoo.com', 6, 'Katinka Maharg', '88194 CEDEX', '(381) 7640590', '(880) 3106724', '(515) 4432754', '(596) 8664623', '(347) 1322112', '(403) 1671197'),
    (33, 'fokiw@hexun.com', 14, 'Fayth Oki', null, '(327) 9685859', '(492) 7300971', '(907) 6709070', '(194) 4812645', '(611) 9985751', '(899) 2034505'),
    (34, 'lmicheletx@google.co.uk', 12, 'Leilah Michelet', '7630-305', '(364) 7268730', '(515) 3753109', '(151) 9363974', '(234) 9100582', '(562) 9853569', '(147)  5620117'),
    (35, 'tspelwoody@networksolutions.com', 4, 'Tate Spelwood', null, '(238) 5259474', '(369) 4849674', '(894) 5366949', '(413) 2057272', '(337) 9296350', '(361) 1510302') ,
    (36, 'bjosefssonz@gnu.org', 10, 'Barrie Josefsson', '2706', '(733) 7454801', '(160) 2086507', '(119) 8628459', '(280) 1496312', '(502) 7660557', '(336) 8231880'),
    (37, 'gdunphie10@squidoo.com', 11, 'Gilberte Dunphie', null, '(383) 6528977', '(326) 8362196', '(150) 1892153', '(294) 7562749', '(789) 6724908', '(995) 7535305'),
    (38, 'rsilversmidt11@house.gov', 4, 'Roddie Silversmidt', null, '(632) 7940214', '(701) 4357962', '(202) 9964645', '(976) 9618004', '(501) 7089759', '(257) 6735630'),
    (39, 'dwoodroofe12@epa.gov', 14, 'Dalt Woodroofe', null, '(459) 6655065', '(161) 4212867', '(530) 7604352', '(332) 6783134', '(405) 7227818', '(160) 9472255'),
    (40, 'mduffield13@auda.org.au', 3, 'Mildred Duffield', '06009 CEDEX 1', '(401) 1983613', '(516) 7833396', '(164) 9678086', '(893) 4031482', '(691) 3084520', '(530)     1885882'),
    (41, 'jlugard14@fema.gov', 14, 'Jermayne Lugard', null, '(978) 4500403', '(373) 7822557', '(255) 7828081', '(710) 9541299', '(856) 9016841', '(581) 4452451'),
    (42, 'jleaver15@nbcnews.com', 11, 'Jillana Leaver', null, '(680) 8804096', '(672) 6821997', '(957) 4089176', '(217) 2650762', '(865) 1088682', '(449) 9213071'),
    (43, 'mlamboll16@gov.uk', 10, 'Maryl Lamboll', '6329', '(758) 9526174', '(276) 4232106', '(805) 6402355', '(524) 6170744', '(894) 2622672', '(322) 4048649'),
    (44, 'gkonrad17@yellowbook.com', 10, 'Germaine Konrad', 'A1C', '(430) 1085374', '(459) 3345861', '(106) 9048324', '(392) 9375687', '(196) 8334085', '(554) 3203380'),
    (45, 'akingdom18@indiatimes.com', 4, 'Amata Kingdom', null, '(163) 2731245', '(378) 9033320', '(899) 1212327', '(316) 4041310', '(903) 1265941', '(860) 8277813'),
    (46, 'ldood19@zimbio.com', 8, 'Luca Dood', '153047', '(453) 8915101', '(444) 9127620', '(518) 7896830', '(582) 3021277', '(943) 6576468', '(584) 8944687'),
    (47, 'escardefield1a@drupal.org', 8, 'Eberto Scardefield', '662017', '(309) 3160306', '(881) 6595382', '(526) 7168748', '(796) 8336890', '(922) 5422095', '(220)    3481050'),
    (48, 'tdalby1b@clickbank.net', 6, 'Talya Dalby', null, '(301) 8169470', '(896) 7530526', '(282) 4392382', '(433) 9614937', '(453) 5444512', '(547) 5732887'),
    (49, 'wwhiten1c@webeden.co.uk', 4, 'Willa Whiten', null, '(725) 2137850', '(840) 5023727', '(345) 9605813', '(106) 3484759', '(958) 3904447', '(310) 3033424'),
    (50, 'ldominique1d@ft.com', 12, 'Lida Dominique', '664 54', '(849) 7239895', '(172) 7728633', '(757) 8402199', '(646) 1680397', '(753) 7751306', '(406) 7432697'),
    (51, 'dwhittlesey1e@ucoz.com', 9, 'Davon Whittlesey', '85770-000', '(665) 3857521', '(269) 3271552', '(891) 2369471', '(141) 8994731', '(910) 1586127', '(863)  4482757'),
    (52, 'wnapoli1f@1688.com', 9, 'Willey Napoli', '346018', '(332) 3732300', '(695) 3240957', '(573) 2777100', '(283) 8996561', '(929) 1573030', '(882) 3440881'),
    (53, 'boughtright1g@dagondesign.com', 14, 'Branden Oughtright', null, '(583) 3742141', '(513) 9728922', '(421) 3580935', '(164) 7013240', '(673) 7206434', '(101)   6214545'),
    (54, 'bswalwel1h@boston.com', 12, 'Blanch Swalwel', null, '(752) 1624993', '(346) 7050338', '(912) 1191995', '(887) 8576541', '(989) 7475485', '(416) 6766859'),
    (55, 'gsheekey1i@joomla.org', 1, 'Garrik Sheekey', null, '(928) 9854033', '(149) 7360154', '(566) 2626794', '(662) 3635986', '(176) 4714672', '(197) 5604092'),
    (56, 'rdendon1j@eepurl.com', 1, 'Roberto Dendon', '31085 CEDEX 2', '(921) 3365970', '(639) 4767258', '(723) 7192834', '(782) 2788697', '(318) 9105538', '(695)  9048476'),
    (57, 'ccolt1k@flavors.me', 15, 'Charlene Colt', '618206', '(196) 7626012', '(969) 5919484', '(774) 2315214', '(758) 8518761', '(100) 2480853', '(700) 3350640'),
    (58, 'ajeannard1l@dyndns.org', 8, 'Arabelle Jeannard', '3900', '(800) 6340111', '(517) 6759141', '(805) 9516407', '(848) 4653992', '(415) 2391817', '(906) 4707883'),
    (59, 'eluna1m@sphinn.com', 6, 'Erinn Luna', '4514', '(631) 5125640', '(245) 7622513', '(838) 8026087', '(114) 5796183', '(262) 5232903', '(266) 4464445'),
    (60, 'gwarlock1n@gizmodo.com', 6, 'Gilburt Warlock', '6419', '(343) 2989592', '(311) 3300627', '(238) 9484899', '(309) 2271944', '(132) 8014435', '(184) 2568862');




-- Suppliers Data  
INSERT INTO fdl.t_sup (supid,code,sup_address,supName,web,country,email,tel,fax)VALUES
  (1	,'AIC-sup68-958','Accident &Health Insurance'           ,'6164 Graceland Court'  , 'http://sciencedirect.com'	, 'SN','bdemichetti0@umich.edu'     ,'324-317-7444','342-690-6342'),	
  (2	,'AIC-sup92-152','Advertising'	                        ,'160 Summerview Circle' , 'http://sciencedirect.com'	, 'BJ','gmartusewicz1@aboutads.info','529-173-2002','800-260-8994'),	
  (3	,'AIC-sup02-149','Aerospace'	                        ,'56949 Cherokee Court'  , 'http://www.google.com'	    , 'AR','anickoll2@nyu.edu'          ,'805-818-2864','833-256-3726'),	
  (4	,'AIC-sup80-992','Agricultural Chemicals'	            ,'8235 Portage Crossing' , 'http://www.google.com'	    , 'UG','mjohansen3@1und1.de'        ,'854-851-8287','428-842-8499'),	
  (5	,'AIC-sup42-406','Air Freight/Delivery Services'	    ,'842 Lyons Crossing'    , 'http://www.google.com'	    , 'BY','coakeby4@zdnet.com'         ,'433-567-6347','180-678-9394'),	
  (6	,'AIC-sup21-197','Apparel'	                            ,'39393 Hudson Hill'     , 'http://www.google.com'	    , 'LT','dravenscraft5@cbsnews.com'  ,'422-566-5884','417-864-4208'),	
  (7	,'AIC-sup22-384','Auto Manufacturing'	                ,'2406 Saint Paul Drive' , 'http://www.google.com'	    , 'ID','ckeyho6@hhs.gov'            ,'204-627-8633','303-772-7186'),	
  (8	,'AIC-sup60-457','Auto Parts:O.E.M.'	                ,'9 Fuller Alley'        , 'http://www.google.com'	    , 'JO','jwhittles7@blogs.com'       ,'325-701-6196','146-347-9700'),	
  (9	,'AIC-sup60-882','Automotive Aftermarket'	            ,'274 Packers Terrace'   , 'http://www.google.com'	    , 'US','eahmad8@wikimedia.org'      ,'523-882-6297','222-799-3084'),	
  (10	,'AIC-sup40-611','Beverages (Production/Distribution)'	,'7589 Meadow Ridge Way' , 'http://www.google.com'	    , 'HN','vsutherley9@hud.gov'        ,'158-480-0504','393-736-3633'),	
  (11	,'AIC-sup79-162','Biotechnology: Biological Products'   ,'464 Saint Paul Terrace', 'http://www.msn.com'	        , 'AX','xcreffielda@census.gov'     ,'241-753-9013','690-777-6029'),	
  (12	,'AIC-sup44-149','Biotechnology: Commercial Physical'   ,'0 School Circle'       , 'http://foxnews.com'	        , 'AF','egarvieb@goodreads.com'     ,'149-214-0770','533-931-4833'),	
  (13	,'AIC-sup78-260','Biotechnology: Electromedical & Elec' ,'69 Marcy Drive'        , 'http://zimbio.com'	        , 'NG','mwheelbandc@123-reg.co.uk'  ,'538-834-0184','396-177-0341'),	
  (14	,'AIC-sup34-148','Biotechnology: In Vitro & In Vivo '	,'8 Hovde Way'           , 'http://zimbio.com'	        , 'TJ','cpagdend@nytimes.com'       ,'399-361-6024','639-344-3209'),	
  (15	,'AIC-sup64-208','Biotechnology: Laboratory Ant'	    ,'90143 Kim Court'       , 'http://zimbio.com'	        , 'TW','sbelloche@a8.net'           ,'587-963-2767','985-442-2921');

insert into fdl.t_sup_contacts (id, email, supid, person, pobox, tel, mobile, whatsup, viber, mesngr, skype) values
    (1, 'rmorphey0@1688.com', 2, 'Roi Morphey', '20380', '(202) 7836526', '(907) 1569249', '(312) 5577050', '(125) 2644735', '(984) 1851696', '(280) 9238730'),
    (2, 'lpallasch1@dailymail.co.uk', 4, 'Lynnelle Pallasch', null, '(169) 9492879', '(656) 9084405', '(865) 6789403', '(868) 1268062', '(785) 9002032', '(576) 5680536'),
    (3, 'itoderbrugge2@blogger.com', 5, 'Illa Toderbrugge', null, '(255) 2577152', '(607) 2502002', '(868) 7264314', '(678) 8078952', '(792) 5939027', '(879) 6073391'),
    (4, 'jscholl3@geocities.jp', 13, 'Joannes Scholl', '79170-000', '(873) 3496703', '(259) 6563264', '(904) 2589078', '(156) 2446773', '(691) 1070457', '(773) 9787741'),
    (5, 'ccavanaugh4@about.me', 15, 'Carri Cavanaugh', '1312', '(415) 5917588', '(173) 5307953', '(595) 2622888', '(504) 7507840', '(180) 5293602', '(827) 5883786'),
    (6, 'hgreenman5@cyberchimps.com', 2, 'Hewie Greenman', '2732', '(119) 2279205', '(714) 8689095', '(680) 5656269', '(614) 8902791', '(719) 1491227', '(221) 6491817'),
    (7, 'amaccombe6@squarespace.com', 5, 'Arlin MacCombe', null, '(595) 9893812', '(458) 6221735', '(632) 5520990', '(275) 3571657', '(989) 4453798', '(560) 5739896'),
    (8, 'awayne7@slashdot.org', 13, 'Alexi Wayne', '05-122', '(293) 4328280', '(917) 5199760', '(210) 4931938', '(357) 1295864', '(417) 3377034', '(302) 8578946'),
    (9, 'skeward8@mail.ru', 13, 'Sal Keward', null, '(769) 3989412', '(331) 1461261', '(933) 8820286', '(353) 2983887', '(746) 1257720', '(113) 3205854'),
    (10, 'mskowcraft9@so-net.ne.jp', 6, 'Maurits Skowcraft', '11003', '(647) 7892402', '(566) 7180930', '(929) 2084165', '(113) 8085840', '(493) 5564256', '(101) 4918549'),
    (11, 'avossgena@lycos.com', 13, 'Alaine Vossgen', null, '(910) 3647821', '(159) 7435101', '(876) 5897399', '(325) 5622852', '(579) 8231388', '(214) 8675834'),
    (12, 'brizzardinib@bravesites.com', 5, 'Barbette Rizzardini', null, '(362) 8942451', '(575) 5127552', '(399) 4842377', '(203) 5076663', '(313) 6433039', '(179) 1962712'),
    (13, 'hmottc@wisc.edu', 10, 'Hermione Mott', '6342', '(951) 1874306', '(666) 7789389', '(825) 3826103', '(865) 2788013', '(462) 9477736', '(427) 3350237'),
    (14, 'dquarmbyd@springer.com', 5, 'Dorelle Quarmby', null, '(491) 9853016', '(607) 8086100', '(416) 9192472', '(901) 7647599', '(734) 4979515', '(699) 7724800'),
    (15, 'dlicencee@miibeian.gov.cn', 6, 'Derril Licence', null, '(286) 9884929', '(839) 9151985', '(368) 6065604', '(377) 1953527', '(210) 5135989', '(850) 7485047'),
    (16, 'talvesf@miitbeian.gov.cn', 1, 'Thor Alves', null, '(802) 7831241', '(671) 4904879', '(513) 7446147', '(969) 6128220', '(193) 2119415', '(631) 9593102'),
    (17, 'pvenmoreg@wired.com', 7, 'Phoebe Venmore', '752 42', '(447) 4412182', '(269) 1951851', '(225) 2498770', '(616) 9518692', '(797) 4552652', '(663) 4313981'),
    (18, 'meydenh@gravatar.com', 6, 'Merell Eyden', null, '(350) 9465286', '(437) 9398409', '(594) 3317241', '(858) 8255316', '(147) 5678337', '(832) 4814263'),
    (19, 'vemmeri@google.es', 11, 'Vita Emmer', null, '(586) 1903857', '(559) 3213211', '(860) 8887169', '(954) 8230945', '(909) 1636732', '(909) 4378815'),
    (20, 'ggallacherj@boston.com', 4, 'Geri Gallacher', '5292', '(176) 7147083', '(567) 1424030', '(504) 8403940', '(895) 5368161', '(801) 8634635', '(501) 3206881'),
    (21, 'ejeek@ehow.com', 2, 'Eric Jee', '87-148', '(121) 6242873', '(241) 1446293', '(309) 5684264', '(863) 1165896', '(646) 5096606', '(710) 5313817'),
    (22, 'hillingsworthl@slashdot.org', 6, 'Harald Illingsworth', '82-550', '(857) 3545147', '(603) 3164725', '(352) 5978928', '(359) 4361185', '(727) 7834842', '(137) 7556038'),
    (23, 'etatem@nsw.gov.au', 2, 'Elbertine Tate', '3500', '(296) 4147907', '(638) 1157899', '(892) 4893697', '(633) 3165338', '(232) 7148992', '(961) 2950549'),
    (24, 'bashbornn@bandcamp.com', 11, 'Brana Ashborn', '4615-424', '(313) 9700766', '(523) 3361760', '(101) 8500225', '(527) 2606876', '(698) 5029728', '(826) 2021549'),
    (25, 'cberefordo@state.tx.us', 11, 'Cordy Bereford', '57160', '(537) 6554994', '(893) 4611743', '(471) 4406232', '(394) 5996000', '(953) 6957634', '(641) 9917034'),
    (26, 'jstradlingp@ebay.com', 5, 'Janka Stradling', null, '(612) 8154798', '(710) 5229755', '(526) 4687026', '(866) 3376813', '(978) 3419722', '(614) 9306479'),
    (27, 'cheaslipq@about.me', 4, 'Claudell Heaslip', null, '(723) 6342471', '(335) 2443653', '(696) 1220825', '(591) 9921297', '(538) 7953785', '(192) 3669180'),
    (28, 'jtschersichr@artisteer.com', 11, 'Janine Tschersich', null, '(343) 7093768', '(828) 3552964', '(816) 7312512', '(343) 8086635', '(670) 5558430', '(869) 6380722'),
    (29, 'kporchers@epa.gov', 8, 'Karon Porcher', '53000-000', '(954) 8373838', '(457) 2770887', '(626) 6577069', '(313) 2582365', '(777) 8023736', '(765) 5610943'),
    (30, 'hforsydet@behance.net', 5, 'Hayley Forsyde', null, '(623) 5874921', '(215) 8536396', '(440) 7796064', '(817) 7037535', '(317) 6220995', '(696) 5398137'),
    (31, 'cpechanu@imdb.com', 6, 'Cristie Pechan', 'M4N', '(845) 3464005', '(203) 8710689', '(945) 3394361', '(251) 1635425', '(300) 5548600', '(682) 7218251'),
    (32, 'wemblemv@wp.com', 12, 'West Emblem', null, '(749) 7284074', '(122) 5183295', '(126) 6443793', '(147) 4396866', '(539) 5580148', '(100) 4548725'),
    (33, 'mskillenw@a8.net', 11, 'Morrie Skillen', '59640', '(540) 3058374', '(472) 9907917', '(573) 8532133', '(964) 1333708', '(137) 9984939', '(199) 7043322'),
    (34, 'hdaggerx@constantcontact.com', 6, 'Henry Dagger', '683 01', '(686) 2148977', '(613) 2461706', '(474) 6166252', '(389) 2527460', '(740) 7971881', '(497) 7385479'),
    (35, 'coleszcuky@google.fr', 1, 'Cammy Oleszcuk', null, '(627) 1966936', '(995) 3705636', '(394) 5300287', '(128) 5652588', '(107) 5584264', '(155) 3481640'),
    (36, 'mmerrellz@fda.gov', 14, 'Maryjo Merrell', null, '(768) 7056913', '(626) 1616576', '(874) 5817446', '(153) 5243232', '(401) 6236455', '(893) 7937900'),
    (37, 'lwasielewski10@uiuc.edu', 1, 'Lily Wasielewski', '22304 CEDEX', '(802) 3509712', '(898) 7464972', '(535) 7157492', '(874) 9185977', '(226) 8097784', '(919) 7363700'),
    (38, 'beldershaw11@printfriendly.com', 2, 'Britni Eldershaw', null, '(215) 9082882', '(838) 3829658', '(365) 2632666', '(274) 8355246', '(507) 3805977', '(939) 2680314'),
    (39, 'jjosefson12@ow.ly', 15, 'Juliette Josefson', null, '(545) 6676191', '(528) 6834376', '(539) 2650741', '(777) 2505196', '(515) 1368090', '(261) 1503734'),
    (40, 'vtown13@bluehost.com', 2, 'Valentina Town', '79304 CEDEX', '(561) 4755813', '(908) 2407968', '(407) 9987868', '(694) 3641260', '(124) 1483740', '(643) 6259580'),
    (41, 'jmcshirie14@youtube.com', 2, 'Jens McShirie', null, '(890) 2655254', '(987) 5739675', '(543) 8001298', '(175) 4627610', '(962) 4566266', '(406) 2366101'),
    (42, 'wranger15@wunderground.com', 11, 'Welch Ranger', null, '(805) 2795087', '(508) 6984182', '(618) 7749109', '(543) 9147095', '(390) 6825801', '(225) 9205194'),
    (43, 'gcurson16@mac.com', 9, 'Gael Curson', null, '(924) 9803962', '(325) 2140761', '(886) 2719535', '(602) 8301718', '(652) 6905494', '(424) 3957332'),
    (44, 'cdawid17@hubpages.com', 5, 'Cicely Dawid', null, '(854) 8576369', '(776) 1557280', '(564) 4321597', '(369) 3099508', '(796) 8142825', '(110) 1470386'),
    (45, 'lpawels18@tripadvisor.com', 10, 'Licha Pawels', 'MD-3352', '(643) 6535272', '(359) 2811514', '(949) 1088588', '(792) 9058101', '(618) 3923141', '(365) 4992403'),
    (46, 'edurno19@t.co', 12, 'Emanuele Durno', '80337', '(694) 1425846', '(336) 1590214', '(297) 8735771', '(236) 2659279', '(309) 3465370', '(312) 4425355'),
    (47, 'emollett1a@ox.ac.uk', 12, 'Eadith Mollett', null, '(616) 7643548', '(283) 8033495', '(139) 7648495', '(888) 5273968', '(927) 9426723', '(696) 1808506'),
    (48, 'jcohan1b@youtu.be', 6, 'Jackelyn Cohan', '62-056', '(293) 6428428', '(940) 8081054', '(299) 2837771', '(925) 6914739', '(224) 6036249', '(747) 4840487'),
    (49, 'kzohrer1c@privacy.gov.au', 15, 'Kimble Zohrer', null, '(466) 1980301', '(934) 2323276', '(822) 1499901', '(241) 2837145', '(861) 2983238', '(430) 4377274'),
    (50, 'cdennerley1d@uiuc.edu', 4, 'Catharina Dennerley', null, '(459) 6469406', '(515) 5440984', '(620) 4110709', '(562) 4463577', '(558) 1603424', '(404) 8003256'),
    (51, 'edeary1e@lulu.com', 8, 'Eziechiele Deary', null, '(315) 4920856', '(781) 9017132', '(722) 7784179', '(572) 3611077', '(563) 9374285', '(213) 1882646'),
    (52, 'gdye1f@yandex.ru', 3, 'Garrek Dye', '184256', '(302) 1450768', '(235) 6175282', '(170) 9901195', '(917) 8990059', '(168) 8379904', '(621) 8541032'),
    (53, 'bsipson1g@wikipedia.org', 14, 'Becky Sipson', '9004', '(577) 4880194', '(775) 3717259', '(165) 2627008', '(178) 4286750', '(529) 2933036', '(700) 9964691'),
    (54, 'gwisdom1h@gov.uk', 14, 'Gina Wisdom', '142817', '(407) 5866041', '(613) 2689363', '(686) 3199879', '(993) 4628948', '(264) 4640835', '(846) 7880627'),
    (55, 'avezey1i@bloglines.com', 3, 'Aubrey Vezey', '11001', '(988) 6937131', '(496) 5192941', '(222) 1616236', '(432) 2771426', '(775) 7908610', '(870) 2368725'),
    (56, 'mliptrod1j@addthis.com', 4, 'Michel Liptrod', null, '(531) 1436324', '(573) 3632417', '(461) 8837478', '(352) 4206698', '(986) 8364705', '(207) 1603118'),
    (57, 'vgoracci1k@w3.org', 3, 'Valaree Goracci', null, '(489) 6836103', '(419) 2295506', '(681) 4917315', '(874) 3152894', '(487) 4317867', '(457) 3887305'),
    (58, 'acaldera1l@chron.com', 9, 'Alric Caldera', null, '(934) 5303138', '(291) 3147163', '(349) 6421365', '(640) 3672018', '(778) 4822394', '(689) 1228029'),
    (59, 'lbryce1m@virginia.edu', 10, 'Latrina Bryce', null, '(490) 2967633', '(892) 3407232', '(319) 2558520', '(969) 7340797', '(824) 9913883', '(374) 1947899'),
    (60, 'gsandison1n@earthlink.net', 3, 'Gifford Sandison', '64-970', '(831) 6364950', '(295) 1931537', '(871) 9876265', '(669) 9587324', '(840) 9931786', '(506) 3868536');

-- Inspectores Data 
/* Data for the 't_insp' table  (Records 1 - 20) */
INSERT INTO fdl.t_insp (inspid, insp_type, first_name,mid_name,last_name, passport, idcard, country, depid, qualiid, fld_exp, insp_exp, contid, mobile, email, fax, phone, donor, graddate, crdate, isactive, inspphoto, loginname, loginpassword, issuing_certi ) VALUES

  (1, 'P', 'Windham',    'Lindermann','Gilhooley', '017163143-9', '832510772-3', 'HN', 'PD', 72, 30, 127, '533871020-X', '465-182-2949', 'wgilhooley0@narod.ru', '237-698-1207', '156-431-2725', 'Accounting', '1956-03-23', '2018-12-12', 'Y', 0xFFD8FFE000104A46494600010100000100010000FFDB008400090607121012151210121516151615151515161515150F1515151515171615151515181D2820181A251B151521312125292B2E2E2E171F3338332C37282D2E2B010A0A0A0E0D0E1A10101A2D251F1F2D2D2D2D2D2D2D2D2D2D2D2B2D2D2D2D2D2D2D2D2D2D2D2B2D2D2D2D2D2D2D2D2D2D2D2D2D2D2D2D2D2D2D2D2D2D2D2D2D2DFFC000110800E300DF03012200021101031101FFC4001C0000000701010000000000000000000000000102030405070608FFC400441000020102030406060608050501000000010200031104122105314151061322617181073291A1B1C14252628292D123243372A2B2B3F0143553C2E163737483A325FFC4001A010002030101000000000000000000000000010203040506FFC4002B11000202020102040602030000000000000001021103213112410405135132617181B1C122A13352F0FFDA000C03010002110311003F00BC558E058B548B0B341986C2C5858E058A09001B0B0C2C742432B018DE58768DD5623746C318AC2891687A468298A14CC2C742EE211610BAA3226331894B426EDF55753E7C048B95720937C12CB8892F39EC5EDA620E4CABFF00D0FB87CA7378EDBD891BAAB790CBF032A79D762E582468A1E0CD332A1B7B1848B57551C9DC5CF911F9CBEC2F486BADBAC08DDFC0F83010F5D03C0CEC2F04AFD9DB6A955B0F558E966E7DC64FA55D4DF9A9198771DC7C258A6995B8340B41964A0B064922244290BAB9332C1960042EAE175526158456004234A11A32695892B00209A1126849C5624AC005058B0B1D0914164C88D058A0B1D0B1416218D8587923A16185800C1A4218A22480B0F2C403029C1923F96546DAC6E50510EA7463CB98F66FF10246725156C9462E4E90CED5DA39410A6C05F33F2B6F0BF9CE49B1749EFF00A41AF01624F1DC2E7CCC9FB6F0BD628A20F66C0B5B8DAC6DF9C6309B0E9A8F56619C9CDDB3A38F1A8AD1555769A268AA4F80617F3DD22338ABDAB15EF36B7B4913AA1B390708C56D94A7848D13A39318602FFA4F62163EF319434D4902AB7DA052CA477D8900F7913A7C4EC856001129F1DB00368340370DD24271185A817F6750107E8BDC7906DD2DB0BB65C119AF7D55AFA92A7BF88045EF394AFB15A9EEF1D22293B53B024E96363ECD3DBEE815B81B6ECAC50AB4D4F1B0BC9D96719D0BC782A3B4A34B6A40DDA923B812A3CE76B49830B8D4703CE6C84AD18A71A6272C22B1FC90C51326408D9616593061E2861E0040C90BAB96430F0FA9805157D4C1D44B334A11A7158E88416282C5810ED2C20242C5058A0218110090228086045010189B43B455A1911015FB4F19D52DF7B1D147C49F09CA547355C8E037F324EBF1B7B249E9162D9AA90381CAA39587C6E6F17B36858733C663CB2EA97D0DD860A2BEA2970FC4EFFEC7CA39D5C97D5E910C25746A8917AB892924131B61026457A2246AB425818CD4801535B0C254ED4D921D0DB78DDE33A0AB21E23740AE68E4F62E20D37CAC4817B1D48DDC09F94DAB61A834D752741BC5BC0DC12374C6F6C618AD6CCBB986BE3BA6A7E8EF179E81A6C4DE991BF7D88B896E27BA32668E8E9D68C58A71604333419E8465859621B12837911186C6A54F5581F3BC0078AC2C9054AA077CACA5B68759D5D452B7F549D0373B189B1162521148F0D602B18E8AB0B0F2C585876961508B430B1768768008B450115687688626D018B0247DA35FABA6CDC6D65E3DA3A0F8FBA26E86959C691D6556246A4B5BBB51BFBEC6F266CEDF69170096373CF8FB7E27DD26ECC4BB31E009F6CC66F44D2B68D30926AA9B48756BE5DC0C4CBA2C4158CB18DB6D0D6C548F1168A150377444D483319A8B1751C0DE620D55B6F812B444A8B20E225A30BEE9598B5B40AE4CA9DAAA1AC379E5CFBA5A6C1DBED834A9502E71D5061C0E8750797B384A1C65425EC3CA5CF46688AB5595BD5B6BC8F13EF124AECCD938668BB0B1F88AB456A54A414B0072DF35AFADBC77481D2AE958C2A5997B66E146A012399E5259DAE94D72A9D04C93A65B49B1388663B93B2BF127CCC9E7C9E9C3E66294A911EAED8C45466352BB9CDBC02557C028DC24DE84ED3184ADABE5A6DA3F05E3958F2F1EF9CDB0B0D21507B198F16FF95EC8A67A3B67E2E95501A9B06046F04303E044A9E9AE133502EBEB276D48DF75D7E17993F42F6F360EB817B527203AF007838E4784D8711B416A533A8371372975C5A2C5B427A25B506228837D771F11BE5EDA65DD06DA428622A513A026EBE46DF0B7B268A3682F3862975453638BD0D0870C08604D2561082D16045048806C08A0B2650C1969614706AB139244945B2AE96159B847AB6CD191B3EEB127C84B602D21ED92450AB6FF004DBE12B73271C76E8CC718E4561D82C848208708A0E60BA100DEC011979EF92BA4C451C1566A01E9BE6A766B9BD99ECC07CED1CA5870A8BA6EEDF966BFC23D81C2E541A6BA9DD6DE79CAA323564C752A4CA252AA8A182B76412D519EB31D35273B1B1EE12A3696D05A20D45C3A8008D485A77046F038EE3A778E73ACC45207802473906BEBA11E3A1B45D48B56375A397A5B41AB8EB0D3EC962BA12BAEFD0836E326512C158D377537CA3312EB76048395AFBADC24BAB82CC40502D7E5603BE48A385ED283F4096F3200F97BE1D483A1E8AEC53D6424D6A8B94D2EC85403F480A6762589BF673903FE2407DA2A08350B116E7B873DE05FBAD2DB6F0ECAB0362AE846EE1A1DFC2C4895D4F041B520768656D48CC0FB34EE1052D0E50D8DE1F6860DF4520B7271F02C233B46AA2296CA001C4696F6476A6C5A0A1822017DFA96DDE24C8F4F6696434C926E0817234E5F0DF04F642517D3C1130F4EF8AC84B64FF0ED5B2B1CC508DDADEF6F33BE76BD00D8C6AD9CDEEC0E61C08201B771D6725B7403883557B219594016516BAA8B05E62E6C3999A2FA28AAE1990FA9D5061E28C1411CB463256ACA1C5B8B2E6A745C58F64F9198E7497679A388A887835C781D44F494C7FD2AECA29885AA17B2EB96FF00696E403F74FF000994F8CB963BF63164874ECCDCD1B8910AD8CB8A896D240C5D3B6B3361F84488E77CED7A2788AB55480CC72F2ED5870D271F96E44D3FD0C6CECCD5EA1F5432279AA966FE64F6CD586553434F644C5F47AAFED501B8ED06041F312450A78A640C0B58FD91F94D3AB6CB0818D317046AA777946762E094D3D56DDA3A1E136271BBA2552E08C0452ACBAFF029CA2A9E11470875A25D0CADA1832D2C68E155648021C839364D4120010410A449871AC4520EACA773020F988E410033F6F5C203A28371C180197E3272A8B5B90912AD10B50BDFE938B72D48F9C90A4D8F9FFC4AA26BC9D995B8AA7DD2B6B5332DF16F28B1B8C0BA0DE645E8BA0F4282F323E31FA2A00D048587461DA3A9DF63BA3F431757311555321175652435F932117F30624393216D8A5997491F0172B71ECE5FF3236DBDB62D969ADD8922D71E64F21FDEB11B26ABB024DAFC2DC40E3AF383409DB2D5934DD215551C449E2A822F2BB16D730412AA19AF83151A91B7AA59BC000BA7B4CD07D1DD025EA5402CA13279B366D3F0FC2719832330BF1FCC4D53A27860986A66DAD41D61FBFA8FE1CB2C4B66593A87D4B8951D27D8CB8BA2D4DB7EF046F046E23BC1F9CB88259CF26692B546174FA13897AAC8C0285D73EF0DCB28DFE37DD398DB5B39E8547A553D6436F1E208F233D2BD40BDEC2F337F499D136A9FAC51176504328FA6835D3ED0D7C41F094FA118C7F8F266707146494D26FBE8CF660A182A7CDC673E2DA9F90F2989ECEC0B55AA94A98BB390079F13DC35BF84F456C3C18A141298DCAA00F0000F945856DB1E2DC89D1069F11A4720979A1AB0E082080C104104001041040010410400E776B6C6776FD181958DC9B8192FEB1238F122DCEDDF2A8E80DE76F389C5B6ADE27E322D772D8C9BD32AF146E18F7FC84A1A68B9B31D4DFD93A0716BDE53B61D59B29171BC8DF2A6685C5124D33DDE72BF69DCAD8117D2DADFD969268EC6A6BEA961C6D98B0EFB5F51E17B4ADDA1429A9B758472DC7FDB1F24A3145662367E82C35DE79937EFF84713B16E118C460148ECD527BFB37FE588C2EC96BDDABD42390205F96BF95A0C6D570590A9BBBE4763AC9985A20768F006D790DDAEDE7A48AE4849D22CB67E19AA9C89EB310A3C49E7C3BFB84D970748222AAEE550A3C14587C2707D0CD92B95710C4DEEE1574CBA1CB9B75C9F586F9DE619B49A1469598E53B6A3EC3D0E0104041188A94C3020C511008C899CEC5E8D64DA956A05B2000ADB766A9EB81CAD95BF109A408814802481A9DE78C5C549704610E904104060580821410015044C10015044C100150A082000BCE2F6B264A8EBC9891E0751F19DA4E6BA57475571C4107EEEA3E2444F82517B39BAE644EAE3B51E212ADA5468B144E920626883B84955EB0FEFE32056C55A2A2D8C93231C328DF1AC40CA22F178B03FBBCA6C66D11B81F742AC2524892F588D04452363E02F21D0C4697326E0543BA236E6740D6DF62C011EC32515B289CB46ADB0E99A786A28778A684FEF30CE7DED2FB06DA4ACABA1F6FC774B0C09D26C946A273A32B64DBC588D432D29A2E4C5930095D53106F26516B88DC684A76C74C389261C8930E030A030182091E8E2018E978DA22A498A821030E224082091EB622C6D1A5626E893782354EADE0AB54282CC400352490001DE4E8220B062F14B491AA39B2A29663C9545C9F74CF3A358DA9B46962B14F7BBD7CB494EF4A74A9AF6072F5C9F12643F48BD304AD45E861DB325ECEE0E8E41072AF351C4EE245B842F4438807075138AD7727EF2211F09A7D1AC76FBFE0ABD4FE5AEC2EAB76AC77F0EFF000EFEE8D309D56D6D90B58122C1BDC4F7DB71EF9CB6215A9B64AA2CDC0EECC3BF85FBF71EE3314A2E3C9BA32535A2162BC65457A67EB7C47CE5CD6A5790AAE162B1A45257563BCC8AF86FECCB4AB4AC63269DE160D15F94DEC25EF47100ACAF52E5299152A10331088431D38EEDD13B37653566B2E9F59CEA13F36E4275787C0A51A65106854824EACC4A91763C4C94236573928FD4ECEA65601908656019586A19585D483C45AD2660666DE8836E75D8238676BBE18E5009D7A96D50F803997C8739A3606A8DD7D66B95F49CFD2913AF09CE90AF1BAAFA4A516B641A9EB49946A58482EDAC783692E92D15458FBE2B58F52C4032A2A98D7F890BBCC7E95AD0FD5A67480C12AF07B473E88099372B1DE6DE12871AE4BE33B5A2B28B5A3C6AC86F5822E672157EB3108BED3A4A0DA3D3BC051DF5BAC3CA8A9ABE59B45F7CBFA5B7A284F476342BF09283899262BD2C5317EA70AC791AB5553F85037C655E2BD2B62DBF669469FDD6A9FCC7E507E1E4C947251B7969CAEDEE9860B0A4F5958330FA14BF4CFE1A683CC898AED6E96E2F13A56C45461F573644FC09653E60CA1AD5EF2C87874B9612C8DF6350DA5E969B5185C3AAF26AADD6378945B0F799C6EDCE95E2B1C7F58AA4A8DC8BD8A63BF20D09EF372385A736CD154DA5B18C53D223BA2CEAE2BB016F3AFF0044DB4023D6A678946F2375BFB84E019E5CF4231669E3697D5A99A91FBC2E87F1AA0F38F2EE21054CF4129B8D242DA1834AAB95D6E3D841E60F08AD9D52EA23F544C2F65B1D3387DA1B3AA61C937CF4F4B13BD7B9B978EEF0DD20D67246E9DB6D1AA94D0B557554DC4B900786BBFC267D8EDA98457B51AC6D7DC52A851DEAE52C57F3D2F334E35C1BF0B964EDFD0CD5424EE93F64EC56ADDA636A7CC6F6B1F557E6616CFAF84376AD89A640D4A292741C5D80F709D7607114AAADE83A3A803F6643050340081EA8F211C217C91CB371D213470AA8A15000A3701EFF0012789E323ED2A81109E409F609676945D2017A6FCB237F2997A323314D8DB4EAE1EA8AB45D91F50194F03BC107460791B89D7EC8F4998BA0E59D69D5BDB437A56B72CBA7BA700877780F8470B4D6E29F250CDE3637A5CC1D6D2BA54A0799FD3523F793B43CD6DDF3B4C36369D74CF45D6A21FA48C1C7B8E93CA88F632C305B42A516CF4AA3D36FAD4DDA937B548323E8AEC26CF4A3B807531BA9B4146ED662785E9FE357D7A8B547FD54527F1258FB674DB2FD29535D2B60C8FB545C31FC152DFCD25E990499DF3B55A9B8651DFA425C028D589632A701D38C057B65C40427E8D50689BF2B9EC9F2265EAB865CCA432FD652197F10D23B6B5C106BDCB0D9B542E80012D03CA0A06496C501BCDA679E3B7A2FC79291E6AC76D4A959B3D5A8F51B9BB173ED3BBC0488D58991EF05E6DB2343BD642CF1BBC178AC74399A366A8075F2E5E70AF08880C5B9861A308A4680E9CBF28E81FDFE5120177BC5D1AA51838DEA430E1AA9047BE3778018C47A3F62E20544575DCEAAC3C18023E30B1BB505CA51B161A339D5148DEAA3E9BF75EC38F29C3F42B6954A980A74D491933D26606CC555BB0011EA8EAD945C6BE12EF0F87B0006806800D001C809CF969D1A546F6701D29A38AA78C2D8AA8D543DFA9A87450BF51546884680A8EF3ADE416A77DD34BDA9B356BD334EA1363622DBD587AACBDE3DFBA67F88C3B50AAD46A7ACBBCEE0CA45D5C771163DDBB84C99635B3D1796F88538FA7DD7E0A9DA000A46FE57D646D9784C5BB8A9864AB9C7AAF48325ADA7ED0580F6CB37B54AB4514839ABD306C41FA4394D56B52662731275DD7247BE3C71B443CC3C4FA72514AECACD83B5F148A17680A64FD7A66F517BEAA28CA46FD5751CADA89FB79C0A155AFA754EC08D410509041E23918A383D34951D24464C0E246E1D4D423858904903903AF9F8CD31F63852DBB31855D00E4221B48EC222741A328D831D478DE4E510A09F091E00979A1868D887262A1E5A864BD9FB4EAD06CF42A3D361C69B1A77F103461DC6E2575E1DE02A349D93E942B2AE5C4535A8770A8BFA361FBCA05987858C87B57A5D5EB3675721470A4EC00EF6D035FC44E083452D520DC120F30483ED12A9E3EA549D0D2A1BBC1788061832D18BBC113782F00157841EE22612EFF18980E2C38224462170E26F00300341F4558BD6BD13C92A8D7EE369F83DB34555BCC67A058CEAB1F47954CD45BC1D7B3FC6A936743698B3AA99A71BD07944E43A6CAAD5D2CAA48A43331198F68DD45BC2E7EF4ECF43334C7634D5A8F50FD262C3C3728F2500794CB9654A8EAF95E2EACAE5FEABF3FF00339FAAE29E2A8B9FA35A99BEEB00C2FAF85E6C6DEB198AED9D4DE68BD03DBA71547ABA86F56885524EF64DC8E799D329F01CE4713EC5DE6985DA9A3A951287A743F50C47FDA3F29D009CEF4F9AD80C47EE28FC55117E734479471998AC4C36899D1320702CE93A09B169E2EB3F5C2E94D558ADEC199DB2AE623E88B1279E9CE74DB2B0D86DA1D7527C00C38A4DD50A832860F98A9519546565B0256EC2C753BAF833F8F862938D37D356F5ABE3BDBFB17C30392BBE4CD8C178866D386BCB7797743066E291705E26F137800ABC0CD137887689B041A98B063348E91C104C18ABC17893008C05426F843857800E668422299E11500150031305E003D42B9A6CB505EE8CAE2DF6486F94DFE9D70C81D750C030F06008F8CF3E09B1741717D6ECFA37DF4C3523FF00A9885FE0C933F885A4CB713EC7458B6CB49CF2473EC5332BEB05BCA6A1B45AF45EDFE9BFF2999393A09CECDD8F43E51F0CFEDFB22E375963D01C4F558DA638540F48F830CC3F895656D7D63583C4753569D4FA8EAC7C158132B8BA37F88875C24BDD1B929D2733E91FFCBEB78D1FEBD39D283BFCE733E923FCBEB78D1FEBD39BA1F123C9BE0C69A261B989066F331A1741B641C3AFF8CAB55551E9359415CA10904B546DC2D946835BEFE52E3A4F5EAD5C133E12A5C320625412CD40839F21E079E9BAF32D18CA9D57539CF579FACC83405C802E79FAA3E31D3B5AB75230FD6114816394697CD6BAB11A95D2F9775C99C7CBE5B3C9E2167724DA6A956BA576F9BF99AE39D461D2976FEC84E77400C431D4C30675ACCA2E24980988260D80ABC66B345668D54D7491932496C7281D23E246C39D23F7928BD1197202600622F140C2C05030C445E2818C017B4546CC5068580BBC00C45E0BC007019A4FA29C5DE9D7A24FAACAE07738CA7DE9EF133406759E8D719931AA97D2AD3A89F79475ABFD323CE432AB8128726AADAD261F6587B8899216B81E026AF59F292383027DD69928D001DD3979BB1E87CA5EA7F6FD88A919A8B78EB18D3CA51D666C7B0F13D661E8B9DED46993FBD91437BC1951E920FF00F9F5BF7A8FF5A9C73A1757360A97D92E9E41CFE6246F49B540D9EDF6AAD05FE22FFEC9BB16DA3C8E65D33947D9B31C6308184C60BCDD664A15782F13784E748580906281882605323631DBC6DCC3BC6DCC1B040BC429ED419A2299D641BD93485D13241DD041271E084F91022C41046008620823100C48E3041001420820800625B7459C8C66188363D727C6DF330410970C71E51B657DEBF78795A6475779F18209CACFD8EEF94F33FB7EC68C6DB7C282507699A2FA3D3FAA3775536F3552644F4A87F52A7FF934FF00A35E1413761EC795F19FE69FD59939DF0E0826E310222A6E85044C10461AC1048F71871A78208982E46D8C21BA08257DCB0FFFD9, 'hk', '202cb962ac59075b964b07152d234b70', '0'),
  (2, 'P', 'Fritz',      'Casellas',  'Lassen', '787159786-8', '184826138-1', 'UG', 'MT', 93, 23, 42, '825941102-4', '667-759-6649', 'flassen1@cbslocal.com', '817-110-5527', '277-568-6734', 'Marketing', '1985-06-23', '2019-02-24', 'Y', 0xFFD8FFE000104A46494600010100000100010000FFDB00840009060713131115131313151615171517151818181215151517171516161717181615181D2820181A251B161521312127292B2E2E2E171F3338332D37282D2E2B010A0A0A0E0D0E1A10101A2D1F1F262F2B2E2D2D2D2D2D2B2D2D2D2D2D2D2D2D2D2D2D2D2D2D2D2D2D2D2D2D2D2D2D2D2D2D2D2D2D2D2D2D2D2D2D2D2D2D2D2D2DFFC000110800D700DC03012200021101031101FFC4001C0001000202030100000000000000000000000506040702030801FFC4003F10000103020403070105060504030000000100020304110512213106415107132261718191A1324252B1C1142362D1E1F07292A2C2F1156382B2334353FFC400190101000301010000000000000000000000000102030405FFC400221101000202030100020301000000000000000102112103123141325113226104FFDA000C03010002110311003F00DE288880888808888088880888808A0F1CE2164376B7C4F162E03EE8BE97F33D156B12E387D88CA183A071CDE97E5ECAB37885E29695EE5AA63742E00ED6BEBF0A12BB8A638EAA18091694B9B7BEC40D2DD75202D5B897184B72E05AD3620587D9077B79AA55563524B3C6F0F39A322C6FAEA6E48279955EF32B7488F5EA845A5CF6E61961FB2BC868B12E780E2EF41A7AAB170BF6C14755208A56494CE77D93258C6EF2CE3EC9F5D3CD5F2CFACB6322C538943A0EF63D76FDE375F4D56529408888088880888808888088880888808888088880BE5D7D51B8DCA238DD21764B6E797912A2670988CB962F88C70B417B83413A93D152B8A78FD9DDDA076E7ED1FE4A95C73C47254866621CD69F096DC024EC55770BB6AF76A41F003B0F3B7AACA6D96F1488595F8B3C375B992476626DA0E40BBD145555612096826D7009FAB8AC48AA8C99BBC91CE1BEBA0001F2592FA81230C63C200D01161EA4F9AAE16CAA789622E77849F8FD4AC3C35C5D3306C091AFEB7F65C31363C38B5CDD8FB7CA61EEB1B0B66D9BF8413A663D4D96B8D31CED374143DF48F3616009DB4D2F6562C2B0E6E52E9068DD05F99FF951F1D218626E475EFB9EBD57366204B4B5A76B11EDCD52672D6230B5615C44EA599B9226484E995C75EA434F55B5387788595208CA6390004B1DBD8F31D42F36BF12CF2B8DEF6B01D2FF00DF35B67B33ADFDA99DDBECD745631C8DD1F716F09F6DFA82AD5D32B6F6DA88BE05F568CC444404444044440444404444044440444405A8BB50E2073E4EE413DD37703EF1FC47D3905B1F887166C31917F138683F5F21E6B4DF10BC3DCF738DB4D4FADAD6F659DE7E36E2AFD54F15ABCCD0233B000DBCB9D8ECA5F86B019AA0021A72EC0A96E0CE0613BBBD92FDD5FC239BB5D4DFA2DBB4942D8981AC686802C0058CDBE43A3AC46E5ACE2E0073412773B8E5E7A28EC43017B038107C8DBEA16DD73B5589571070D4055ED30BF489689C5281E632C0D0DEA4DCDC75BEEAB068DD0BC3AF7B6BB1B7C2DF388D0308232AA762FC2EC7750AF5E5FDA97E0FB0A4D3632D20F78093B017D3FA058355504660C3773B7B6C0740A4B12E17736F94DC2AE54C3246EB381FE6B58989F1CF68B47AEA92A0B6CD1A5B7F5576EC9ABDF1E22C6871B49669F1587BAA649178B41726C7E8A630A6B9B24443C30878F1F36BBEE91EFF002A6D3A56B199C3D7417D58B85D419218E470B17C6D71036B96826CB295D9888880888808888088880888808888088882B3C714E3B874A6DE11B1F3D34FE4B52D3D31A899B1EED26D6F70AE5DA857CCD93B969191ED06E46AD769F64A8AE06A7FDEB5CE209FCEDE6B9F93D75F146A32D9984D0363635A0580000F659EF6242745C6472988888656B4DAC8DAA658AC39DDA2CFAC0A2EA4E8B1B7AEEE3DC226A5454E06BD54B550BA83AE160A8D708AACB5D46566131CA350B3E65F600AF0CAF0A362F8388BC5C86E3CBCAEB02199AF99A1A0E5FBA0F3239F92D81C49850752B9E47D907EA3FA2A2E0144D04386A6E6FD1A07EA56F59D6DC778C5B4F4DF035777D87D3BCEF9329F5612CFF6A9D552ECAE07330C8438DC9323BD2EF71B2B6AD6BE30B7B22222940888808888088880888808888088BE3CE86C2E506B2ED1EA63FDA723B47060B13B59DD3E140F07CEF154C66ED24DBEB6BAEBED4277CF3B4963A3B3729041D483CBAA8CECC6126B59A9D0B89BF3B02B0BFD75F1EB0DEB13B458AFC5611A778DF951D896692EDCC5ACEA0DAE555B13C1CDB4948F61BAAF6C2D1C533B5CDF8844FD9ED3E8E0A3EAC83B2D653E10EEF01EFC8B746DAFEB6574C029DF92D9B35952D312DAB5B563C671B00ABF8A39B627301EEBEF1162BDD5C1D16B4C4EB1D33886BEE3A724AD725B926BE2DAFA88B6CED27D57750D8B858820F42A891F0ACA7C45C1BF2A4707C32789E0B24D6FEC7D42D3AC7C96537B7D85FF008B408E8EDA58EEB5AF0FCAD7499366876A3607CAFD15C78F657BB0F6923C41C33791B6AA85814C1B671FF8578F185BD7A33B3B6DA85A3F8E43F2F2559954BB3080B681849BE67177CFFC2B6AD23C633E8888A5022220222202222022220222202222082E2DC2E2969E473980B9AD241B6BF2B5CF01501657B85C10C63869B026CB6ED5C7998E1D42A0708E1FDDD4D4388209B6FE6E274F25872EA5D9C1BA4FF8B2E214AE736CCDCF355CAFE1E97BB7DE405D6F0EA753CF33B90FF080AE7C9475653E616B9F659E31B694BCCC7596A3A0C125603DFC81D293A58F846BB5ED7B596CFE16A1C8C06F9891AF317F22B8C5C3CC26EED7D55829A16B0000580D9445666732B72F2562BD6AD43DAB40E2C739BB8B5FD2F62A89C2D419DFA916B1B11627372D1DA00B6BF12B0199CC76C584596B5C1E9477AE68D838DBE55EB3FD517AE6EEE9E9AB448E37688EE32B73026D6D75681F9292A3A892370EF227069B58E87F2DC29DA6C38903C47E5761A2F10B924A8ECB7F1623D65E2F8709E89E06B76E6B7F8755AB6830F66471CCE0E1ADB91037F3BADE983C00C4479596A3AEA6EEE6C87EF976DF84DC05789C30E9DAD886E0ECAE091B40C739C0B1F99ED1CDB775ADE9A5D5C945F0C51F73474F15AD9616023A1CA2FF005BA945B57C735F1DA70222295044440444404444044440444404444051B885300E6C8058FD977983B5FDFF003524B1B116DE37790BFC6AAB78CC2FC76C5A1D2DD9717B06EBAA9E4D171AA9745CF9D3A62B3DB0E0E92E6C3DD6607E9E8A3A9C7E775115D88D6B653A4261BF5707DBADF6BA44EB2D678BB6A3E21F8B59E3CFD496AD7B4B4CEA7797BB56176FD2E74BA9EE24E21731CED33B812E6B40275FE2F2548AAE21A89E3746F70B38DDDE00DD8DC00A6B5CC26F68896D0C3EA5AE6DC159109BBACA81C378BD86571D55E387A6CF2FF7C953AE2569E4CD574A48F2447D09FA2A8D370C89AAE22E6973AE4B9D7F0B216F2B7E271B81EA4F256F8BF7A1AD06D9F4BDAFB027F45394746D8C59A3A5C9DCDB6BADA2B9727F2F4CFEE590888B673088880888808888088880888808888088880B8C8CB823A823E572441014AED2DD34F8D174E213585EDA24C724CF69B6F71FF96A3F55818C46650D6E62DD75B7F35C36D69E8D77397543891C9A0BEB65158AD5B8F3D36DECA729387D8D6EAF935FFB86DF0BAAAF068ADF65A7D492AD11A6D5EB96B69A918E9BBC74A06E08F550B598646E7BB23C1D7D09F6576C4B0B803BFF008DB71EAA1FFE930B9D60D0DFCECAF539694C69539E9446E073B6FB1008BDBD06CADBC2750E6D3BE524E8C7DBAD8683F350D5B84451CB763406DADEA79956AC2A16BA06B7419881E8D06E7D94CB957EE1304F740FDD8AE7D4803FDCAD8A0384E1F03A4FC4728F46FF0053F453EB5A78E5E49FEC2222BA82222022220222202222022220222202222022220AC714C073778DDC36C7D3AFB1FCD4453D4E66589D6F7D3A2B25787778ECDB5865F4E63E55431580C12078FB04EBE5E5E8B8797F297A5C5F8C26D957CBCBAA8FAF9DC41B0257D8EA5A329E47F55D95D5AD6B34B5EC9595DAE7886699AEBD9CB168E470D493753B8BD50703988FEF9AAF3EA40D02D32A5A192E8C3DC2E79EC14F520D4068F21E837F9507402C343A9FD77566C24B411AEDB9FEF6464D9F82D308E9E360E4C07D49D49F92566A8DE1CACEFA9A378E6DB0F404807E002A4974C78E39F4444528111101111011110111101111011110111101748AA6190C60DDE1B988E809B0BF4BEBF0B1B1BC5194D0BA57F21A0FC4E3F65A3DD57BB370F9229AAA4377CF2937FE1678401E57CC827F156EC796D7FC9416211666904037EAAD92301041D8A81ACA62C758EC763D7CBD5737353EBB7FE7E4898EB2A5CCC7C42C417345EC7CBA2AE6358DE5D8FF007CEEB68F700E8468ABD8F6030BC1F081ECB18D379CFC6A793102E274D35B74F45F298176A49F4F35338AF0E86DC827E5562A3332E01D56D139616898F5312E28D8B407C47737D0293E1E7BEACF751DDB0FFF0074A742473633A5FAAABE19803A5B3E4B8613A7E277A7979ABBD1B1CD608D804718E43F371FD1695AC31BDE7C5D29B8C22A5731A5A053992380BAF611E60431DFE1CC003D2F7E4B602D19C534AD7E15505BF75AC7FBB5EDFEAAF1D9A71A32A608A099E05435800B9B77A00D083CDD6DC6FCD6AC17B4444044440444404444044440444404589886250C0DCD348C8DBD5CE03E3AAA3635DABC0CBB69A374C7F13BC11FD7C4EF841B115778838C29E99A6CE1249C98D20EBFC4766FE6B50E27C5F5D58ECAE94B5A74C91F81B6F3B6AEF72BACC003400AD109C32B19C7A7AB94BE5768D04B58346374E4399F35B7B81E20DC3E980E7134FBBB53F52B49B59A1F42B6EF66359DE61D08E6CBC67FF13A7D2CA245AD75CF087B4B5C2E0AE6E7002E4803CF45018CF1AD052E9354C6D36BD81CCEB7A36EA0874E20C742E01DAB4E8D779F4779FE6B02A5E4851B8AF6AF425843629A6691FF00E61ADF971DBD96761ADEFE2EF5B76308B80FD4EBAD811BAC2FC38DC3AE9CF98C595AC56226E02C6C338283BF7D38B47BB5A742FF00E4DFCD67E218CF772658216CAE07EDCA6D183E401D7DD63633DA23A103F69640F7726C6F766F8D6CA78F8E7D9472F2FCABBEA60B9B319E434B003A0E8170FF00A5BAD779B0E83FBD54561DDAB4321CADA296FCC87B081EE6CA6CF1453CA434E68C9DB30D3E468B5C3991FC585B0E13544FDF6860F573800B59D2CF68D841208B58836208D883C8AB776C55F68A0A707424C87DB40B5FC537EEC29855B3306ED96A69DAD65444DA86B742E0EC92DB912756B8FB05B0B00ED530DA9B0EFBB979FBB30EEFFD7F63EABCD134AB180E483DAB1BC3802D2083A820DC1F42B92F1FE07C4957486F4F51247ADEC1DE03EAC3769F70B63605DB854B2CDA9863945AD9984C4FF53BB4FB00837D22A3E0DDAB61B3D83A530B8E9699B947F9C5DBF255CE96A592343E37B5ED3B39AE0E69F421076A222022220A362FDA95145711679DDFC032B3FCEEFD01546C63B4BAE9EE22CB037F80667FF9CEDEC156DB48176470595B0962CCD92476795EE7BBAB9C5C7EABE3A3527DD2E97C5AA0E784C56F17B0526E6E8B0690EB6E5B29270D148C491BA1F453FD93E2D308AA218836E1C1C0BAF61A1160399D157AB25CAD3CC9D82EFECB6ABBB9DED27573FF00DA4AAD930BEBF06A9A863DD34AE36D40BD86FB01B2E355C070CAD31C8DB82058FDE6DFA1FD15D201FBA3E60FD5773B669F4515D1979FB887802AA8AE6306680736FDA60FE2674F31A282971EAB644228EA1ED885ECD076BEA45D7A5F13A5CEC7B760F63984F4CCD201FAAF2D56479416F4245FADB4561175B58F3AB9EE24F5715182EE701D4AECAD7EB659582D2173AFE76416EE19A306CC60D06EE3B93D6CAED4780B5C2E45F5B2C6E12C3C0034575C229F423CD448D35DA64569C34924C6CCBED7B854F6BF4572ED3A407109C0FBAE0DF86805521EA157C7B97CBAE2B996E883985F57088AED406B8A90C2B199A9DD9A196489DD58F2DBFA81A1F751F65F148DB5C39DB3D4C766D546D9DBF89B68E4F5D3C2EF81EAB6770EF68541584359306487411CA3BB792790BF85C7C812BCB01CB977AA07B3D179AB827B48AAA4918659649A0B86BE37B8BC86ED78CBB50474BD8EDE63D271481CD0E06E08041EA0EA1079F846B9645F0BC2FA1EAE90B5702375CEE3FBB2C69DC83EC1669520E945AE7FAAAD4AF901F0588DF2FF0022A529A4394176F6DB9040A926C49DCFD0740A3B04A8EE6B18EEA47F252336AA12BBC3231DE6A27C4C3D1F87CF9E027C948B3560F4555E0DABCF48DF30159691FA595097744EB8B15E53C6CD9D20FE37FF00EC57AA9BA39795389991F7F364CC59DE3F2DDD736CC6CAD02AB39D55B302A7B776DE66C4FBAAE53401F331A2C2EE035D95E78768C99B5E46C92363F0EC166FB2B3616DB1B9D86A7D06BFA28BC221B3167564BDDD3CCFFC313CFF00A4AA8F3CF1255779512C9F8A47BBE4950D96EB2EA8DCAC76856558F2372EABA8BCBB659C6304EBB2EBEEB2FA20EB8A3B2ED017D0B90083E597C2173B2E2E41D657C2B915C4A0EF8FEC8F75EA0ECB715FDA30BA77120B98DEE5DE462F08BF9E50D3EEBCC0C1A342B56098FD452C6638652D6976720388F11001DBC9A10663AA0DD76473A22B25DC255C6593444411CD9092A4213A22281F5EE5118B6D7E86EBE2248DAFD9D56DE980E8AF703AC88A90B4FAC3E32C43B8A19E51B88CB47ABFC20FD5797EB9DBA22BC2106E96CF07A107E0ADC5C2547B38F3D7E511448D8D48CB3428FE349F261F507AB32FF988088AA3CF531D571B6888ACABED976DB444411BDE59E472596C44481C885D0F72220E2B8BCA220CB3A103C96742E75B4FD11148FFD9, 'insp1', '202cb962ac59075b964b07152d234b70', '0'),
  (3, 'S', 'Heddi',      'Wraith',    'Timmermann', '050871095-2', '671360049-2', 'RU', 'PD', 54, 25, 127, '243082234-2', '173-920-0790', 'htimmermann2@elpais.com', '504-660-0971', '142-705-1716', 'Research and Development', '1976-01-16', '2018-10-17', 'Y', 0xFFD8FFE000104A46494600010100000100010000FFDB00840009060713121215121313161515161616151718151717151617171515161715161718181D2820181A251D171721312125292B2E2E2E171F3338332D37282D2E2B010A0A0A0E0D0E171010172D1D1D1D2D2D2B2D2D2D2D2B2D2D2D2D2D2B2D2D2D2D2D2B2D2D2D2B2D2D2D2D2D2D2B2B2D2D2D2D2D2D2B2B2D2D2D2D2D2D2D2D2D2DFFC0001108011300B703012200021101031101FFC4001C0000010501010100000000000000000000020003040506010708FFC40040100001030203050506040601020700000001000211032104314105125161F006718191A1132232B1C1D10742E1F1142352627292B224331643738283C2E2FFC400190100030101010000000000000000000000000103040205FFC4002111010100020202030101010000000000000001021103211231044151133222FFDA000C03010002110311003F0030F44D2858D4E80B5B2102BA0A5090401029C6A00138D080285C8449203909423091298086A20147ABB42937E2A8D1E33F2511FDA3C2B73AA3FD5C7E412DC122CE12855ADED1E14FFE7347F94B7FE4029786DA146A7FDBAB4DFF00E2F6BBD0146E1E8FC2508976132370B84272170840345AB909C85C8410084242708424201B849190B8808CC4E4A008DA1237422012011B420C9A138D0B8022402302E542762C9CA00E7AA81B676DB29FBBF13B3DD1A0E2784AC37683B4550CB6CC9BD8C983C49127E565C659C8EA616B5F8DED7D2A72DBBDE3404003BCACE633B4AEAB335034706CB7D4858EF6CE20804DEE632F153363C6FCBF20333F4FBF252B9DAAE3848BDFE31A6F2639B4C799213389DA4C68F8419C8B813E40949BB5184EF5DCEC81D008F858DE3C49FD1496600D43BC5A4CF1831CA570A28ABED771B0681FFC63EEA09C73E66C23FA400ADB69E1433E52248B735455020AB63B07B79569C36B12F60B49BB80F9F9CF82F4CC063195982A5370734E447C8F02BC01AE832AFBB33DA27E0EA4B4EF52711BECD08FEA1C1C2FE4AB8E7AF69E587E3DA57213583C536AB03D865AE120A7D591042E108D70A640842427109403642488AEA02184E008138120E808C04211848CA15076A36CFB16EE33E3777481C55DE26B0A6C73DD9341257966D6C7BAA552E76727BBBBB864B9CF2D4778CDD4EC234B893993C4D81E24E73FA2A9DAD827826F99EAD92B7D935431BBEEB9B13CB836DAE7DD3E76DB3365FB778738738CE04FCD65CB2D356186FA67F616C9264104C6600531DD96DE04004DE64651C39AF5AECE6C16B465A2D053D8CDD42979DAD1FC719EDF3FD6ECB5565DA08E7067F655D8CC0E2A9490E2478CDF51C3C17D255F62308C8792A9DA3D95A6E611BB74FCEC2BC38DF55E0DB33086A825FF00CC205C3880E1DC649FDD41DA5816D336047237F5C885E8FB63B1C699DF64B48D467FAAC6EDDC1541263BE38F185DE3C92A59F0DC593785C695DA82E857693D03F0E36F6E9FE19E603AF4E729D5A0F3CC7715E9217CFB85A8411061C08730F070323D7D57B8F67F1FEDF0F4EAEAE689E4723EAAFC797D21C98EAED6257085D5C2A89B90B8424B8530121248A4808D08805C08A120E8461080882028BB618BDCA401C89DE3DCDFFF0045ABCB1D88B971391B0D278F32B71F89588B35A0E91DFBC4F9FC0179DEF4959F92F6D1C7351A0D8E5CF7B5B96A57AAF677061A07385E69D91A60B813A88F55EB3B38FB8163E5BA6FF8F36D66CE8015CD27596670B89B2994F1A725C6392D9E1B5D9784D3DE1570C51298AF89392EBC9CCE32DA3498E0562B6C6C86B8131C7C569EBD5E6AA71B5E745CA9674F1CED36C40D24B4415945EB7B730E1C4AF38DB5802C71701EE92B471E5F4C3CB86AED560AF56FC33DAC2A51751367533239B5F7F43BCBCA55DF647697B0C4D374C349DC7773B23E060ABE37559B29B8F6E0915C614895A19DC424AE928494C384AEA02E49046C23080230918824E5C05184079CFE28021D44E8E0E1FEA7F52B06E2BD4FF12B677B4C30A805E9BA4FF89CFE8BCAC28673B68C2F4D27646AC5468F2F3CD7AF6CA75A1794760F0FBF54B8E83E5D05EAB81C553A77A8E0204C6AB1737774DFF1FA9B68F034559D2C30B1585C5F6F68D3C81F150EAFE2736CD6B0998D47D12C78F4ADE5C7F5E8F52064ABAA5CAA2D9BDA81573B1E7CD5C37100DD2AEF1BBF475D4C64A162B0823351F1FB61B4EE4ACEE33B674AE379398EDCE59C9ECB6AE1C0958DDBB87058477ABB7F6AE8BDD1365036A399519BCC337E8AEA4B10CF2997A79B39B048E08F0EE21C233911DF364F6D3645429EECFE1BDAE229338BC790B9F92D33B63BD3DBF00E9A6C3AC0520A1A6D0000122B5331212BA8494C82525C252400846108441202013802009C6A002B510F696B84822085E1FDA0D92EC3577D239032D3C5A722BDD82C3F6FEAD335052A8CCD92CA8003BAE3333AC594B96C936B714B6EA2AFF0DA8C87BB9C7A2B6DB0D6FB4739C6DDFC139F87184FE4C6A5D1E809F9AD06D5ECE87DCC00739B8F25832CB5957A38616E11E7D5D94A379E4344170105F50B47E62D1F08E64A8D8ED9CEA3545321D4AA168786D56012D758105A48BC15AFC0EC8A0C351AE3EF3ACE930ECEC7DE4DD2D8B84A53BBBD2E073DC8936B0133AF9AEFCA68BC32DAAF62E2DE1E03BB8AF55A5853EC43B48594D93B05872BDC458D87024E6BD271548330A0701F20A57B5B1E9E0FDACDB4E6BDCC9FD166F0F80A9588C9BBD96F4EF3BFC5A249F05A6DAFB33DA577BE066601CA74952A86C3A7B826B3D9540703519325AE025BEEB8102D9659AAE36443396D6399846004B5E2A467B86FFEA40280542D20B1C627D15D6D3D854A9B25AF20B4C8301B16022E492ABB0FB35C609B6BD705DEE2571AADDB23F993C42D17E1AECC73F13ED4B7DCA6D37396F3AC00F0954FB7E846EF97C97A776107FD0D23BBBB677880E203BC55B8E6EA1C974BF425765092B433B84A02574940532225710929201C089A9B08DA903A1184D84610671AB3DDABC1B5EEA648983E937FAAD0B540DAD10D2ED5C07A13F452E59BC2ABC17FEE287F0FAB40DD3121EEFB2F4C6D00E6AF28D82D346BD406C0BF78773B22BD3F64E2816DCAF3B39DBD6E1F5A31B43B3ACABF135AEE645D46C1F6469B0C86003967E6B574EAB6146C6ED26307D90EF5DFA417516B0434400AC31F88FF00A427500855783DEAD2F366DE0772B3C4868A24714F1FB7564E9E67469081BC049E28B17D9E6D41207AC1F02137B770954D42586CD6EF40E46EAEB62E365803B384AF49CC65BAACB8EC68DEDE3263899F9A3C46CDF660CADD54AED8F058AED4631AD69829CB68CF098CDBCFBB5350123BFE8BD4FB378634B0B4587314DB3DE449F9AF24C59F6B5E98D0B9A3FD9E02F6D60811C16FE28F279AF6E21715D726DCAC8385092B8E28494C138A481C52411E051829A089A5207814E34A65A538D287479AA97B43807D475378743691DFB5E48E23D3C55C02B95A836A0DD7491A89227918D17366E68E5D76C956DC0F6EE1B9126F391B7D56936663B76D2A0EDDD994D81B558C6B776C600120900030A1874C10BCFE5C3C6E9EA70F2F9771AD7ED4205AE8F67E1DCF3BCFF007459F6E2030073CE792B6D95B618EC8FD54A4DB579AB7B5DDA5AD82735ACA7BCCCC16F03982151D7EDFEF0062DADE23BE56DB6A613DB8F8663972580ED176477BF241E4ABE313CB3CA7A51D5EDBBCD696EB600657B5CAD9E13100B1BBB6200BF38CD643667645EC76F16C9E6AD36A6D038701AE0469213CB197D258E794DDC96D5F6BC020982162F6F6D2DF96CA9D8BACEAA0989001208D238ACCD51EF128C31EDCF2F25B12FB3D4B7B194444FBCDB775E7C33F05EC2552765B64D2A74695514DA2A9A6DDE7C7BC6449CF2572E2B7E18EA3CECEEE85C9B2575CE4D172E9375C81C570B9017203A4A480949047C23080220500E34A71A534D29C050674146D29A051848D17B40D2EA040E23F4F58596D9F8C191F05B62D0441120AF37DA2D2CA848C892477CACDF231DE9ABE3E566DADA54DB59869CC1391FB267FF09E22802FA1897039C3835C23E8551ECFC639AE056F303B577D801BD964FF002F430B325250C26D47586218F9D0B9CCF280A063B64ED62774BDA07FEA9FB297B71D51877A938B7FB4E5E1C166711DB0C636DB80F39FD1526AAFFD309ECEED1ECCE2B766AE25A0F2DE27CC950763F6698F79F6B50D40DE3F08FB950B11B43158920389035DD998E13A2B4A551D4981804002FF00AA76FE33F2658657A9D1DDB3ECB0D45CD67E7B0034169597C1E1CD6AB4E8B737B9ADF33EF1F0127C1736AE31D51F7C864ADFB018BA6CC58DF892D2D693907BA0013E63C5538B1EFB64E5CBA7A8B6986B43464001E59269E9E7951DEE5B5869B794D38A3794D392201284949C50CA088949012920268441340A305067027014C828C148CF029C6A8CEAA066543C4E3CE4DB4EA8D9E97AD6FF002AB3FF00A293DC3BE2CB13B5705BCC1D64B7BD9CC197D0AAC373569D4827C0059DA94C39A0C66166F95B9E2D9F164B3261A9D634CC15B1ECE6398F104DFE6A936AECF954C454A465B36E0B3EA64B4B71AF5D0CA2E1EF00AAB1DB370A4FC204EABCF7FF0010D6D1DEB099A9B6F10ECDC139829FDA7E37389C3E1E9B6C04F57592ED0635806EB7339F77354D8AC7D437754F00A97198B2E903C4EA7BD75304B2E4DB98CC4E8DF13F4096CB7438732144892A6D0A7BAEA7FE6DFF00905597562166F6F68D978AF69458E265D10EE322D27BF3F146F2B05B52BD4C2D563D8E20963411A1B4DC6AAE36776A5B5205401A788CBC468B55BABA64D2F9E532E725BE089064724DB8A09D71405C849424A44E92B8809490160114A69D5004CBF108DBAD2597C20389BC050F7A627E4A6526401273FB64B9DBA9021926EA3E2DB0F3A646397454EA74A48770BE7E69ADA804CDFD4CC67DFE1FAA46DEF66DC3D9D1788B10D319438411E71E4B39DA4C0FB0C43D9F95D3519DCE371E07E614DEC7383A9384990D3BA3492412638C817EF569DBDA02AE15959B1ED183DA01AB991FCC03E7E08F91879E334AFC7CFC3279EE2402A0D4C20748535AF0E13C540AF50B4AF3E3764CEED8D9045DB659AAD51EC30657A6D4ACC7D3322E163B6BE1DA5D92A6353CB1EB6CF6F1281D4D5A1C3A54B0D25513D18C26135563B27679AB89A34C0CEA349FF167BC7D014F0A6005B1FC33D952FA98A70F758D2D69394D8BA3C87994F8B1F2CE419DF1C2A9FB7207B52C1F94B59E2183EEA8685093DC9FDAF8CF6D88A86641AAE3F41FF14ED0A6227585AB92EF2AC73D1DC2635F4F271EE392BBC2ED96BACEF74FA2A534EC84B44AE37A166DAADE95C2B3D87C4B9991B702ACE863C3AC6C7D175B73714B252424A4823F1DFE2122077AEB1D7B0F3FA275CD398D424EC749B1CE3926F118976F408EE8EB9A0754106E3CE67ECB985B9B0F3BF597CFC11A535C4E706645EC3989F2435C1737811C391B5FAC938D3A131973E3E1CFC972AB8E63F2C5A3AEA50137B138EDDAA586D6313F2EB8AF48D8E43E8BA99837737CFF0075E2B46BEE5563C47C4018E06C60C750AD3B59DB1C46170AF3863BB51EF0C73C004B036778B67271B5FBD5277859F85F685B670E70B88A9408800EF3275612777C331E0A2D61BC1566C9756AF80FE26A17BDD4B10E69A8E717B9CCA8D6664927DD7C671FF74296D7D960E4C3C726EC33DE28389AD51992AC24B8C956988C568428A6A3744416A31A48D9453A04A279845A21A6D1739CD636EE710D1DE57AD62300DC26CD2C92086660C12E1EF136E273593FC36D8A6B57F6EE6FB8C80D91F138E647701EBC945ED57E2054AFFC6E10340A54FDA0A751B3BD625A43E4904133111685B382784F2BF6CDCD7CAEA7D301B3DFBC4939933E77FD16928B6DBA3C7AEF59FD942C0F972E6B47861BAD9379FBF194A275C7C031CFE6BA1B3AFAF52B8E7DE34EEF92758CB5A7F637BA038C62E8A49DA7489B198EE44E65ED748029621CDB6639A48FD9F2F4493D8D2F9E46A5279D0FD3CE2545DFD7F4BA8D52AE703D72401E25D2409E37C8AB2C05386DC0195AD3C6DAAADC2D1933E274EF1D7EAACDAE8168EECFF7FDBB900E6FE60CF9DCF875F7E0A76B11E3E3CF9A67DA089B656E3C4E69E60969F0F2232EB89F1021B30A1CF06DBADF79C78906C05B5319F351F6B618D4A7518E0487B49BE61C3E5A857785C436CC0034E76887693DF04724CBA80DD75E44112ECEF9D8D840038E63484E5D1562BB118CAACA188A5675178735E33B9DD970E061B6E6156D1DBC6939D4AAB6ED25BBCDD60C4C156D87AA7015490DDFA2FF0089A7E26F1079C6AA9B6E6CF755A8FAF87A65F42C06E7BEE686B409A8D1706D9C427C9C78E52575C79D968ABED463B270F1B1F54C0C7B788F354C4B4A021AB3FF0039FAB7F4BF8D0B76DD36F177203EA5697B11B29F8F73AB3A93BF87A47E11775477F4FF0088D633CB8AC8EC0ECF3B121D50B9B468323DA57A8618D9FCA3FADFFDA17A6ECEFC4DD9981C38C361A9577863480EDC635AF747C44976F5CCCD9530E3C65DD739726566A3698BDAF4366D135AB10D601FCB688DF7BA0FBAD60E41BC85E57CDF57164B5CD19BCEFD43C4CE5DD253DB7F6ED7C6D5356B3B79C6C00B35ADD1AD1A0569B036636097E445C1B58F3392A679F95E93935ECCEC6A360E3FA7395A22600E5D75DCABB0F867537161FCA6C62C5A6E0A9555DA4F8F88B2E484D209EEE3A6AA40618B837E3C3A951283799CF416FDD585361B45B9CE97B9E17403F4040D7E8B86E6385BB93E5A409CC473CF423AD5447548301C0F7CFCBCD00E3A7EBCB9249A619313E531E09241218EB1EECB9A4DA73E378CC428E0C0CFEBA11E0A4B5E0DBE5A01E3CFD5309B4AA06C5A2D68EBE5A04E3DDBC66DC3BE79705158D777DA626223808EFF002F2ED4A87FA7E9FB200AA5633636EE89E76D7F4E3726D704DB28CE7CBE9E6A0BAA1198B4DF38EB34EE1EB691699D385D20771589CB39CC47A5E3BFCFBC11C3ED8351FECAA383328225BBC04BA2C624922DAC151714FB1D7BA0F99598DAE779A624479E76BA361BDDAB8663C100DF8C082013009BF3E63E78BC56CAA8C7FB4A25D4DDC58E23D4277B39DAF98A5893C036A499D2CFE3966BD036261A9D5AA69BAC5D76400E0794C8B45E7BD578F39F659635E6FB6304E761DB5AAC3AA87C5424377B75C21B240974102E67E255985C0D20D356AB7DC06035B67557C4EE83F95A24173B40401736F64ED5EC8DFC1D7A4D60077643AC04B1E0C939EE8895E45B57DEF759F0300630729F888D0B8EF38F7AEB3C27914CAC8ADDB1B66AD7DD6B8EED365A9D267BB4A98FED6F1BDDC65C752541A748B8C344F5AAB1D9FB21F56A0634732792DC6CDECE329B72B8BF1E173C4A958A797E32BB27B3EE241765C72CF84E9CD68F0DB288734B46BBA6645B522D12D30419D0F156AC669C2678DE47DFC9536D7ED6D2A277698F69506641FE5875A4CDE62325CF50BBA95B7295368612E8702411C5B7275FEAD4F1CD54BDDC2DEB97AF5E0AA68E35D55DBEF74B8EBF40387575658717EA3969D7CC24EC3B483CC7117EEB73853698E39F5123AC947A608E1E43AD54C00666FC2FDE4F1E2982AC7744E76CE64CF7050982FA9E3F5CD49C5386434F01DFA479FDC3141A0F1F4B69D777920798C00C991E9C1246DE5749011F7B583940B75D782770DC635BEBD66A3BEA5AF245F8F5D77A91857103D6663EB9A02CE837431FBC09CFAF286EA5B9DF3983972F2F14D06D8F0D74F23A8D3A28DE6C399DD819CEB7EBEA98344806E4CF779A8CF3A874CF2D13EEE5972CB5B7CAD1F603896C8D2D07AF4E8FBC81AAA0C1200BDAF3DDD777954D7A1333C2FF00BEAAE28B8700679F87DBAC9BA94F9C7919D2C5018CDA3B348B80ADBB29DA97D07B69D471DD69F71DAB0F0EE22DCA55BD4C1B4B49B4FEC2DA9C8ACC6D0D9A37FF00F688F323E896BEE3ADFD57AF76DB6A9AB85A787A0C815835C5DBC0FF002C09237B49758C9BC3B8AC1B7621A63DE8739C6CD06D3A926F287B315AAB8B68801EF682181C6C5B77102F98B9F35A6A342A34FF00398D6911BAD0378CF13E6B54CA5C7C91B3BD2BC601F4FD9B5AE6B439C0D674FBD024B6934458712633B293B4768B6930D4A8F0D195F5B1B3467395B9E8A9B6FF0069E95225AC8AB526F1F00311770CCF21C33586DA5B42A577EFD4749D06400E000C82CB964B638AD36DF69EA5696539A74CE607C4EFF23A770F195429009FA5872745C775DF51230262FF0025A1C1389B4AA9C250881757D82A6D8B8F5FB75F4EE275674D9E23BC669F32DD0C0E5398F1E877C44DF8D39F128CD41F7E13CB4EBC532375391E026E39FD92C340CBAE1F2EB45BDA1FBFCBAF92261E7AF09E0809148168BDFC3EC92571636E6049F42BA80819C08E8F5D6B2E908B45942A53CFED3D75A5861A62F6B78DB87A79A01F68041F998B9CD7030C5A09983E39472FBA47FB6FD67D7EC0F740BF3CEFFB1FB78001C769A1E23EDAF5C6ECD5744C1244DE739F2E24F9F9997C8F1CB41EBCB8FDC88C47F57D0E51FAF977C3061AEDD39E66759BDC77F9F0EF521B51C481688D77AC67D331D1BB759C331EB6B664C5FBD2654B478DE33D7BFAF14044C5F95A3F5EF1E9CA206D2A6D1EF388C9D26D9360F39D54DD6D1A1CAE35EBC79CAC561BDB5373322F05A0E772DCF2EE98FD5019DECF625CEC4B1F4C81ECCFB4738D8318DCF78CEA2D1CD73B53DB07D62E652710C33BCEC8BE738FE96AA8C7624D367F0AD33BA4FB470FCC649DC062771A49EF24955EDA25736DF4EE49ECD23653254BA381956B82C0017B7D47925313B92BF0581E2D564CC301A1CEFF003FA75A58D1C340035991F2D53BEC48D47CEFCBAFA4F5A716A361F0C0663CF975D696B429981C23970D3BBAE09B635A6093EBE5F2EB45ED8F38CC743BBAD190DE74C8F3F541ED04E57EFE3D75AB65F3A81D6BE7D6A063F7EAC901BDF3399B9EA549C358693137EBAF9C2824C46AA5D1A6627AEBAEE60F569CF4E44EBDFD7D128D887642C067D5F92EA03984033CBAFAF5CE7811ACDB4CBCBACF82A7C3D583A8E7A6B90F44F37136B5E35B75FBF9816A6A0E16390B69650EA56CC5BA8515D5C1FDFC3E9E9E432789EBAEB54129926C0E57EE117EBF74749A40D34E57FAE5D6911AFBE791BDF4E0A4D3E23ACBAEACC246EF1067399B116C8405D751D2F3E73D5BCC2E53222E0CF08107BF5E3D6688119682395B21EBFAEA009609398F019F51E6B9EDE0100C02224192013989B75E49B5BCA75CE33D4F53E7171550B87BB04F7816E3D7D2C050BF61B45C3CC736DEFE283F81886CCDE672C8651E2ADCB6AEAC6FFB8E595D71AD77E703BA673888F548CD51C2C69C39296EB6B17D3A1D7720DE31316F5E5A5D039C48FD65323EE77136D3993CADDDD1090799E03CE74CBAF2299E7FB779EB4F242D337EB40919C73A6C79FA4472E7D029B107EFD75F426C1BCC22D2C7CF5E764008A7C81F0047CD75A6D98E1C3CBC7AE20DE1F2FA4A54EFE1C63A28238E3783263E9CFAFB4DA7116F77AB1F450C59D9E59714EB5C22FA71EAFD78B08F8A3BB96BDE3BF22396A3E417546C6571C45CF1F9DFAF3012464D75CF288E59A709F780EB32B89264E168B5BA96A7587DD279FD1DF6492481ED7CFE611D1711D735D4900F4D8787AA76B9831C8FFC5C5249308AF71BDF5FBA80EF8875A04924A9B94F31DDF7521C2C3C7E8124904027EBF54DEA072FABBECB8920CFD6100119C7D0202E31E1DFA0FBA49208746E1A789FA90BB50F5E4B8920C45837662F04A26B7AF177D924904E37E19FEDFF00EB28CB4479FA05D4930A5C73CDF970B7F47DD249248DFFD9, 'insp2', '202cb962ac59075b964b07152d234b70', '0'),
  (4, 'S', 'Ronica',     'Baskwell',  'Giovanardi', '515653366-3', '109303231-6', 'AX', 'FD', 74, 39, 127, '926080490-6', '664-224-4060', 'rgiovanardi3@unesco.org', '807-656-2401', '601-698-9894', 'Business Development', '1989-03-19', '2018-08-24', 'Y', 0xFFD8FFE000104A46494600010100000100010000FFDB00840009060712121215121212151515171717151618171617171515151516171715151515181D2820181A251D151721312125292B2E2E2E181F3338332D37282D2E2B010A0A0A0E0D0E1A1010172D251D252D2D2D2D2D2D2D2D2D2D2D2D2D2D2D2D2D2D2D2D2D2D2D2D2D2D2D2D2D2D2D2D2D2D2D2D2D2D2D2D2D2D2D2D2D2D2D2D2D2DFFC000110800FF00C603012200021101031101FFC4001C0000000701010000000000000000000000010203040506070008FFC4004110000103020205080608050501000000000100021103210431050612415107132261718191B1327273A1B2C1142324426282E1F0333452A2D16392B3C2F115FFC4001A010002030101000000000000000000000000010203040506FFC400281101010002020201030305010000000000000102110321043112324151052271131481B1F061FFDA000C03010002110311003F00BF3924F4AB922F5816307D29FC6ABED1FF00114C9C9DE963F5D57DA3FE229912B4CF4489A69328F4CA21562216A2A335110028D4E997186894A61B0C5F96433272FF00D53384A029EE33EE9E295BA06B85D0CE226A4B7AAD27C53C6D1A14DBE8ED9FC56F76F4E5950C824E578379F924EB0638F48C122411B883BFC4A5DD32949ED89600413196565C704D3E881273B4DC751C9327398D0364999DA37C88272F726F471066E4DF3FF297C41FD6C230F47647AC2C67AB728AC561CB2DEF52D46AB5D63620DA0DBC38A76FA1B6D8890739E339CEE477012E4F1D1A470BED08F163D7A12560FAABA3CD3D218670BB79D1D7136BF0CF35BB4ACDCF7765012516574A025501C80AE2516501C4A212849442520E25722B8AE402EE48B92CE48BD5E9304D2FFC6ABED2A7C653229F6981F5F5BDAD4F8CA62E5AA7A244B3329329466652654D11A99BA0A34CB9D01141523A359036B898E300201DB289061A2C32165234ACE05E01BC581E8F8591D98523A4DB8CFF0010B666320A4B06DE78C1680D1C739FDF9A8656633753C31F95D427A4308EB7362C6E32EF8ED516ED1551D16BE5EFF77E8AF587C10888B291A1811C02CD7C8FC3663E2CFBB3A6EADD5224C0F3ED8DC8E7569D196ECD68EEC20884030A32DCA1FDC649FF006D8B2BFA0D4A572D27BB24FB0D89DA616175CEF36127CD6815F060D8855DD27AB8C89682D3D4ACC7C897DAACFC5D7A44D1152910E6C8D98337DD9195A7EA96B08C4B361D6A8D0244FA43FA80F3598E0A91638B6A11B001CF8A5B41E926D1C4D337600F1273E8EF3D62159C98CCA6E325965D56D3282515AF0448320DC7585D2B19049404A025020009452571452520E2572295C833A7245E957249EAF360DA6BF98ADED6A7C6547B94869CFE62BFB5A9F1B94792B54F448A6E652452CDCCF7A44A9A20531A3C4B47EF23B86F50EA5B44B0900B67783D88A22CD8470E6B64020CDE77DFDFBD4E686A50A2308C8001CC133FAF829ED1A6D2B2F917AD35F8F3EE99A22C9E50784C28BCC2794B0AE3DEB16AB7ECE4B9BBCC206B7B114E0DE17061CA13D0054809BD582119F49C77249F49C37242AB7A6F020825571B8596822490765C0F589690AE7A4FD12AA3CEB417B779BF84AD9E3DBAB183C993DB65D16E9A348FE067C213994D74608A34C7E06FC21392551599C5015C51494838A292B89452501C4AE455C81A3D2927A54A49EAE360FA7FF98AFED6A7C6E51A54A6B17F335FDB54F8CA8B2B563E8916DF48F7FCD2252C3D23DE922A6881583561C082D396D4F69D90409DDFAAAF8560D09A32B1A7B629BB61C6411990244819C2595927678CB6F498A75B69CD60DE6FD9FB956CA0CB00153743DEB34754F812AFB86A4163E7BDB6F07A2945AEFBB603DFD77C823E2B1B5C11B05B6DDB26FDFBD37D295092CA6C76CB4FA4ECE3848DE98E84C3547D40310E731803F69DD1827EE6CC024E7BD2C66E74B6F5ED66D19AC6F3D1A8D1BB219715366AD3F4F64762A5B5C18E680EDABC4C112DEC3BD4E36BF40855E57494C4B694D334D8090D1DD9AAFBF4D55A86CC0C1D66E514FD6D4D9DA0DC802E20013BE545ED5735F9911E939A7A261A1B1D327220DFC14B1C6DECB2B3EE738EDA821C331E1FA2ABD3C217E2E937FAAA32785CC5FB55BB035F9CA6F6540369848FFC2730A3356F09B7A4180E4C66D9ED02DEF85671DD5ACFCF3F6B4E6340000C8582128171543280A02B8A0280028A50928A4A0C0851495C983F292A812A526F568615ACA3ED588F6B53E22A29C14C6B48FB5E23DABFE22A1DCB563EA123183A47BFE69BB93BA23EB0F7FCD35729A2295B8E81C0C61B0CD3008A0C27B7641BF8AC38ADCB50F1ECC4616938BA0B182991F899D1F780D3DEB3F93BF8C6AF135F2A80AF836B7192D104B648F19F929FC3139051B8F64629C738E8CF6DE54A68ECE565CBB91A71F74EDB84DE4669E014DACBDFAA2E97A0F1BC25DB81974EEEBC9465D7A5B64BED00DC2DCBDD6E03804E28BA41E08FA5012FD96D9AD124F19C938D11822E613C2E51DD4A20694B5E5C33060F6279570C0F48489EB31DC87998C44660900F69C948330FB24B77791EA47CAC88E90270A19302DBD76AB48C654D96C82C602780E9981DE0297C7B4004267A9E3EB2B3BD503BB3F882963EAA8F224D2D5281720250C0E28A50928A506028B284A29407140B9720248A49E952937AB430ED6CFE7311ED5DE6A15CA6F5C07DB311ED0F90508569C7D42A63871F5BDE7E69914FF0C3EB876A625588868B36881C481E2615A75034A9A35CD171E8D5B47E31978DC782ACE0BD367ACDF88251988751ADCE30C398FDA6F683BC25963F29A4B1CBE396DAAE901155C7662E2DBB20A5B46AA968CD24FAF4F9EA91B4E998B0B12329E002B0E8BC4444E6B0658FD9BF0CBEEB3610DD49D7ABD1B9CD41D07DEC9A63F4A192D9CAC3876CAAF196F4BADD765B1F50126C083BA632094D1F41EC6741E20DE1D323BD46B2A349E93C4C1B36E6375D3C61A61847386088BCED4C45A0AB3535ECB795F508609E36E4C9332498B806602B0E29C08046F0AA35FA2369AE9B8EA3D7214868BD25B6D237850CA1CCBBD50693AB628FA91269D476E35081DCD12A3B4A62406389EB535AA385753C3B76846D74EF9F4AFF0030A58CFDACDE454DA02B8A04991C4A2AE281000502E25014CDC810128520932937250A2395A4C475CC7DB711EBFF00D428272B06BB8FB757F587C0D500E5A71F501A60C7D7B7D61E6A39CA4F043ED0CF5DBF105187E43C958814C1FA6DF59BF10438FF00E2BFD677995D84F4DBDA3CC2574933EBAA0FF51DF114C96ED46787D22C3B8919C677FF002AC187ABB1536770989E0533D40D51ACEC355C409DA246C32DD26B2768F6926DEAA7F5290700EE1BF84752CBC98EB26CE2CB78A56863365DD5637E1C52BCC537CBB7F977286C53A5BB5C3B2DFE53ED1789B0072F2015571EBA5D32EFB1FF00F98D69DA19703925EAF3312DB98CA77F8A90C3C18E0831B80A606D35AD9DF6BA84CB53B6897F0AD0C1973EE601E04D93CC3D36D16B9CE264C0EE4188AB06CA13486326C72CF3DFDAA525CA28CAEAECDB4EE92F444E672F2F15A7E8B3F534BD9B3E00B00D358D2F7C0361976ADEB40BA70D40FF00A34BE06AB3931F8E318B3CBE591FA2942514AA117229428A530028A4A128A918095C8095C8097288E47288E569317D7A1F6EAFDADFF8D8AB8E565D7F1F6EADF93FE36AAD15A70F5052381FE669FB467C6D516F17F0F20A4F06F03134C92001529924E406DB49265357E11EE3D116B5CD864AC40DA99336CF747153982C296CBDF77B89277C4DCF7A4F018514EE6EE3E007529011D7E2A5A26D5C97693656C20A6203E8C31C388FBAEEFF003050EB76AC99762280CE4D4601BF3DB03CC77ACBF54F4EBB05886D51769E8D46CFA4C313DE331D8BD0983AEDA8C6D4A6EDA6B807348DE0DC151CB1952C72B8DDC636694B728298E11DB2ED976EE0B54D37AA0CAB3528114DF991F71C7AF8159EE9BD095A8BBA6C734CDAD63D61D910A8B86AB44CE65DCF6714F15B247E97E29C6271B6E39477AAF35CF220913603ABBB7A0350B641749191F75CCA85E396ACC796C8EC6D68373B32768589BEE8EF855DD235C96B9F727E49FE2EA3AA67D233E778F795DA4B42D56E1BE90639B732A337CB482C2D9EA30FFF006AB30C75D2ACEDF6A04DD7A1F568CE0F0DEC697C0D5E79217A0B548CE0B0DEC297C012F23D45112A810940B2A4028A51884428314A2946288500057202B9012E537C4E258C12F7068E24803DEA89A5F5FDC645166CFE275CF82A7690D2756A9DA7BCBBB4F92BF1E3CA95B0E35D712CAB8CA8FA6E0E61D8870C890C6831C6EA04B38A70FC910DC2D38E3A9A42D22698170049DFFAA1771468908ADC9489D294A6F8DDE69208F4FA8C7B93078C7F6782D4B922D6783F42AA6C497513D79BA9F7E63AE78ACA5AF3C7DE13AC1577B5C1ED7105A41066E083620EE4C3D40DB1467B444380734EE227C42AFEA5EB0B71B870F302AB21B55BF8B7380E07FCAB231442A7AC3A9D46B376E835AC78FBB935DD5F84FB967D8BD110E2D7B0822C419B2DA6A51DE2CAADAE4FA6C6B5CF8350D982DB440BBB3CC00A8E5C7ADC69F1EDCB298EB6A0617433AA38329B25C786E1C49DC14EF2898414B47BA9B4408BFE5618F2568D5DC461DD4FEA0C9B17C887DF22470E11655AE57313B3838112F7EC5F8398F054B8F1D4DA3CF6FCB566B4F3D1CD6FDA987EC185F634FE10B05C4D0734DC5A6C7778ADEB51EFA3F0B71FC26A8F3FD2AB14C94108B55F16493DE64DD67C78ED9B3B4B90927AA9EB8E3EBD32CE69EE120DB69CD0608CE3B555EBEB0E31AD2E350C0BFF0011C7CC294E1A36D44A2155CD4FD2352A83CE3CBA58C789DD248307C158CAAF2C757490A4AE40572418B1328E72F14345B0BBA974D50832F04560B14B31B6288067DE804D8DCD140CC25698BA168BA01BB1AB9BD68C6C5296F1401E9D2DFF00BEF4B84930A384059B527580E0F12DA97D83D1A838B0E7DE331D8BD0346A0700E6996900823220DC10BCBAD2B60E49B5979C67D0EA1E9B013489DECDECED19F61EA4E868CFA81A0B9C600049272005C92B18D31AC4715897BB6A186D4A4C359B39188CCE6B47D79C357AD847D1C3101EFB19304B05DCD69CA4E57DD2B04A86A50A85951AE6906E1D3B408EADCB3F2F734E9FE9DAC2DCFEEB6B31AFA0456A440373988FC4D7D848CEDDAA4794A73B1581A35A934C5AB16EF0DD921DE13E0157F0B8E6D46398E7C4890E73C81B633DDBFE4AFBAA8054C051220EC4C6F9D973841EE6428706FB8BBF5598D98E71850F1078AB9EAAEB736835946A33EADA03416FA4D13371BD46EBA683184C4BE9B47D5B80AB478736FF00BBF94CB7B87155C7132B4B8CDBF0D8CA75BA749E1ED8371BBB46E3D451EB653C7F7F358F68DD255283F6E9BA0EF1B9C3FA5C37857ED05ACD4F11D17014EA1FBBF74F1D8FF19F6AAFE1A87BD9BEB98FE19F5BFEAA93A71D148C7103DE1691A6B460C40682ED989E3798E042857EA7308875491D61C47BDC94A09727CFF43D89FED7B7FCABA9501ABFA25B45F2CA81C030B60088DA20E727829E2B372FD49CF4294280AE559B18A6EE09C11BF826F866D8714EE2CBA6A8522C921BFBD294F223824C9F9A00AC1740334660BA019A008F1740E3063F6128FCD16B0F9200EC474930EE9ECFF08F3FBE08051A53ED198F7D1A8CAD4CC398E0E1DDBBB0E49834A51A530F46E85D28DC5516566E4E00F61DE3B8D940729BA1E8D5C2BAB3845466CECB87A464FA04F0CFB3C555392AD3BB0F38671E8BBA4C9DC7EF01E7DC55AB946C5451A7484F4CB8988160366093BBA7EE5572F58D6AF0F1B97363232FA58563E9ED86C168DD21A364DC09F4BF55A0F2538ADBC354A3326954244E7B35048FEE6B950B42349041BB648971E882E1361F353FC99E279BC754A53FC4A448EB7537023DC5FE0A8E2CBBD3A9FA871CBC532D257945D13CFE079D6897E19EEED345C61C3BBA27B1A5637517A530ED6BDD5E9B9BD17121CDDD0F6C11E6BCF5A7B463B0F5EAD07674DC5B3C40F45DDE20F7AD6E09835DC51C3FF7F3483651DA80B96AFEB96C433120B8641E3D21C3687DEEDCFB55C995439A1CD2082241191072858CED42BB6A2693DA6BE8B8FA3D26F61F480EF83DEA19435CE81BA58A430F9FEF8A5DCB1F2FD49CF4295C80AE5524C818DCBB12BB914A31DCBA8A499B4A4586E97A82C52233EE401D99A26F46A665742002A6682A7F842F174153E41004A82C3F7BD2AD323AFCFAD038590030250074761DC882E27C7A8AE0500F70589752A8DA8CF49A43870B6EEC579D68C79C43B07586CF36E6968992038CBA08DF947E52B3E61563D59D25B43E86FB6D3B6A8BADD0A9FD37DCEB8EADA3C543931DE3634F89C9FD3E6C72BE8EB44B365AF24091B2417D8F635BC2C9AE0B497D1F1F42BCF44558746F63E5AE3D5671B293C3D380E3668730DDF77483946E37FD15674E5C3B7DE6CB1F1DD64F45E5E332E3D37C2C8AEE1FD4C6BBC090B2FE58B46ECE2296200B556163BD7A7913DAD701F955D75434AFD268616ACF4B9A7527F1DBA5B20CF59107BD1394DD1BCF605E40E95222A8EC167FF6B89EE5BA3CAD9ABAAC00D90B0A1AA2E88D29901E9FEAE63799C431C6C36A0FAAE107C33EE4C6A049B77A54370A54E37A394C34162B9DC3D2A9BCB1B3EB010EF7829FAE765BDF6B60A572072148F4C886F4A38222338AE9A973BD14D5C6DDC53A76499136F14029853923A4F07B92E020137B6EB9C12842E704026F160808B251D90EF458B200949D17477377845D9B14340EE396EEA2980B5C952F208734C39A41046764939B0519BFF891CBABB8D1E962456A34F154C35BB5B42AC092D7E4EB7026FF00982A86966C8709DDC1496A2E9614DE68BC8D8A8764F538FA2EF977A4758B06EA351CC3D716CC13208EBB2C99E3ABB8EF7073DCB09C77F1B9FC7E3FC7F094E46B144567B0CECF448136974B498DD98F00B61C5500F6B98EBB5C0B4F63841F3585F26CF34EB57A91E8530EEF6BE6FE0B75C3576D5636A34CB5ED0E1D8E123CD68C3D38FE44D725799348E10D2A95293B363DCC3DAD247C931576E54301CD690AA46551ADAA3BC6CBBFB9A5528A9A814F04460CFB11DC515B69280D3F505C4E0D93B9CF03B3689F9AB12AD727B501C180373DE0F5199F221590AE7F27D556CF42B8AE40F5CA06C9495D3740801BAE9A92950D9478758A79897403D8A3D86F1D4983DC28F24B34A6D49D7EE4BD3BA00F19A31089B4949CD0093B720D9B250098FDEF42F6A01103344012C46693210076F48758F784560446B88BF7A5C41E90C8FB9201A2FD9789EC3E36572D2AFF00A560DB5B3A944ECD4E2E102FE05A7FDCA955048EBDDDCAE7A83886BEA54A2EBB6B53CA3789B75D8BBC1579CEFF0096DE0CEFF4ED9EF1EFFC7DCCB5722960B1F588891CD8BE6435C63C6A355FB91ED31CF60B9924175076CDBFA1DD267BF68770550D62D1E70BA2DD4CC02FAE419DFF0059027F2B01519C90E9AE631EDA65C366BB79B3EB7A4C3E208FCC8C7AD42E5D6732CA7E7FD2D5CB5E07F97AF1FD7489F07347C6B257B6EB78E58286D68E2EFE8AB4DDDC65BFF60B09AC158C64894471B1ED084949BED3E080BC725F88FE353F55E3DED3E415ECACEB93061E7AB1DC29807B4BA47915A215879BEB598FA0397202B954932371C90510922649EC4E2805D350471EEB14CE814AE39D74DA9494CCEB0E64F714E29BB2092A23C9294F3401DA128E39A2B4A0719280559B91DC64224F92106C80023349B8791F24A9288EF9201B9F92361DD07AA2E174792E68F2403A7B7F44F7572A7DA2880E2D22A36E0C6CCB85FB2E531A4EDC72F2446CB6A02267A8C19DC4150CE75B68F173D7249F9E9AD72B9826FD043EC362AD337C8ED12D33FEE958B617166955A751AE1B4C7B5E206F6BA47929AD27AC38BC453E6EBD67546871203A225A1B06D99E91F15035CDFD2E390EC2A9B7F735F1E1F1E3D5FF00DFFBECF45EBDB456D17882DB8349B547634B5FE4BCF95320B7CD57AE311A1A9CDE70CEA6EFC8D7533F0AC089E88FDE6B439B66BA37765FBEB49544AD5DFE29173904B872658B68AB5691CDED6B87E4991FDD3DCB432B17D018FE63114AAEE6BBA5EA990EF712B67958F9F1FDDB5985E804AE40572A1263D46F29D32DE09BE1DB6EF4E1D915D4508CC53AFF00BDE86837C92554C9ED29CD11E4832B4D19B9A2B108DC80334EE4AB44129162509401DE77238759224DFB8212E40280D973B7F620A79213920128CFB1735187C974790401D833EC4159B6EB174AD3658A1A8DB204BABB8D2F47EAD32AE8DA74DCD25CEA66A308124174B81046FBE4B2AD33A32B50706D7A6FA4E20101CC22410448E3710B66E4C71C6B6198D767476A90EB6F45CDF01655AE5B639EC3DE3EADDDFD31FAAA73C5B3C7E6BBB2FABDA6F91EC4F39A36AD2DECA951B7CE2A31AFF3739636DCA3842D3790CC474F154AF05B4DE3B8BDA7CDBE0B38A94E1EF6F02478185663E94737D74C6B667F7B936A8538A9984D5C135424FEFBD6B9A95A439EC230932E64D3771E8FA24FE52D5909392BCF2618B8756A47781507683B27CDBE0A9E6C778A58DEDA01428AB96358FFD9, 'insp3', '202cb962ac59075b964b07152d234b70', '0'),
  (5, 'S', 'Rubetta',    'Skirvane',  'Laidlaw', '588147921-1', '175100914-9', 'NE', 'MD', 42, 19, 127, '169235448-5', '881-578-5684', 'rlaidlaw4@arizona.edu', '381-445-3305', '775-993-5868', 'Legal', '1986-05-06', '2019-03-15', 'Y', 0xFFD8FFE000104A46494600010100000100010000FFDB0084000906071213121513121315161517181A171717151719151817181A1618171A181618181D2820181A261D151821312128292B2E2E2E181F3F38332D37282D2E2D010A0A0A0E0D0E1B10101A2D2520252B2D2D2D2D2D2D2D2D2D2D2D2D2D2D2D2D2F2D2D2D2D2D2D2D2D2D2D2D2D2D2D2D2D2D2D2D2D2D2D2D2D2D2D2D2D2D2D2D2DFFC000110800E100E103012200021101031101FFC4001C0000010501010100000000000000000000000304050607020108FFC400431000010302030504070507030305000000010002110321043141051251617106228191133242A1B1C1F0235272D1E10714336282B2F192A2B33473D215164393C2FFC4001A010002030101000000000000000000000000030102040506FFC4002C1100020202010303030207000000000000000102110321311241510413223261910581143334425271A1FFDA000C03010002110311003F00D8D084292A0842100084210008421000BC519B636E51C3B65E64E8D6DC954ADA3DAEC4543F64DDC1CFF3D7C952591446471B91A254AED6FACE03A98499C73339F82C86BE2710F3DEA83CCDBC47E612618FCDCF19EAE3F94257BDF618B07DCD65DB6E80FF00E46F98F82F06DEC31CAAB7CD6495EAD51EAB9A7A3A0FFBA2FCFDC9857DA0411BCD771B88F78B5FE4A7DD64FB2BC9B63F6C510637BEA6136C4768E837DA9E97F82CCF0F8D1BB0486F2178E5FE137AF8C6EBF1F966A1E660B0AF268EEEDA61C1821D1C4052BB3B6E61EBDA9D404FDD3DD779158BD4AE78BBE20FCC792469E2CB4C87411FD2678CE9E6A3DE97725E18F637F42CFBB2BDB6B8A5897700DA844783B4FEACAD785A034CDC27C66A4B42250717B3D4210AE501084280042178803D42F02F500085E21007484210008421000842F0940012AA9DA5ED2EE134A8105F91766D678FDEE57E892ED47684C9A548911EB3C69C5AD3C789B7C5516BE24BBBAC36F69F3EE074F0FF0019F265EC8D38F177638C5639BBC4B897BF5924C18E127E67A0B0655718EA994C7060F89C8F924853116CBC874B5CA5996CDC40E0044FCFC40481E74D6BBDA11E37E933EE4BB583EEB49E317F85D26716D1603C5D27C7F5B055EDB3B76A176ED304488B5CF8C5BDCA526C8B489DC456A6DB3B77DC3C0025356D3A47316E102FF2F72AED1C3541DEA8E76F1CA7E5AA76D6D46E57E3163FEEB956AA22ECB0EE51FBBE4EF9010BA96110D201E827CC5D57D98B76A08EB23F24E1B56DA1E84FCCFC514163AAE4890E008D64CC8EBAA67518D394F4378F3D397D1714B112388D788FCFE7C1735298CC5A32E1FE20FBF5B28A2466C2E69E1CAF1E7A7D705A47ECFF00B580C61EB3A34A6E3A1FB8E3C381F0E0B3BAA0F38D08BC5F23C6E9321CD32241B411AF0FD3A284DC5DA094549533E8B42A6FECFF00B4FF00BC33D1543F68DFF73721F979710AE4B6464A4AD18A517174C10842B1505E2F5788005EAF10803D42F10803A42108004210800501DA8DADE8D9B8CF5DD6E832952F8DC48A6C2E2623EBCD663B6B681738B9C638718F80EA523364E95487E1C7D4ED8C31B56C1A0DCDC9F9E769E3C028BC4E29AC17F2FABB8F54CB1DB4A490C124CE5267E6534A54646FBBCDD97871E816648D6D8FDB8A754208B0D09B9F002DE374F490C17264E7793E254551C5E61825DC498039BA2F1C027341CE39DC9CC91F00344C48A3615B13BAD2623498BE51126FAFB937D9B81F48E2E7642F172729F5539AF4F40D71EAD89E7F564E767628069931C444EBF887D045D115635AB4CC923CC68903882DF59B2DD4B2439BAF78152B5B082A5EE0E8E648F71123E09854A3569FAFF6ADE2203DBCEDFAAADD96AA3A80F12D21C23316701CC7F948BF07AB73E5624785C65A792E8E14B4EFD291A96C101DAE5A3AFA67C8D8B9A351AEEF36DCB81FAFA1A5AC8A18B8EB3046A331A4F31909E6252B4DF36D742323CF97F9F1923876B8C583F3111DEB66DD0F4F826188C296C8D33E1AD8B781CADF44BB2381B62011DE060EBF233EEE092A55C3E58618FD2D63D40D3A792558FBDF97420C8047E49A6D0C19371670E169D2C7C4798E368A2497C0D6750AADAADB39B7232E4448D0FEA2E16E3B2B1A2B526BDA6438020F22244F35F3DECCDAB0432A8CF23E5973E575AC7ECEF1C030D2DE044CB08E06F1D4127CC2B62974CA98BCD1B8DA2F084216B3202F17ABC40021084002108401D210840024B115831A5C4C01A94AAA7FED0310EDC6D26B8343A4BCFDD00883F1549CD422DB2F8E0E7249107DA3ED3FA625B4BD5073F037EBCD53318D73E4B8C379EBE7127A4F4527897C8DCA0C9102E418FC4604BB5BD85FC147D7864BAAD4DE23C003C2067C85CAE6B9B94ACE9A828C690D1B4E2775A00E2E127A907DD31D1215D85C7BCE26D278F99C875E072B05D9AEFAAE0C65B5204F764C5F838CC71BDCE8A4AB605B4DA63BCFD244068C858EA4CC74394265D0BAB2129B5B3ED720DB0EBC4CF12A57034EF669FEAEF7E89C6C2ECF1AD0E2EB4E7133D2F9759578D9FD9C63635EA15AC3A514E7ECF73BD9B74FD578ED92E00E73EF11EFF25A651D9ED1A22B6CD6385DA15B6468CE367D6DC786B9D04EAE82D336CF4F15358CD9DBE2E21C3282469987660F2F88254A637B3EDB9601D0891D127826BA99DC70EE1B4660749D397E90A69A65EAD68A6D7C31A4498B0CC47992070CC819CC89CCC7E35B07D2B32F6803313793C419BF507531A3ED6D9A08DE1CA0DEC7317F1B1D279906A38ED97B849021A6411A09CBFA6F96936B15652F22F923F0F583C4191391D5AE891723236BF3EA02CDAFBFF66F80FCA78E9F5E39EB0EF77A2744181A466DCFC48CC7884EF6A1968A82E323A8233067A0CFF947256204768522D3A6B1E3A73067C67592BAC29DF6F1916275B4169E7048F2E296C2D6159A5A6EE033D63EF751AF49E8D36738B1E58EB03DE1CB431D09F2E8147516E92371740491EE3EF20F1B83E337929FEC0DB1530EE1DEB4E716CB27702B8DA54EFC23FDA67BAEE97DDE8E099126E60481DE69F69BC7C2E67A952F6885A66FDD99ED0B312DCFBC0091CCFD67D54F2F9F7B29B44D1ACC7B1D2DDEDDCE3749B41E1F35F4085A30CDC96CCD9B1A8BD773D42109C201085E2001084200ED084200E6A4C5967DDA9C1D4692F7B37AF6BF77FAB3F25A11507DAD733F7678789981EF1C3A24E68294763B0CDC65A322DA5B485C4CF268B70B00009BFF00951186C3D5AEE110275B90D1C073C8DBF5560C56C90E71731A5CD71996B98444E52623A14BD1AEDA3DDA70FAEEB5AEDA63F15C177B870CD73A324B4B93A324DF227E869E15BB8C9DF313C44EA7F98DFA01D496B8D69DFA787177D432F839023D53CA0C749E297D9947D257738990C33273DF7181E01BF11CD77D8EA1E9B1752A1C9A486F49FD0A622A917AD8DB34318D1C14DB19093A4C4B84D8AA14DDB3D0175BA85D02AC409B9A9AE230C0A7A572422894E889A7DDEE9CB9FC3A265B4702232969045F8703D14BE2E8DA532A75736BBE871F04892AD16FBA285B476786BE1D91D4FCFA4833C66136660080FA040D40E024EF30FF00A8792B4EDEC2DAF98BB4FD781F050D4C8786939C1A67A8BB7E5E6557AFB8D8C6D5145C2557527B4DC5EDF30A63695005ADAACB6A0F0764E6F4220EBF184B6C60F76B16CC0A90E07F98EBE73F4129B12BDDF42AD81D45AC6DBC3A1BF45693BF9228A35A396D40F6CC0B0870E19820F2CC795D466229410466DC8FF2CE47A7CF4C93AC431D42A91A6A34708CC7841E9CC15CD6208DE171E122DCFE1C38C222E9FD8971BD8DF04D2DA8D7304EF44017904C1611AAFA4B0449A6C2441DD6C8E060597CEB45844399EB34EF01F307306C33FD56E5D95ED0B31349B36A9037873CADE3F570B56192B32678BA27D0842D2653C42108004210803B42108013AA6D9C2A276C36C36A30D16779D2274020CEBF157BC41EE93C04AC936ABDC6BBF2F58F1889B16B6F0B37A99B8C7469F4D05296C8CAAD0D07DA2441D27E1D7494886FA3617C4388EEB40CBAEBA1F229EB984640BDDF79C371839C3AEE3EE4E701B30BDC2A542480667D99E207B6EB40D07385CD52F274A4BC0A6158309817557FAEE05C6739390EB7FAB243F66EE23781CC151BDBFDADBE5B866E4082E02F7C834740EBF5E4A53F67D44F79FA1F89B98E5253E0BE36FB896F74690C725185346D76B5BBCE2001992BAC1ED3A2FF0055ED3E29C8550F42F5017A15883C410BA2D5E42004AA35426386E9DEE1F053C42658EC3C8297915A19074F642E3181EC8F2FD3E2A9B42AEEBDCD3ED0DE0383D8E24C784F8355BA8B887161D32E9FE7E4AA9DA0A5E8EAB5C329DE1F31D0F79648BBB43D2E9621DACC287303869974CC0FAE2ABCE25CD1547AEDB3BAC4826736BA23AF52ADB8A6EFD08CED17E232F780A9786ADE8EA19BB1D678D4024191E729906DA092A64C160C453DDCAA344B0EA46607513E37E2E55DA758D32416F22DD0FD7C7DF26E61A7BA41F54F75CDF69B9823F9B3B7F29E29CD6A0CAED2E804C779A2DCB79BC8FB8F0C959492E78229FEE45D2FBD4C973356FB4DFCC703F3561D81B48B082D7BAD71A19E133E7E2ABE3643D8E96D423F100DF9DFDCA5A852B49635EFFBC46E807480333E3FACB68A559BC6CEC47A4A4C79B6F3413D48BFBD384CB62532DC3D20730C13E49EAE9C783952E4108429201084200ED084200E2B4419CA0CF48BACBB68EDAC30AAF6BCB5C2603D9C3A671CC4AD2F685173E93D8D305C0807289E16307C0F4392ABE1FB03841EB50A52732E9AEE3ACEF54868E9B90939717B8A8762C9D1B2B1FBE6100DE69A5C44902FD0DE7C1426D6ED593DCC38DF747F132A74F425AD3773B84DB2CF24E7F691B3A8D17B59469B183777DDBA002492E689816CB2C95376210FC49A2E03BED21BA4BDB0E13D608F158DFA75177CD1B6197AE971636C435C2A0CEF7924971B871249BC91FAAD63B1787DDC332D122557FF00F4AA4F78DC6DE00E8DF949247F42BE6130C18C0D19010ACDD838F4B63776CEFDE0EF5471F443D568F6A332534DA3B2B06D1671A4ED0874FB89BF8414E76F6D26D0A66E0003C967957B4F51E5DE8A99771719D4C5F8DE35F0BABC62FB15725DCB760B69E228BA0385469E067FDA7BC15BB666D66D51C1C330730B1EA1B5F19BED1E8D8FDE200631C0924B58F02038C59E2E4672342AF7D9CC6978BB48734C39AE10E69198F0E1E4A5C5AD929A922F12B9948E16AC8095AB641438A9540BAAE6D4ED0384B693378F494F31D8DD0093A0E3FA2A3F6836C358087924E618C1CF8039733FA2AEE4E90C49256C7D837D7350BAA9001B448917B181D4A536ED00F61074BF49C8F40447472CEDFDA2636A0735859064C193163703E0B47FDE43E9B2A8BB1C2FF85C33F099F02B2E783C724C7C26A6884D9CE77A270766D3E622C7A5BDEAB3B4F0F0F06353F5FDDE4ADB87A5B8F7533ACEEF3C9C07D71519B630DAC6441EB220A884A99692B2BDB2B1A20D0A8200C8F0E05A74368F18C93B652A94CEFD387373B5BC8E9EF1D547E2704E0F63A3F949D331BA4F891E491C2639CC98711199063276ECD8676D78A7BC77B889592B522D346BEFE52C3CC003E37FAC959FB2FD997D4A8C7D524B477812DDD1020C3402649E392A7EC5DA47D230FA42608741898066F7D216EF4190275FAFA856C38537B159F334A90E404210BA073810842001084200ED0842001715325DAE2A200C67F6995A712E1A300B7101BBD1E67EA16698725B59A648209B8CF2B19E3AAD0FB7CF9C5D5046AD1EE9BFBC2A561B0DDE27300DBDFF0091599F735C5691A7F665C5CC0E7105EE25CE8CBD6249F176F1F15736B5671D8BC4C9DCD7D1B0F5CE7FB8AD170C6C1674F66992D2636DA5B129561151BBDF5C94552ECCD3635CCA64B5AEB380320F83A6F6CF35686AF1CC4D4C5B455B05B01D45FE91AE6B9C0774B982C600244473CC6A9F61B0954D4DF716677EEC388E120C1F2B79CCD0A4382EC534221BEE1846459778F7C0434424B1A6CA1F0115B215D49D0E7346F38DB4B09B900913D2535C3D0A419518FA3581AB673CEE38CC6648764232CACA529352BE851175C1692EAD3331C7F67B7BBB51F51ED69B435C0986B59DDDF0D6B4EEB1A24BA046AA43B1CDA8DA2FC3D4047A3F5275A678F121D3239857A7E1F904CB118200EF47F84ACFF28D0CC54A56572AD29FC4C36E832F1FAE490DA4D0E66F01A7EB1CEEA4B19461C1C32363CC1B4F516F20A3B127D66039D8663BDF295922CD5D241ED2A60E1EA01EB40DDE64FAB9F80555A94EFC9CE76F732E162679F7BAABDE2A900EDDE59716CDFA1B48E602AF6D3C09150DAC44B4C5899F71923C0AD5867FDA65CD1EE466CDA677D9D63C4447C97D2782A92C1E13C9611B07001D89A4DD37A4CF38F92DC693A0CE40D8F23F97E6B5617B664CFC243F664BA5E30597AB4994108420010BC4200510842001255CD8A5535C6BA1A7A209305ED557DEC55674DB7C8F1988F3132A369D2229B06AE37E40DFE7EF4F769303AB5602DDE711CFBC4CF94A4A9B0BAAB441DD027946F091E4DF8AC729726E8C495ECB621B4AB3378C583413C7200F8B4F9AD4A8AC476B541B8E3A97107C0027DEE85ABF63AA1760B0EE71249A4C2493272D49CD2FA7B8E52BD13EC29C3026CD29C31CAD12B2429BABC72F4D40917559B056B174744A47182C94A575E62DB650F82C8674D396B136A4E84F68BC1511259C1A29BD7A56520534AE54491302B78A6069877AA4E7C1436D0D9CE719062DE702C471564DA0C06468555B6A6D61851DE9734DF7626C20481333716589E377A3639A4ACAD6DCC654A759AE2499869034CCC8E07F2E49C62AA02C0E222E08EA741C41E1C9466DEDBA2A8DEA606E9B821B0E1DDBEF5F3CB96575C6C92E7C9793BADFAB734FF6DE9F1467F713B44A51AC5B51827BCEEF5B412B5BD838CF4D48176606EBA3970F0B8E1E2B17C192EA85DA91E4263E00AD03B25B4C35C01221F6E3DE03BBFDC078A6427D335F713921D50FF468F45F2D07905DA4B0AD8680955D039CC108429004210801442F17A8004C369BBECDC9F1517B55D34DE0EA08F3B0F8A86E912B930FC0530E75473B89B6510088EB017B86C216BDE48B86107FD5BC6FE5E6539D88D69151A637B7A2D37B38091198BDD48E229779E47B405B999B5F983E6B99396D9D48AD2285B56BDC3466049EAE3BC7E4B63EC0BF7B0387E4CDDFF492DF92C8EB61E2BCB9B9C96E92751F51985A37ECB31A0D1A9435A550C0FE57DC1FF507A6B7AA28BC979017A6AC2EDA12151A6E62614165B3B6BA735D3CEAA328ED8A45C58496B84182343A83968A4D8F6B85885289945AE50BE14CDD778A164DD92DE6BCAF54910029BD0BAD8C5F5446EEABBA261702880B97D50332025DB1C90F5B5E426F5EA2469540EF5483D0A51F4EC86EC954867881225645FB4DC44D7A6C07D56991C1C6E3DC42D8EB3229CF55F3E6DBC41AD89AF5342F74741DD6FB9A15F12DD8ACD2D522476660C3D8DE6D00FBC1F9297C1B37681073B4F59FCC1F251DD96EF52207ACC248FC24C9F979292C5540259CE7C38FC54647BA231F162383796B1CEF6DEEDC60E99DB80117E6AC1B39DE8A98BDF427EF139FBA531C2610346FBFD91BAD1D3D68EAE0E1D1BCD7183ACEACF92080C2440D4E8073C8CE91D02CF2D8F5A46C5D9ADABE9590731F52A71665B0F1669B819133C6C27D83D47BD68D83C407B4382DFE9F2F52A7C9CEF518FA5DAE05D0842D26704210803B5EA1788013AF5000AB5B5F124CCE42E634038F3B7C14CE3EB6EB4BB3393073361F5C954BB40629B5B37A86E790833D263FD4566CF2D51A30C7650598A0310FB361C4E56F6B7B36DBEF75B29FDA386DEA3BEC313713F7B7B2E5DE3EF507B468B490E68FC239112091F0562D954C54C30A2FB6FB6C4E8E1BA667AAC527C1BABC14EC7F75F0E6BB70BB7B7489731D98730E96CC647BC340579B17687EE58F0F27ECAA06B5FC9AEC9DE060F4953BB468B1CD6D3ADDD209A65C4496B9B07BE35699001194022640153DBF847343A9BC416B5A5A4416B9A7569C8B7232344D8EC5BD1BC51A80C11AA5A2E5663FB2FED56FB4616B3BED183ECC9F6983D93FCCDCBA4735A6B2E2559AA60887DA38301FE91AD1BE0189E0E171E2A528E029BD80B2C4BB3E5C3C171896484DB0B88737D5205E4822C4C45F55643BE538FC5ED0F99B3AADE0E462FAA41F42B6E9769139DD3CC3ED8110F041E576F9FE6BD3B5A9EED8DC88857A88873CC9EE3FF08E6ECC793DF747766D9CF0BA81DA987CA9B4CBCC171CF75A4107779CAB0E2F6BBA490206527C2E0288D9D87CB32D1AB8924F527354952E0D38D4EBAB26978F23FD95836D36000593AAF6094A23C932C6E29A25C480D68924F24B62DCBA9D905DBDDAE30F85741EF91BADFC4467E173E0B15C2E1ED1AB85BA4FF8568ED5ED37632B175FD1B410D194366EE3CDC447201415178F4CD7661BDD20651226389F9C2B2E342E4BC8EFB2D50D2AAD9C89DD2388769E041F7A973858C416E6065D0B86ECF99F2E89A6D6C17A2263501CD70E844CEA05BCD486C23E99ED71B4864F017249E99A5CFF00C8B63F03CDB5037698998681C64906FCC00D27C521FBF368BA00048F5C8C9B36DD6F38924F4E71C6D2C706B9D5FDB7388A40E8098DEF06903AF2951583A777C13A1BE72E240279DAFCD51475B18D970A7701CC2088F023F2571EC66D60E9A4E37176CE6633079859DECCC61641391F5B94D8387006C3948E6AC4DDE6115E9C434CB80178CA7A836441BC73B45671538D3351426BB33142A530E17E89CAEAA76ACE5354E8F57884292055715325DAE2A6482487DA3DE711F701223EF196B7E6A83DAAADBF89734DA9D3DD6B44FAC40933C4024DB580AFF50F75EE3F7EE780047EAB24ED2629C3BC05DEE26796773E20AC59DF6F26CF4EB77E07189DD706B893721BCE499DE3CB5FEA52D83A40D260E2E2CE9BCD73557765D2F44E632AC9A958C869CC7F33A729803AEEF0565D9A3EC88D5A5B501E5333E52B0E446C890FB7CBAA5263CD9ED70A6F23F03A1DD6C0732D506EAE2A33D154B09DD613953745C7FDB26C478E8ACBB6E877AAB7D92C6BE75EEBDAE6479BBCD53B6AD33B800CDE49207F31201F1B0FEA4EC6EE8A495221F613DF47174CBAC43E1DA106403F35F416C9C66F344EABE7CDB35BEDEA387B351DE61D0639120AD9FB3F88DEA4C70D4029D36ED31505A68B5909AD7C1871E078A53095673CD3C8054AD92A4E2ED114683C6BF3493A9BF41EE0A68D35C1A6A686AF51220FF71738CBCF8278CA71609E9626D5AA06824E8AAC896494F939C6E2431B0B3FED06D235BB8D27D1CDE3379FFC79FCB392DB18D75676EB4F7722788D5434778C64DB790FF1E690E56F45E31A4547B40F14DB035CE3402D27CC00127B328B5EDD25E019B91BF1AF222FD09E17476B55DFA8F6CE6601E0E9DD8FAE1CCC79B1B1244CE579B6517BF0B0F72D2A35032B95C8B0547FA5C3FA33EB33D49B98120B49E20DB9F778A75B06986341361B91CFD5765F97551988716DF39988F69D16F77C027B86A8452DE399803DF3ADEFFE52A7C0D8F2466D50FAB54C4329321B26C4802FCCE79649C6CF0371EFC86F06B6780F8D84F8A8EC46225D06F78E46C49BEA071EAA5769814B0ED69CDC240CA37C5ADA7704C692A25C244AE6C528C03BAE9DDCA78070B7BE478AB67679CE34F78DF77ECDE38E627ADBDEA9B85AA1EDFE8CFA1047C15E7B187ECAB710F6BE3A104FF6A12EA741274ACB8F65C06B3706432E927E5014E2AEEC1786D47D307D57380E9208F72B12DB81FC2BC1CFCCBE4084213850AAF1C17A840101B5E5B42B722EF808F8AA1EDB7B28D3A0FF00460D4734EE1395C8717107322D1D395B40DBC4359501C9C1BF10D3FF00E567DB4E83EAD2DF19D060601C21DB8EF1313D162CCAE546CC2F56427FE9F55988A6FAD24B86F024CEF0B92EF388F1C959F673B77709C9C374F91FAF05C632A7A5C3E1DD1DF68F9022397E896ACC81BA3D9B8F8DF9488F15973D7635626FB88EDAC3F72756B4D33CE20B7E43C552F1C775CE7E94408E6F6B435BFEFBC70055FF0014F0EA72232D74238FBA55036CD101AD6C5DCF2E7DE2E37BC4DF7F84CA30933F054314C2038753EFB7C56B1D82AC4E1A94E7BA165F8839D85DBA78EB9AD0FF0067CE8A1487F2AD33E04C3966814DD1752142B02130A2D90B8C382091CD553249B0E0B9714C4547725C54AAEFA2AF65742D5EA80AA7B6B68179DD69EEEA78A92DA2F3173655FAF72001E3F90F9ACF925D8D18E3DC3743412741FE555B6BED4F4587247ACE3BB3CE1CE3F0539B56B8100EA1DF23F10A8FB6EA6F5164E8F36E04DBE0D3E6518A36F6465952D11785A9BF2E39C49E4F0D89E61D00F5296D9CD82C73B8E633327760F9E69B6C6A70E712340238F7DA08F1B85358BA6035A0131F7B3CAD07899004EAB5C9EE8CB15DC78D97B58DB4826DA1822018CC5C4F2DE4B6D2CB7070009CFC073333E217BB16890D2E306240E53BA40EBF92E5B86A95AA7A3A6379CE30380999713E77E4790599F2685C58DB646CFF004D58031E8D837EA470DEEED39FE68F10D3C2EEF6ED07557877B224E799CBCA3E1E7633806D0A628D21BC49EF102F51F91DD1C2DBA34007551FB40D1A23ED8EF3BEE34C86F53ED1F70E696E772B45947441E0E906D85EC418B8063216BF8ABF7ECD46F8AE0EAD8FEEBAA19ED0832D6D200440E1E392D13F65B4C9A551FF00CC1BE42FFDC9F8A2FA9589CD2F83A2C181A277EA387AC0B1FE6C0D23CDA15870F583802147E1A94567736DBA8748F714E9D4883BCCC8DCB7F25AA0BA4C72763B426DE99DF75DEEFCD0AFD453A47ABD5E05EAB95213B523EC871DE11E7FA7B9426018DF4756D72E61B7073600FF00503E6A4BB535259139E5F5F592698A66E3DCD6C93E881E12E612E11CCDFDDC1659FD766987D14218ED941B54BDBEABCEF6EE9BC2C4F475BFC00A3F1E00933EA8B9D60DFCCDBC485375F11BCE1C9BE1617550DAF8805E1A0F741F48FD26C6FC80EE88E079958F2A529E8D58AD4558E37A1AE1A5CC72B83E61C155F1F4B78375EF40E84013CBBA0F9953CDABBD4A7DA0DD35B488FAD1417A40411E5EFBFBE5523A63DAB565571B873BE0019CB4F2B91F5D15E3B36375AC02D650956902FDD8D64E86C09F94C732AC1B19B66A7C9DA42A2AACBD605D20270EA77951FB29FA2982D568EC5CB4C4C352759F096299E21D6B2B48AA22B1CFE4AB3B631DB8627BD9C74BDCF0FAE0A776957004F0CBF41AACE7B4389739C403DE913F203A48F10B3D5B3527489CC651DF648B96127892D9911E67C82AFD5C1EF87349003AF3F75DA1CB23F09E49CEC9DAAF6C3E25B037C1CA63DD7C8E435E536EC153AA37E86972CC9CD26E6DC0F974565F0E45BF914ED95822D73F7AC444CF10E136E124F925DEDFB4DD8BB406819E5DE24F30E73A0F20AC7E821A77843B26BF767A07373204E8A119807B5D2FCAF3130E9F6A75E9A782675DECA7456895C3D3DDA4C6FB46E4CC7AD781C4C18563ECE6CD14689A8E92FAB01B19867B2D6C653F29515B3F0FE95F4C1B6F3E72C858037CEC498E4AD9B52B7A36EF8F5A37698FBA2DBC7ADC0EA9137D86A21F6BE2C51058C8F4A477DC326363D56FC3EAD9F6D125C64FE83F33D159B14C2E9254262E8127740F9FD14434CBB5A21F0CD21D6CF9E7CBC55E7B29DAA76100A7B9BCCB92208CF3878F81074C955C35AD8035E1ADB8FE565ED3CF25D6F45E95FA893DD51873CD4153566D184ED3E16A39AEF49B8ECB76A770F813DD7781E0ACAD369191B83A78725F3F372FCACA5367ED0AB4A3D0D4A94CEA1AF96BA78B1C0F7BA792DD3FD33343869AFC193AE0FEC6DF08597FFEE8DA1F72AFFF00454FFC17895FC2CFCAFCA27F3F866AEBC7210B3952AFB633678FC424719FC667E1A9FF0015542165972FF634C785FB8C31BFC3ADFF00682A9ED4F5ABFE13FDC1085861C1B873B2FD5FE867FC6556D99783BFE34210FEA2F1FA58EAAFF1CF53F3533B234EA7E6BD42B8B2D7B3B3536DC9084D80A9F2715530AD91E9F24214C88895DDADA751FD8E59A6D2FE2BBA9F9A10950FA87CBE913D91FC5774F9A9CEC964CFE8FED0842B64E1948728B56D5CC7D705063277E20842563E064896D91FF5147A33FE07A90ED3E6CE87E2E5E2144F908F2409F9FC8A83C6E4EFC27E4BD4295C8C7C116FFE237FEDFE49CE1BD51D7F34217A3FD17991CCF57D891A5AFD71568EC1FF00D40FC0EF8A10BABFA87F4D332E1FE623444210BC79D03FFFD9, 'insp4', '202cb962ac59075b964b07152d234b70', '0'),
  (6, 'P', 'Alexandre',  'Oiller',    'Schrieves', '148703689-2', '675166900-3', 'CL', 'MD', 173, 30, 127, '539634165-3', '960-687-6660', 'aschrieves5@paypal.com', '650-853-9109', '623-374-7745', 'Human Resources', '1984-05-25', '2019-07-16', 'Y', 0xFFD8FFE000104A46494600010100000100010000FFDB00840009060710101215101010151515151517151718171717151517181817171717171915181D2820181A251F161521312125292B2E2E2E171F3338332D37282D2E2B010A0A0A0E0D0E1A1010172D1D1F1F2D2D2D2B2B2D2D2D2D2D2D2D2B2D2D2D2D2D2D2D2D2D2B2D2D2D2D2D2D2D2D2D2D2D2D2D2B2D2D2D372D2D2D2D2D2D2D2D2BFFC000110800F700CC03012200021101031101FFC4001C0000020203010100000000000000000000000104050206070308FFC40042100001030105050505050604070000000001000211030405122131064151617113228191A13242B1C1F007235262D114728292C2E12433A2F14344536373B2D2FFC4001801010101010100000000000000000000000002010304FFC4001F1101010101000203000300000000000000000102112131031241326181FFDA000C03010002110311003F00E9884214A8210840210840210840210840210840210840210840210840210840210840210840210840213420124D2402108402108402160FA8D1A903A985417B6D759E84868351DCB26FF31F905848D890B9B5AB6EED4E3DC6B298E40B8F993F05E2DDA7B51F6EB3C72C21BFDD4FDA2BEAE9E85CF2CDB51681AD61FC4D0EF556D64DB0FF00AB4E79B32FF49FD56CD42E6B6D428577DE946B8FBB767BDA7270FE1F9A9AB52134935A0421080493420484D08126921034268409084204842100A86F9DA9B350C4CC65CF822182403CDDA03CA65526DE6D41A5FE1A81CFFE2386EFC83E7E5C5732AD69713999536B645B3EF7AB2FAA5E497388927E3CB4C927DBDB574009E03BA4F31A4E9C155D1920800AC3B07B4E26C83F2E8B2C8B8B0691394FA970F0105486C9F64C9E043B1797F6550DB43FDF6CF303E45486DBA993155BA7104FEAA2CAA5AB2A3CE44807965F2591A8F0261D3CA41F8A8BFB5D10229C7947A47E89550F8C4D767FCA0F4E3E6B609B65BC2A032D2E0E690673CBC96EF716D707114ED300E81F90FE61F30B9E52AF501EFB81E80FCFE2B0AD6C1C083C75F4551363BA35C08041907304660F8AC9730D8BDAAEC4F6759C4D22409CCE0277C6A0715D358E04020C822411A10AA5459C6484216B0D092681213420484D240D09A4804934900A2DE568ECA93DE35032EA721EAA52D7B69EDA016D19C88C4EF5C23C9AF3E0165BC8D93B5C9EF9AA71193249927792735E177D88BC8CB32A65B687695C0F13CB793E5F05B76CC5CB9632333A720B9DBF8ED99FB55D4AEF6D3110B136669F742D9ADF77409555D9428BD8EB39509B77B0EE5E752E363F22DCD5C536A9B469EF846DE351A9B30466C51AAD82BB3DC1D44FC261742A5662E2BD6A5DE2335BE5378E496B354483FA281DB6E320F3F9F05D46F3B9A99D5A16B96FD9C69D3CE16FD9371DF4D56CD5F01CCAE9DF6777F870FD91EE9DF48933D599F98F11C173ABC2E57D2CF50BCAEFB5BE939AE6E458E079820E447357FDB959F95F432142B9AF0169A34EB37DF682793B470F395355B99A10840210840210840D0842049268409739DB4B5FDF100EAE23A06B08FEA9F05D1972CBCA6B577BCE6D69740E24C7E8B2B72CB672EB358E223DA2038F219E11E3AF45D0A8D8C30400A16CCD940A2C31BA748D7979ABBAA32CB72C995DD7E28AF310335AD3CE6B68BC9B2089F5EAB5BAB4E0AE7A76C32A27256362700335560442974DFC14C5D8BCA0F698CD4973242AEB35376A491A6F8539AD31A9F395D2571B116BD15555A9F25735DEABAD437A8D45E6B57BF180356A56DC246421C37EFE93BFEBC776BE6CF89848DCB42B554EF41FAFEEAB17C27E49E5D13ECBAF7243ACAECFDF69F470F81F35D09720FB3AB40A76C60224540E683C09123FF585D7D748E14D0842D61A101080421081A49A10249349025CD2F3A582B54A4DD0D471EB89C72E8BA62D036BECA7B7EEC8C658D9FDE241F99F04AD8DBEE4EED167EE3547BD2F7A741F05D96FD481A8D7EB45EB76551D8B48000CE06990303D02D62F4BA9F5CB9D89C46999CBC068A6D5C8956EDA6B301EDFA1FAE2AAEA5B98ECDA6467A2AAA9B3CD1AD6C3FBC40F8A8F5EC6EB3B7187B6A306B0E13FA15CEDEBAE7C2FEB576C346F3A7C7E6A5D908CF88208E90AA6C3F7ECA56807B90638CCC1078442BEAB60C403E998CB31B8ACE2FB1EB56F6A540627B801CF52BCDBB5B6670904F488F8C054569B202E71A8EC86F3BA372F0B2D4BB9AEEF5568331DEC404CC449119AA951645F53BE719CE9E5D462F20A5E2C4348E12A350B3599E26CF558E3BE1C1DE191F45E967A751A709196EDDF0DDFA2CA4A8D68A321734BEE860A8E01759A94CC10B9C6D5D970559E7F1DDEB3E698F6CDDF0F0B82D66956A1506A2A36798983E87D57765C028B0B608D44475041F82EFB44CB41E4174CB8E99A109AA484D24D008426804965092049269204551ED2D96432A81380FC7213D27D55E2F1B5D0ED1859C42114F6304506CEB067AC995596E6D5A8DECA954149B125D125C780E0ADEC74C86607082328E1CFC72F3502DA0B0E4725CEBB65A5DB7665B8C39CE0E870339B892D3324B8999E0554DE561827017664E5C493A003419E9B96D76FA85DBD2D9BB0B6AD62627009CF899F459DB7C3A7D649D7A5DB60366B252A6779739DD4E6AFEC957BA32DCABAF2AF89D87703A7CD4EB17B3D167E9F8AEBCACCDE1AEBD55753B8E9D4231010239E864470238ABFB43B385E52DE0078277873B1E02E0A03BD07149763921F27538842B1A3880892EE64FD4AC683277A98180277BE59CE78457BF715A66D7D9313F2199C3F131E3AADCEBB5575B2C02A3FB5060B1A481A8277483C125E1676715F766C902FA789DC1CE1D338F210BA400A92EBCDED77106770D3878ABB5D31E9C7E4F668426A901084D008404D0084D2409229A450248A6920D7EC968ED1EFFF00C8F047083007941585FEC2C014BB6D114DC5CD104924F33967D7F45477EDE3DA327864B9FE3BCF3658D66F0B41CF34B62EDF54DACD263A06073C898070C004FF0032877855F35E3725DCF353B50E2D39891CC1CB985398E9BADCEF86B455269C61CA38F3D79AB660606B709CC8CD69CFA6EA74C0351EF7179CDCE27083F84904C72F829B6168A9DD7B71613AC93E30A93F8BCB5348048E1D7455CDB483929F65636988127F7A4F94E8142BCEC41DDEA670B8791E47F55362A55A5D841D548B55400E5FECB56BBAF321DD9BE5AE1BB8F307785686B4ACEF839E7A9359FBD79D99D38BA7CD7838E4BD6ED6C9767A0416D71E32E3887B232F1C87CD5E054B70576B9D59A35639A0F8B640FAE2AE975CFA79B77BA09A49AA49A1013402109A0109A4506292C8AC4A04926920AEBE4776679798D67C16A56DA12C775FA0B71BE1B349C7841F2D7D256B0ECDA42E7BF6EDF1DF0D22DE3055707880086CF82DA6CE683698C2F640139104E5C7C27EB5857C5985468701DE900F8286ED8C0E7B6BD076174779B188699C8D77EA9956929F69648978813CF5DEAC2C4C687630F10632DC95A03096B6AD9864E749119C97BB48139BA2394F252AC55ACB4DF89B424C080402329D0139270FF1EAEB4D213DF1A49E83550AD57D5063834D4873B26B4032E3A40CBEA14F06ABDA1B93006E0CB84CEA8B3DDB498E2F8C4F332E7667332409D04EE0948A6BC29E36622D21EC708D01CC8E1BA158501004AF6AB473CC734DC777050B78CAACBFDEF6522F638B488320C6F0372B3A8ABEF861A945EC682496E400924CCE438A157BF66ECFF0F51E757D6749399301A333BF395B6AA2D8BB0BA85929B1ED2D712E71075188C89E710AF5779E9E5BEC26124D18613482681842134024535894015894CA45024934906351A0820E8441E856A36AA06938B1DE07883A1FAE6B702A0DE561159B1A387B27875E4A753AAC6B8D468D9839D24740A5E22D32325E54269D42C7882328FAFACD583E862D37E5F5F5B94C76AA1B7DA1D8B203AFC579D99EE99803D558DBA83184363BDAE7C17834341881E414D544FA0F240C4654CA617851A64EB1968BDEB3C302D623DA5B3A28AE74275ED437FD7255D6BB66E6EAB1B0EBDA3381AA93760FBEA60FE21FAA8366A19C9CCEA56C1B3960C44D670C8486F33A13F2F34CE7EDA91BAD4CE6D6CC16616AEEDA5EC2DBFB1DA406B6A06BA855D019CBB37F3C40804716CF13B405DECE3C669AC5358D64130B14D0649AC5340A5225294A503490920124D2402108414BB49610E676AD1DE6C788E1E7F15414AF47531F5C0ADDABD3C6D2D3BC11E6B40BCE839A498DE43873D146BC575C799C41B65F9353192382C685E6DC7323333E7FDD545E14F1683355F4E99959C57D9BF0BD5A3470E8A35A6F30FDF2B4D6D48304F9AB3B2D5CB2E0B784D2CDF6871CA567676672545A2711C95F5CB75BABBB0B7268F69DC390E27978A9E76F22FBC9DA91745D8EAE7786FBCEFE91CCFA2DBD9443406B4400200E4BD2CF676D368630401A0FADE9BA355EAC62663C9BDDD5732FB600D02CFF008E6A471C30D9F5C2B64D83DA316DA01AF3F7D4800FE2E1A0A9E3BF9F50B96EDBDFBFB6DA9D51A7EEDBF774F9B5A4F7BF88927A47050AE0BDAA592B36B523DE6EE3A381D5A791FD0EE4D4EB23E8642AFB8EF8A56CA42B51391C9CDF798EDED70E3F1D54F5CD4C9358A6B0648958CA72831944AC5081A1242069210804D43BC6F2A1676E3AF55AC1CCE67A0D4F82D1AF7FB4A125B63A53FF0072A481E0C199F1216F18E8168B43298C4F70689004EF24C068E249CA1516D4D97B3AAE91DD7F7873FC43A839FF00105A0DD978D7B65BACBDBD42F3FB45281A3400F6B8C34643205762BF6C2DAF4CB0EBAB4EF6BB711F5BC85B71D9C6E75CAE64DA0D2F1CD5554B161A953F2A9D783DF41FD955185E0F74FBAF1C5A78F299EA9DE75439ED681FE6863CFEE812ECFC3D571BD9EDE8F17D35A7D94972B8B35DF004FD754ECF66ED49AB86181D85BF9C8C8C721A2DC2E7D9F2F87D7D3733FF00A8F87FB2D935AF10B739F3502E4B91D5CF7416D3DEF23CC306F3CF41E8B7EB1595949818C6C01E7CC93BCF34ECF4C34000401A0DCBDD7A3389979F7BBA221683F6ABB45D851FD929BBEF2B0EFC6ACA5A1F1766DE81DC96DDB417C53B1D9EA5A6A68C190DEE71C9AD1CC980BE7BBC6DF56D355F5EB3B13DE649DDC801B801000E015210DC86AC8848058D5CECE5FD56C55455A46468F61F65EDE07E4771F107B26CFED359ADA3EE9F0F8CE9BA03C7181EF0E63D170508A358B4873490419041820F1046854D83E934D729D9CFB47AB4E196B06AB34C620551D773FD0F32BA4DD77AD0B533B4A1503DBBE3220F0734E6D3D5458D4D424858D62849340D254F7CED3592CBFE65505DF81BDE7F90D3C56817EFDA05A2B4B280EC58778CEA11FBDEEF879AA919D745BDEFEB2D944D6AA01FC23379FE119AD02FDFB47AAF965959D9B7F1BA1CFF0001A37D568F51E5C4B9C4927527327A93AAF372AFAC61DB2DB52A3CBAA39CF71DEE25C7CCA91666C092A251A7264EE539BCD50BFD836E2BCAC83F3BCFF2D1A8EF905DCAB2E2DF662315E9487E1A559FFE90DFEB5D3F6AF6A2CF606B7B4EFD57E54E93480F79D2493935B3EF1F5D118C2F9BA695A1A595581C0F9F50771E6B45A97557B3D63429FF00881506064106AD31BB189F63F379F13B6DF37656AED8AB69A8C9D5940B58CE924627F5273D708DDA7D1D9F7D85D8ACD6E34B1B8628A4DED5C0661B2E746F98220CCC3A329D5CEA72AF36E6F86EF735C14ECF4E98780FA8C6804EAD69F7B003C493DE224CEED15AB1AB58ABB566CF06D6C3D913845767784E59D4634777519B660CE40095B2D8EBB2AB054A4F6BD8E12D73487348E208C8AACF39E13AEDBE5258B32B16AAADABBE9B61B2D4B41F69A21838BDD93079E67902B52E5FF6B9B41DBD716361FBBA065DF9AA919FF2831D4B9688C72552A1712E7125CE24B89D4926493D4CAC56754F64058B1DB8A6E701AA0C895E2752BCEA56E0930AC121AF53AEEBCAAD078A946A398E1BDA63C0F11C8E4AB8260A0EADB3FF00692D30CB6320E9DA3048FE266A3AB67A05BF596D0CAAD15293C3DA74734E207C42F9BDB5148A56C7B4435EE68D727119F1C965CB7AEB7B6BB6CCB07DD5368A9588983ECB01D0BA353C96876ADAFBC2AB4B2A57203B50C019E008CE3C56B95ABBABD72F79C4E712F713BCA961A92318193AAC617A3960A860501B2B363265341950600BD8058D30B3282E3ECF2F16D9EDD5ED0E1228D8AB3A389C74401E25C078AA0B7DAEB5A6ABED15DE5D51EF92780DCD6F068D0059ECED625F59A34A8C18BA35E1C04F5C3E4AFACD7287D93B56B49A86D46900378ECD840038CB95E7D32BA259EF2356C146B9CDCE6069DF2F0709DF94B8711AAF2B35830FDED42491A6BD770CF3CFC3405795DF64751659EC85A09A61CF30ED5D8C070CDB967546739E13B948A746B5A5CE2E1869B4C1275272EEB733A08CF4CF25E6E76AD47B515DD51868B3DED77C0DD9EFFEF946616B5755AAD9773B1507775C73A664B1FD5BC79882BA353BBA982640D67FB959D96C0C7B8D52D1032665AF177E8BD19CC9116B2D9BDB0B3DB08A4EFB9AFBE93FDE3F91DA3FA6BC973EFB60BEFB5B436C8C3DCA025DCEAB87F4B63F98A99B6966A14F155C3EC89E12E393479E7E0B9B3DEE712E738B9C4C92492493A924E64A6BC118042CA1250D0BC9EDDE735EC02442D1E402CC049C217A0083109A70910B0129A4895A3DAEB6CBCF20ACDC140B9866F3D029F50A0F272F32B32B07141952F7BC126A74B43E08A683DD8B0B5BF0B495E8D50AF5764071282C363E97F9CFE41BF13FA2E99B15679A144C7FCD557F95203E202E7FB2B4F0D99CEFC4F3E997C9757D8CA186C5489DE2A3BF99E44F904B7991E542A87D770820680E710E32606519B5AE2781E2ACA8BDA1A413EF131D7BDF35483B95898FEF98711A7125BE0382996CAE4010649C87E620913CC4895CB1DEF86D307B67E06FB23DA3F252ADD5C5361DC00F45959288A4C8DFA9E64AA0DA3B58C984C4E6EE4D6E67E0BD08681B77781739B4B8FDE3BC7268F293E2B530A4DE56B35AABEA9F79C48E43403CA147517DA82708598083CC0F258BDD19AF471851FDA3C903A62732BD82C5A16410056282508029212CCE825609B72E8F3F994C7A685A3C979B90841953F64F5F9274824841282ABBD1D2E038210946D77533058A9F313E6495D7EC347B2B3B19F829B5BE2D689F59490B37EA0D6EB88AA70EBA0EB0E68E1F83FD477AB3B3D30F7B1DB8324789247A611E0842E7F1FF0026EBD3DAAD6C4E7706E4B9A6D95E448A846AF77623901DE7FF004842177A98D190124286BD1A1645342D112ABA4C79ACD8D4D081A01421062509A1062E2BD248C86EF8EF42160FFFD9, 'insp5', '202cb962ac59075b964b07152d234b70', '0'),
  (7, 'S', 'Aubrie',     'Bernardot', 'Brockley', '195057702-3', '044988171-7', 'GP', 'MT', 113, 26, 127, '245260998-6', '168-742-5034', 'abrockley6@prweb.com', '576-465-6882', '664-557-8976', 'Research and Development', '1956-06-30', '2019-06-02', 'Y', 0xFFD8FFE000104A46494600010100000100010000FFDB00840009060712131215131313161515171515181818171517171817191818171815181617181D2820181A251B151721312225292B2E2E2E1A1F3338332D37282D2E2B010A0A0A0E0D0E1A1010182D1F1D1D2D2D2D2B2D2D2D2D2B2D2D2B2D2D2D2D2D2D2B2D2D2D2D2D2B2B2D2D2D2D2B2D2D2B2D2D302D2D2D2D2D2D2D372D2D2D2B2DFFC000110800E100E103012200021101031101FFC4001C0001000105010100000000000000000000000501030406070208FFC4003F100001030203040804050205040300000001000211032104053112415161061322718191A1B132C1D1F007425272E182F114233392B24362A2C2162434FFC400190101000301010000000000000000000000000102030405FFC40023110101010002020202020300000000000000010211210331124104321322425171FFDA000C03010002110311003F00EE08888088880888808888088880BCBDE06ABCD5AC1BA900735A9F4AF3CEADB3240DA30675D9063D41516F026A9748F0C5FD5F581AF9801D69B4C83A10A5415F357487382FC41AA0C01A729D7DD66E53F8878BA2437ACDA0750EBF711C0DB5DEAB36B7C5F43BEA0024900735E69576384B5C08E2083ECB82661D38A959B152A1D92E075B0B4DE351BBD5586E78C32C68EAFAC06221A0BB41B6DD0126DDE39A7C91C57D08DACD2603813C26FE4BD4AF9EB039B3800CB35D78730D81060CB86808E1BB70D16D997F4CEBD16168ED7565AE7071925910767876A2DCF9A9950EB48B49C07E21D1AAE0C0030E8EDB746C91A83E4B63A59CD32409B1D1D05AD3DD3A8E61591CC49A2A02AA89111101111011110111105111101111011110111101797BA04AF4B41E99F4C7AA268B089220E9E2009516F105AE9EE7BD5D66D3DA80D01CE163B526C3BAD7EE5CFB3CCF1F54B5A4F6769CED906CD92498F35199C631F55CF7992E00EBC27E8B1B1CD9A6E70FFB4F86A7D8FA2CADE6B499E185530FB4D6BB5905C7C418FAA8BAA3470DC40F2067D4852D899752EA993B44898DDF7651D8D6ECF641F8224EEDA373E40044A952A5872049F0B7BAB389C51ECDC9B8FBEF575B4ECD116DFDE64DFCF4E4B12BB2E0EB32477DC0B778569ED0CAA98F76C8D9325DB53DFA13F3F15234B3A781B7BC6C0337B07587A0F2508DB11CA0C78C47A2A50AD133E5DDA7DF253ED56DEFC486BDD569BC6D39C0F68E87808D2FBB846F5B960B31A828D3203AF2D7E9B238483A6AED2DBEF0B9360EAF6E7491F213ECB6CCA7332D616D43FE5911079B627CBD4952A58EA5D1DE9EB016D2AAE25A1C29EDB9BB0E69DDB40DC81A131C0DE5742A5543807348703A10641EE217CB54F31AD46A1D8710379696804F3A864089DCBA5FE147488F5EEC3BEAB9FB4D065E22F1A0E245849B9F00B4B159AFA75D4540AAAAB8888808888288AA882888880888808888088883073AC70A345CF336102389D17CFB8CA152A5575420499DC745D63F15710FFF000ECA6CB6D38971DDB2D1A78920FF004AE5794650EA86580DB7BA6EB3DD5F117598322E5B22224703ACAB389C380CD96CC691CB51E575BB65FD1F31DA52188E8D3367404EBE2B26D32E5385A6580B742E92E76A6F680B1EB60BB5D86481BCDC4EF2E3A2E818FE8CC098D3EFE8B5FC4E11F4CECBA638000F85D392E5AAE2191D910675E7F7C54655682E3C1BFCFD56DB8CCB4BCED35A6FBA3DA16353C8AA0FC907593ADF7C6814CAADCB56AE0F8FDEE569B4AE06E9BF2E1EEB67C5647B1DA2493AC191E6A35F832377C8782BCAA5CB16910D7186CEED2CD1127D566D2C45479D9688048E56260589EF2554D3104447848F1566862889821BCE2DCD5E552C7BCC706EA4437AB3DA82C738933C605C08E0B2325CDDF4EAB2A3DE1D504E963A764580974DC1D478ACBC6D5755A25DF998096E80ECDC44FAF815AE60E810F6177C57771D26238E8B59798CAC7D2BF875D2F18DA0D0FB566B5BB5AF6ADA83BCD8ADC97CD5D05CD5F87ACEA80980F61027735D0E11FB495F4760B12DA94DB51BA39A08F155AB66AFA22285844440444414444404444044440444283987E25E28BEB3A9B60EC31AD1FBDE4384F87BACDC87296D2A6D6EFDE789DEA16B1EBB1C5C6E0D67BBC1B0D6FF00C56E94ECB0D5EDD1E39D3DB29C2B9B2BC072F6C50DF850D1044151D5B28A67F2A96956DC14AA8EA797B07E50ADE2302CE0A45C558A8542D2355CCB296998B1F25AA63728719B69A1B2E8789514EA0092111731CBF1D955468D08E7A284C4E14CDE489F9AEAF9CD2019102EB48CCE8020C58D878CC0F556CD63BCADE514C017DCD000EFB7D7CCAC0EA0B5C1E6779BF004C7B0F32AF61B1B0ED96DB783AFE506FC7F956F175B69A5BBDB20DF536D3CCAD735CDA5CCBDCE25C45A369BE277FF00BA177FFC38AE5D8622640223948B81CA5709C82982D78D25EE603CC8007C9776FC3D1149EDE05BEDF590A6FB446DA8888B0888808A8AA828888808888088880B1337C475742ABF7B69BC8EF00C7AACB51DD2164E1AB0E34DDEC839AF47580E240D4B69C93DFF00C92B736AD37A22C9C455770680B78A2C5857578FD2D8055EA6AF0A6A8590A38697410AD3D5F2D5E5CC255AAB18154AC4AAF2A46A52587568AAB596301EE58CE8597558B0F12E80A06BD9E54027B8AD1B30336DD33E2345B7E6DDA04AD0737796BB58BDC7BAB65CFE45835365DB5A469E017AA2E8203B46C39C7990091E8178CCE1C29C739E775E7164D9BA9800F8B6DFF2F45D199D393553B96D2D8EA89F85D536A3BCB4123BB67D5775FC3EA81D40B85F68ED4F1927E4B8A3E94755323604C6ED58E1A7226EBB5FE1CD10DC2362FC0F1178F451519ADAD1111711110111105111101111011110159C653DAA6F6F16B87982AF2A141C9BA315BAA159C44B9D50003B87F2A41DD2A34DDB2F61E51F259790E15A1B51C40FF5AAC770747C944E2314EC4D6751A549A767E273BB2C6F8C124F705CF736D74E6FF5E53584E9531D6220F053D85C635E010B88D6CD0537871A4360D57536BDAE7005C3741B4F25D2FA3589DAA6D75E1C2D3CD5B58DE7DA73BC6BD36A2F0BC56C400B1AA13AA8EC7E22C545D2DF16656C7B06A40588730A67470F35A666745EE3D9A8649B00099F05138BC2BD8EFF0036B31BC7718E706CAB39A9BD3A056C4B0FE61E6A33331D9B705019750A4E1D9AE238CCFA8D164E232EACCBB5F2DDD1F774EC9581B52216A3D26CB881204895B554241923BECB1F31A61CC238CAB67A46FF00B4690C617B368C0D0787647B928F64D51C2C7C009F7202B950ECB1E37ED8F20223CE3D558A661D3BC3604FF547A85D59F4F3F5EDB06271DD63B69B6696B607125A207A05DD7A0148B708C0780F65C07A3B403AA336CF64113E7AC78CFF0065F47F46DED3876161B47972E4ABA313ED28888A1A0888808888288888088880888808885069F81C3960735C20F595491DEF711E90BC8CB434ED53EC3BB841E32166E22A4B9C7892AC759C973F3DBB339E9AA62FA0141CFEB1C5D3B45D01CD0D04EB00891EEA7F03806D36801CE2034340DD6D372CBDB0375D792493756D7939F74CF8E4F51771189862D52AE29CF711361F585339AD586901406141065656F6D7E09AC2E0CB5A0B40877C6F91B713A341D3BD4774D30A1F4A90A3476835CE2FA63B05C4B486B8B85CC1F152981B09171C378EE59DD788B869EF10B7F1EFE3DB0F2F8FE738AE31D1FE8FE25A4B9E1CC21A6F37266C0CDC8D750B73E8C1A85AF6D41606D6B4EF8E5BD6D55686D6818D1E7E8215A6E18305B5EEB7F7EF55F26FE5793C78F84E1019E61844DB45AEE3DDD8F05B6E64D046B1C8AD4B3AA4431D00CDD573DA75D348C756804F1240DF7916F75EB05807BDC6741A77D8FC95DC165AE7B8083B41E0E9A08324F8AD88B5B489004C0903F5133E8BA7E5F18E4CE3E7A7ACBF0A30EC92369E4881B86B73E6BAF7E1BB6AFF0087739E64175BE6B9ED6C30EA1CE23B47AA74F7113EEBADF45E96CE16901FA49F325525E6BA77267C7EBED2C888ACE611110111105111101111011110178AC61A7B8FB2F6AD627E077ED77B211AE318B21986956A994C563767B235E0B9BAFB7A139E3A7B7D10D04958FB53702CAAD748ED157E8D26EC992A384FAF6D6F3BAA1A24AC2C0D663DB2442C9CF9A1DD91DCBCD5A2D652F0F92A5ED7E394C6170B60E6990B21F869DCB5EE8A664E1B60DDA0DBE6B70A35DAF1CD5B3E94D73117530F0147D7AA5BFCA9CC4C2D7B337D92C1178D3B445E55AAB4A1C246F549D0F0598E126792D7C71CDE5D2133CA8D35194E9B4349BB88D606E58D9F52A6D2C0224033E311F358F9862BFF00B640D4003D164BF06C6B5ADD92F717C92E3EE782B6BB5FC3C678A960CDAA74A98B97EC88F104FB2EB782A3B14D8CFD2D03C82D2FA179112E188A82C3E0E04F21C071DE56F4AD99C33F36B9BC455111598088880888828888808888088880BCD41208E457A441AA1A9B2D2786AA3700496F58EF89E27B81D0052D5A976DEC3C5C1639C300D00588103C172D9DBB73AE98B51DDEAEB2A9D98F250580CFEA1C49C2D4A4D0FED6C90603A0122C46F0B6534CB7E2A6ED40B5F5EE57917BAFAAD62BE5555CF25D50869D366C7CF5F656AA65E1921B201D6E493DE4DD6D353174B48702376C95158AAF4CDC4C1302C7C93E32273ABF6C1C135ACB0B46E52D4718469EEB5EC5663498E209748DDB26C983CD1951FB14C38998D22EABC45EF6DB8D60F6C8F15019A3F7297C2615CD378B833E0B5ECC6AFF009FB3ADA556B3B58942A6A0ACFC33FB2E3FA41F650D5DFB2E217AC7633ABC1D674FC4DD81DEEB7B4ADF0E5F24EDADE595B6EA3EA1B97127D5751E8B7453AC6B6AD7040305AC882786D701C969DF85F81152A4716B87D4FAAEDAC600001602C392BC86FC97D4558C00401006802F488A588888808888088882888880888808888088882033AA7B3503B73A3CC5BE8AC547CC15359AE17ACA640D45C778FE16B949F6858EE715BF8F5D708CCF726151CCAADB54A6E0E691C47F123C54A65FD26BECD7A65B0E3DA682F6C7E5D04CC1E0AF6ABC8A6D074511D166753FB466373AC312F3D6301E660E8371EF5118CCFB0AC6B27469048892D906EE0381E0AE56C152249D49E3B94662704CFD23C95AAB3C39FF00750F5B1DD6D577574E4F5DB7B4EB02D0D80413CCE8A5B23CA5B4AF3B4F2492784924ECF0D578C2E1C03652548AA7A5AC93D33DEF0C639C7815A2E1AAED55A954E97014D749F1DB2C14DA6EEB786F5AE62AA8A6C0D1AAAFDB3B7A6062EB6D396074A715D9A5406EEDBBBCFC23CA7CD5C6D6025EEF85B7FA0F150C76AA3CBDDAB8CF772F05B67A67EEBA5FE0FE1BB4E3FA587FF2217545CFFF000A68432A1E407AFF000BA02D18EBD88888811110111101111051111011110111101111016B59BE1FABA922CD75FC7785B2AC1CDB0BB74CC6A2E3E7E8ABA9CC5B378A82A4E5573868563502AFD20B18ED97A79A806E3EAB1EBB26EB2EBD38FBD16197C4A9A4597B400B1DF8B0D0AD63F19C38285CC71D0089E4AAA6AB1F30C56D54DA3A0D145636B4DC980BCE271407DEAB0C61DD56E6CD1A0FBDEA6466B3509AA6059A3D4F12B36961A0294C0E5E00D156B5257E5A673D3A0FE1A80293C6FB2DCD734E8B663D4D30EDC1E01EE32BA3D1AA1C039A641120AD2397538AB88A92AAA555155110111101111051111011110111101147E679CD1A03FCC789FD22EE3E1F55A8669D34AAEB510298E261CEFA0F553336AB772379C562D94DBB4F7068E24C7F75AB671D3EA145A4B5A5DCCF664F00353E8B48C5E3DEEDA7D47B9C46F264DB87A2D6BAF355CEAAE166D9ADE6B498677C97E9BDE4DD24EB9EEEB1A18E712435B2401C0F03753ADC68DC5681913A2A0719D583CEE7DD6EE2935C2E02C3CB3E37A75FE3EEEB1FF17AA62E752A2B198E026EB2AA60187407FDCEFAAC3AB93B780F327DD64DDAFE3B30BD8CA86AF51CE3CD6D55F2B60B80A3EA61070457843E132F2E3254EE1B001A23E4AF65F82F0529D5052B4CB03AAF25898C6297A94A161D6A728D64630AB18778E25BEEA7F20CEEA3699A61FB3FA4C0741EE3A8E4B55A8F97060D267C94BF57B2CDAD214F3DB2BE3965E52D9674BF18CAAF662594DED11B2EA72DDA06749983C8F15BBE5F9953ACD0E63819131371DE170EC4E3CB9F63613A77A91C0E60E6C10F21C0CB60F7EABB3F8BA797FCBC6B89DC76C45ACF44FA56CC48D87102A8991B9D1BDBF45B2858D96755BE752CE62A888A1222220A222202B588C4358D2F7B835A2E49B00A98AC5329B4B9E40038FC973BE94F48CD70583B34A74DEF22E09E520594C9CABADC8D8F19D36C3B41EAC3AAF300B5BE67E8B58CD3A61887DA4531C19AC7371FE16BD53131689F458D55FB85C9F41C16B31230BBB5935B14492776F3CFBF52563346D9BDFCD5BABE3AF159349C034BB734784EE5755879CD481D583FBA35E4B16AD22D0C6E835DC6E579A1483DF2EDFAF1E6AE17875493A0D04CF72092A36693FF00733D366EB7BA2E5A189D931C047905BBE0AA6D35AE1A3803E6B9BCFEE3BBF12F562FB1DB2637154C61812BDBDB30B1EB532445CAC5D28C7073B92B2685F8952F4E8C0B84A1851B53AA54C79C2E1081A2F6590B39C16257011691855D613FB9483C59635466F51CAE8EA186EDCA8BCF734DA3D5B4F677F32AE67199812C66BA18F9286C38DEEFAAEBF078BFCABCCFCBFC8E7FA65769B001A7F2ADF5AE2F806F1DA3F2038AAD7A9B2C2EBEF8D7C355E7034C068DABB8C93DFEEBADE724700766482441907420C6A0ADF7A21D36EB00A588203AC03F73BBF815CE710480298D5D726D61CFD95D22ED02D1A110A9AC4D45F3BB9BD3BDB5D3A2F4B98F44BA5AEA4452AA769BB8CE9E3BBB9747C3629B504B4CFCBBD72EB172ECC6E697A112515571476759BB30ECDA75DC7E16EF3FC2F59C666DA14CB8DCFE56F12B96E65993AB542E71924DF80E007057CE7967BDF0CDCD336A95DF2E748DCDDC072FB95058DAF16D4F2D1483480D93602FC74504E76D3C9216B2305DA20C5C5CAA3E981103D50983A2B6F7C9D2DE1AA916BF30027840FBE6AB9A55D29B4E9BF9EFF055C2D580E7EFD04F1E3EAB0D80B9C4EBDFFCA21974010C719B9006E9BEBF7CD530D0481E76BF25EEB3400D6CF1246EBFF0AFD165E6DF7F2523D35D7DF1F437F7537D1ECC20F52EDD2E61E2D9B8F027C885AF35D6D743A7B8F557EA32402D3B2E6996BB81FA2CFC98F946DE1F27C35CBA09B8B6E546B81E4544F46B37EB9A5AE1B351BF137E63885255981717A7A7CF3DC5C7B805EE885842989522C3644BCD40B12A859150A8EC763994C12E37E02E54C96FA4DB33DD7B30049B05ABE7D9E0F869DF504FD159CDF397D4EC81B2CE00FBF1508CA7AC9D3E5165D3E2F0F1DE9E7F9FF2B9EB2F349AE7193BCEBC3B965D2A7B56D9ECCC93656830BACD063407DD5EC5BC329C46BC47D1753818955C2A556B2D0DBEF93C0782926B0024C58099FBBAC0CBE8832E70324EBFDF559598D40D6764907BFCACA50B1857ED3DEFD7747BACB7111610EFBF5563024B580473DF33DEAFD3124971B4FD80A50A35DA37C7B8F15B3746F3D7B1C1A09902DC1C3782B56A6F97CCC0E31E0AE562341ACF77DFF2A35398B4B676EA7FFCACFE845CB3FC6D6FD47CFF0094597F145FF974E93D3BF8A9773D73E1F17F5222A63D34DFECCFC66FFD87E4A087D5115D550FCCFB2A54FCDDC511057FE98FEA54C37C41114A1771FF001BBC15FCB7577714441E19FF00B055C3FC211104964DFF00ED1FB1DEEB6CC4A22E0DFECF5FC5FA45BA5B966B1115578B4E5A3671F155F1F6088B7F0FB73FE57EA87C4EEEFF00A2F074F03EC511763CCACCC1FC2161E69F11FDDF44452AB3B2EFF4FEF9AC6CEB41E1F355452865D1FF004C7ED5E711F07F522220C37C3E07DD5315A8EF554528FA5A44441FFFD9, 'insp6', '202cb962ac59075b964b07152d234b70', '0'),
  (8, 'S', 'Antonie',    'Muzzollo',  'Sedgeworth', '296797269-X', '724769024-0', 'TN', 'MD', 105, 19, 127, '575182611-6', '498-367-3899', 'asedgeworth7@nasa.gov', '549-795-5815', '723-238-6683', 'Business Development', '1981-03-13', '2019-06-20', 'Y', 0xFFD8FFE000104A46494600010100000100010000FFDB00840009060712131215121213151515161515151515171515151517151515161715151515181D2820181A251B161521312125292B2E2E2E171F3338332F37282D2E2B010A0A0A0E0D0E1A10101A2D251F1D2D2D2D2D2D2D2D2B2D2D2D2F2D2D2B2D2D2D2D2D2D2D2D2D2B2D2D2D2D2D2D2D2D2D2D2D2D2D2D2D2D2D2D2D2B2D2D2D2D2DFFC000110800E100E103012200021101031101FFC4001C0000010501010100000000000000000000040002030506010708FFC4004610000103030203050407040707050000000100021103042112310541510622617181133291A1074262B1C1D1F01423527233538292B2C2E115163463A2A3F11724254374FFC4001A010003010101010000000000000000000001020300040506FFC40027110002020202020104020300000000000000010211032112310441132251617132B1145291FFDA000C03010002110311003F0089CF4C73938851382E13AC8AA394729FECC94FFD9D3A00EA4E475072AB38289A1595518B5E483AE5482A610B70F49231139C935C87A9513D8F24E91BC4F90E448DD4D45C9D215B4820027604F92753A627248FECB8FCF03E6A12DA2DFE90BDEE8D812E68CFF56DC479E546FB8A60C8A751A3939874FCA04792EC878C97F2645E47E8B8A368D3CC8FE669683E4EF77E6A43C29C44B7E071BF4EAABECDC5C75523A8810E6BC80F3BEE60676DD5BF0E709D22693CCF724001D982587C66633E38557E3C18BF3491577D66FA7EFB489D8F2283395A4BA7FB46B454D98E8EEEE6490641D84808716D4334C071CFF160102778CF2F295CF3F11DE9E8AC73AAD99E726B82B5BEE16E719A2D25B191A9A4CF30DEF4954EE91BE3C398F30B9650945D32AA498804DAA1743935E5641202148D0B842726091D4287254EF0A17040564B49EA42E51536AE396312B5C8CB738559A9176D582260FD6921F584963079694EA740F356145813EA001351800D30145511355C83A8F582075DCA3A3532B97450B4DF94C805D32AE146E0E7186824F4024A86899F4127C86EBAFBC30434E96F376E5D3B09E53D152189CFF44E79147F63AA35B440755824ECD9DBC4F58E8AB6B5C8EF16889F7889199E40131E414D7370F0D8D04623544E6372F7020127C1543AD0997073C9E6318F18032375D318C63A8906DBDB0A7526018304E4B86D3E6601FD6CA4B0B9D272E6C6DBC34FA6C154BE9BA27DE1D4640EB33905496C5C0E1D1F65C65A7C04E479A0DD0C959A96DC0696BC088D8F86C5A489077FD42BEBA01D4D8F1B8CFF00648C7E1E442C736A00220B43BDF6138DF0E61E5FADF65756559C28EF220E93D624C1F182B2C941F8EC26B5C8FDE3465C080D8FAD0671E7046DBA19D51EE2CD390037020CCE8D0493BCB5EDF829F8686BAB30B8480E046391391F374742E0B82CAA39AD870A7A466A39C1A1BA0100B493B8C81E9E016E76178E8B2B5AA0BCB194439CD9D5A2B34551C9D8034BBAC0270536FF0081FB569753305B32DA8D731DE739C1EA71D0A3BB216D4A8B3DA60358354434BCC61B3D01271BA2EA714A15AA3B4BAAD22D9925F34DC1B325F489D31CE469383910099CD5AD863A300EA2412D7082310B858B59C5F830702EA6E351E0FBA092E830644C97363682E8C661665E237C15C8E34CBA764042610A47049AC940C0AFC26045D4B72857B60AC01C0A8EA27B0AEB9A80418B935B513EA3540DDD13227D6524D496B31B46B927B90752E610C6F4A761A08AEEF142E82531D50928BA1B4253500D4B72847B215C3D0176C3C80F5200CF525320323BA77B36E92E8716824781CB7E4261036F7C3382E74180D1023E1BF53F1E88FBAE1FED09310644C12761C8FD6E9944F09B0D04830DD580412478EA6E2375D6DA54BD10516F6533A9D4275BE93D8393FDAE93FE100F9232CA9B88119232D7186BC7D978182D3D42B8ABC246AFDE83E044891E2654D4F8753805A208E8E1F8EE924CA4625154A52E0F60209F7DB1824728D802260F2F529B7DC31B1A983BA40247BA41778EDE191F7AD13AC64CC104F97A6C614BFECF76A389046DBE60020F8185379195584C9DBD2786E824D4A646019D4C2338E87EFCEF9571C06D8877B27496D4834DDF6A707C33008F3EA8C6F0A8707018E639E9E63CF983CA1595A59969EB0E91E637C78E3E48730FC456D8B4B5CD0043864FE1FAEB1D159DAF0D73F7CF98E9B01EBF794758D8E924C7789E9D7757F6568799FD744F1D826A8C8DE512D6B9A0824FBCE76D8980D6CF5313E27D19C1383546C7EF69B0CEEDEE96F4D5DFF3F7BF05AAE33C31A40D80E9DD127A925535CD1A0C677C362234B039E4B7781CA0C6721A51DA744E55568B1ADC1A956A47D9D5D2E6C86D400861224825A644CEE4C4EF1C962F8DF0F7D27C3C10E39277693D58E9CB4FCB65A8E15C329566816F36D5034BDA4B2D4178102743985F03A820677549DA0FDA69B1A2BB01EF168AA001DE332D7346C0C19191304388DE7917B043EC674A32DA84A15AE12AEED1A0051280952D9565E535A5A9042A2E2D84ACC55535394334A94B910222AAA0E6A5A8A14428917135750097F72812F8465DAA5BBA8AB42B74590AC177F6B01518AC53DAE2B710722F1B7128EB1A34DC25C5C73F5467CD50D3A855D70A754234B5ED19C03831CCF427E29A3D99ECB7A962CD3A9AD2D1E261CEF0D23EF47F0DB096C868F320127CCC652E1F446989D4EE64EC07EBA957F654C06801527BD9B18232D5C04623A118F41CBD142EE1E3F8403E13F72BC6B426168D9238A2E9FE0A316C6620FE08C65B6D2023AAB213123A4516C15F6A0E613A95B0E8A5715C0E48DA1E8228311F40F455AD7A22955548642192163F8C9EE42CC979132186369077F22E5A1BE3A86EB3D78E8C6A2D3938C4C6E3CF9F2C14EE56EC928D2A3B45AD7CB6A43751D45B05CFA81A0092D2E12044E76FABE11F12BBA5ECDD4C07540434E87821DA59105A093AE0B791F0236556CBE83DEA4D7E727BC1DE1A834EDB2D17666BFB6769AD1A01EEB4523BEC4EB0DCF7641249DF741ED509FC5D9E6A1DA5C44ECAD295D8854DC509F6B509717778E5C49747D599E6040F4420BA214E836698DD78AA8E25720E156BF88151B2A12652B899B0B6A7C2630299A94C881E14488A810E5109D8492D492D4317D7A167EF42D25D365545D5095644D950D6A22934A9996C8865159A011B02B1B02D6CBCE48C01D49DBF043E84459527192D049689C7C36F559AD0C8D3F0BBA86F7A038900C7227F15A6B17F702F3BB3A85B1AA606A7BB3CE361D4AD9766EE753209C8DFCCE50E768A4634CBD6949E526949C9A87442E29929EE50B5F984AD22AAC7912906A697A42BA46E03252276354D4592837DDB46E404EB2E2F45C603C13B60829A293253B44BC41863FD42CC7162EDB6772271E52797383E7C8ADAB9A1EDDF0B1DC783E8CEA12DDDA61A601DC10771F9233A8F64A372E8A4B5BBD2F1ADA5AE1F66627191B1077C2F41ECB5761074C35D1969EEFA80B0173784D20F1218E99321CD691B4982E1913F113C94DC3AF9A0897491B0D2E007A919F9734C9D744E4B9169F499D9711FB652D2D6C0F6A396C035E237E98F05E57542F63ED771F736C7406EB35A5B1047700EF96C09C18F9AF1F264AD2A2714C653A28AA741768B51B4DAA326552226314E1B84C3BA787612981AB20DEE455C14055726481649A92506B5C4D46B36B5020AB3114E7212B14E8593220D09E028812A6A54C959B12C4D6A92833BC24C09CF97345D1B54F75384BCD0E802FEDCB327982449E5D24AD27652E58D6547138044F2E44AAEA14DA5AE2EDC44787C54F6561AA8B8098351B88DC7C90FC978FA0EBBEDB5063B4CCF9647A951FF00BED6C7677C8AAEE23C12CC39B4DC7F78ED982759F1206DE65662F6C685379635B5A5BC9EFA4CCF21025D9E5848F2D96517177A37F6FDA0639C20E0FDFD11EEB81BAC55B7B20ED009D436CEA079E0C09F25B0B6B6D74DA46C42E64E52748ECFA56D8DBCE201ADD5E0B39C53B4954629532E276C12AFEF6800D0D23F155778E7805B4DA00D89DBEEE6A7CDA90DC535A32C1BC42E4E43803D70D56961D96ACDEF3AA41FB2728DB8E0AEAB49ACF66C9067599323120B49F9CA2F87764435BA5CE0D0482740D2E3110241246C0ABB9C9AD1CDF1C53DFF0065CF67CD6A47BC4B9BB49FC895A4E2366DAB4C8EA0C15476366EA6DF66E797B4FBAE7133E45DCD686CC77409D82E8C3272FA6473E6493E513CC6D9A2939EC74C4E971C11BE03B620F31ABD0ABBB1E0EC70CEE448D38C6DB4E672A4E3B69FBD706B65C72313239B48E73D3C93EC78834BFD991A5D4CE9DA3E5CB32A79E7C6290F831B949BFB155DA8D55EC010E336EF82237A6412D260E22239F2DB75E766B3A34C989989313D63AE57A276AA8E9B6BA0060BE947F7DAE0BCF0313E06DC15FA13CC8C6395F1E9D3FF00A1142A22F5A1695384404D2473A62D49CD728DC9CC533222AA82ACD564F6A1EA525489995FA5245FB249505A35629A63EDD1949928AA56C91B3345432D7C11746D95BB2DC27FB1095BB414809B494559AACCB1037854BD8D409687BFA4EC411FF49E4B45C04075377F37C31B0FCD6568D4D3558EE41CD9F29CADAD852D0FA806C61C3C3707EE565FD9582B5FA073C2689739EF6025DE19C08194357B1A40921809EA77F5572E04A19D4D4DE27E8EA8CBEE51D2B0EF4C0F8085A3B010C84388DA614EC10213E3C6A2F46C92BEC86F28070F155CFB41E47F5BAB819085B981B852C98E9D8F8E7E8828D223C3C8A2A903D67CD0D46A83B144D34B1845EC795A2CEDCE3F0E48CB6701880101695060147360E02EA8355A38722DEC71A2DD5AA06AEBCD62B8C006F8E8193A0BE369F1F48F8ADDDE08CFD9CF985456549B0FDE5E756727513CBC3C14B3C79544AF893E173FC519FED9309B5710275556ED1B3019F4985806D05B4ED85C4B9B498E0431A418C8D6E3DF07FE9F8159EA54253C3E98D1CB9B2739B680D94D35C15AB6D0A82EAD4A0E42156F4E614D7B6175A52189C052B6CCB972D1B2568ECADB09930941FECE3D0A4B5FFB2249ECD4056E158D3425B351CD09648039A539466A268AAA40B24A8DC2AEBA6239D5109725641B292B8CADDF0E76AA6D7833800F9F3FD78AC25D6EACBB33C54527163CF71DF00EEAACBA2909533641D084BCAC00443D50F11AC5CED214B2657147761C6A4EC56154D4ADAB3A5AD3EA7F455D3998F455B674F40C0D94D52E1C0647A8FC9184DC203644A53D065BBA37EA9D5A930C9FD054752F1C4E01C75FD6544CA6F79973CC74181EA14BFC87D505E157767594C992D3B131E225156B7BC8EE1774C0C282B30131F35276BA2DC93D32DE8D604A3295420C4ACEF0E7B838B4E6320F82BCA6E970F24F09B21962917D764BA96A193111E30BCFF887698D3B9345ADD02911ED1E72791D2C1CF7024F5F55BBB274B1C3A105633B45C0D8FBFD6E6CB740AA7182F8D027C3BBB782EED34A479AE4E09C515752D0BC971DC924EF19CF3535B70A56CE6C29EDDA14391304670B1081BEE1F016B2933084BEA42106C64CF32E296FA500C5A1ED1D28959B69456C2C3EC1D0E5AEB07880B1345D0568785D63D56B09A7D412417B5496E48C0B6CF467B55554491C9486E613C84618FAA982BAAEA9709ACA854D8A5CB0CA754A78425ABD581884B61A28EF68AACE6AFEF615155F79560C646FED6AEBA4D775683EB19F9AA72CD35493B693F7A7F662EA58699DDB24791DFE7F7A36FA8839E6A3963BB3D1C13FA68069718A20C3DE187ED7747C4E118FAAC230E1F1941B2C58410E01C1D87039525870AF6234D276964EA0D8040C46C53C136BB19F1B18F2C19D6DF8A7B5E3701C46F3A4C475929D528D4C43DA36C86341C7551D5B62EFE91E5C3A4C0F8052942BD945B2B6FF008F381D14691A8F3106468CF5709CF82E52B4AA487557CBB9802180F468FCCAB8A5458D1DD1B2EE890A6D0C9A5D1CE1F4F771F256341D9CAAFA55214F4EA2C9EC9CB68BFB0AB870EA40FBCAA1ED5F130CB96B4FF54D3F173C7E08DB0AFB7849F8AF3BEDFF00179E20F838A6C653F5D3ACFCDCBD4F1E9AA6795E526B66A6F789D2A6CF6951DA1BB17107483E246DEA9DC338B50AA7F77569BCF46B813F058BE03DAA01C5B572D7608201691CC10792CFF6DF835B53732B59BBF775038BA94CFB273489D27F84CEDCA0F2DB4BC68FA39D6467B932A46E82BFAE21787F04ED7DEDB11A2B38B07FF5D4FDE533E1A5DB7A42F55E07DA1B3BFA5977ECB5F62C24BE993D5BCC0FB946581FA28B22F65271DAB32B3602D5769BB3D77465CEA65CCFEB29F7D91D49196FA80B314C4A45171EC6E57D1C6B95E70C72A834D1D695216687468B5A4ABBF6A49271097D4ED04206FEC48EF056AD7AED4222175645A229999148A905321598A2136AD25C7CCA202A7521162EB086AAC42BDEB76126BAAEAB1EE92A5A8E4CA6DCAB41500B0E18F735C1CD191FA216B0D5D4D91F0E8B336D5034492001CCA0EE7B694E938358DD6D9EF6731F67C556589CD6838F3284B66B680521D932DDC1C011B1008F1072A68518C6D1DDC806B3135AD45E8DD30D352963A2F196889C7922194F0A30C18F0523AA42C92164C16B185D3510B52A6A32BB4A6573B7522908DA2C29DC06073DC6034124F834493F00BC5AFEF8D6A952A9DEA3DCFF002D44903D040F45EA3DA8AE29D85CD4EACF62CEBAEB9D18F26971F45E41385E9F8DA8D9E579B24E7C57A1C1EBA6AA88B93495D299C4D11B8F253D9D62C20831086A872BAC42CD47D0DF459DA5756A018FD4E2D31A890E9FC47AAD5711ECD59D7935283351DDCD1A1DEAE6C13EABE5CE1F78FA4F0FA6E2D734C87349047A85EA7D9AFA4DAA006D778781FC421D027EB8F4E499C7902E8D75E7D1AD03FD1567B3C1C1AF1F282AB2E7E8F6B5312C736A8E83BAEF81C7CD1D43E93EC8BB4B8B87DA1DF6FAC647C16CB87F13A755A1CC70734EC4735396243AC8CF30FF00772BFF005157FB8EFC9757ACFB40924F890FF2B3C3ECF8C4801DBAB1A775A9555AD937A2B5B5B68F24B97634105D16929D5A92998C49CB97E229454D6A4A07500AC2B0CAA8BEE26C6480648DE3654C7864DE89CA4A3D90D764202E6F194C49327901F9AAEE25C58B8F8720A92E2B971CAED8E18C57D5B641E572E82EFF008A3EA6E71C87242511992A268443552C5A3D7BB2949C6CA839FF00C2ED27ECB5C5A3E41599303C511C3AD432CED397EE2988F12D0E9F8CA65464EEB833478CDD1EA6097282B00A9590E6BA22EAD06E1026875FFC2E29C9DECED8B55A3AEB8EAA37D72EF2485292B91C829B914E3671ACD580886D300404A9371856FC02C7DA550E3EED3827F9B703D37F8218E0E724839322C706FEC613E976E7D953B5B31BF7AE2AE7EB1EE5307FEE7C179ACABDEDD718FDAEFEBD61EE877B3A7FC94BBA0FA90E77F6950AF69249523E7E4DC9B6FD8934AE95C44522A9BAEB12AA9311012B54AC7285A9E0A6406134EA4195A7E15DB7BBA0D0D63DA5A366B9A0F28DF05644393B5274C5A3D0FF00F52AF7FE57C3FD525E7DA9246D0367AC5A35585310AAA8562318450AEB95A3B221FED02ACE2BC6E9D1C38CB8ECD1B9FC82AFE3FC5450A7ABEB1F747E2B08DB87389A8F24B9DD7904F8F1A7D93CB96B48D2F13ED0B9C2077473839F8ACFD6BA2867D45192BA2D2548E6A6F6CEBDD2A385D2BAC091B1D1D0A50A3E69EE3884AD851EFD7749EEE1F448F7C50A4E1FCC18D23E6156D95F8AB4C3C73191D0F305687861D7656E7AD0A5FE00BCF6957FD9EEEB50261A5DED1A3ECBF38F595CDE52A7677F86EE3C4D3CA1EB0F05D1530A2A84AE29AB3BA2409CDA63A26E00CFDEBBAA654B896B24602486B44B89803A938569DAEBB1C3F8656734F7F46869E66AD53A43BE267C8223B2DC3C126B3B6121BD2799FC3E2B15F4EBC4BB96F6E0FBCF75423C18348F9BFE4BBBC7C5C23C9F6CF37CBCBCA5C5748F216B60272492E94701C5C4E4D4C019506172985CA95390DD48C0B18742E84A124500EA492E2630E94932525AC07A98289A4EEA8685CBAA9A58E774693F2523A598BED45F7B5AE403DD6E07A6E5024A81AE9793FACA94AB2D2399ED8895C292E2D6612EB4AE2508187CAE84D5D09427D11D8BABAF865A9DE28B5A7CDBDD3F72CB7D21F0ACB2E5832C10EF1673F86FF1565F45179FFC6B41CE9AB55A0786AD5FE65795436BD3700DF439F34B962A6A8BE09B83B30BC238807342B27540B3B7162EB5AE59F51DDE61F0E9E615A53AD895E734D3A67AC9A6AD1255794770CB07D480C692260BB90F32AE387766C407D6249201D030073C9DCFC95E5B3DCD905AD0DD9A0088015E183FD8E5CBE556A0385314A9B58DE423F33F15E11F4C179AEFC33953A2C1FDA71738FC8B57B8DCD592BE71ED9DCFB5BFB97FFCD7347933B9FE55D0DECE17D6CA60BAB8922209455898C294AE264007A2D450098199F9952858C72172139721131C29AE4E29A1631D8492492F20F13D5C3507C7B16F50F87E2AD0B501DA41FF00B5A9E43EF096F65A5D1E6D4772A6287A7EF1441554CE738924910B5984924905998E85D4D95D4027A1FD16F6969D29B3AA7487BF55279DB5B8006993CA60478C8E616F2C43E9DD39B274BC480791E71E057CFB5765EBDF461C5EA5CD102A9D4FA0740719D4E6E0B751E6631295AB65212F46E6FAC69D6696BDA3C8F5EA0F2581E2B64EB7796998FAA7A8FCC2F4BA8C43711E16CB86163FD0F307910864C5CD7E4AE1CFF1BDF43B83DE8AD429D41B96807C1C30E1F1089AD0049598ECE595C5AD6A949E26939A5CD70DB502D1E8483B782D03CEAF2453D6FB12714A5AE80EA9324ECBE68BAA9ADEF7FF0013DCEFEF389FC57D27C66A7B3A35AA7F052A8EF83095F3334600F009520499D849757532263617404E84CAE60475C220394FAF5FD052051852058225C5D5C2880638A40263B2404F94AD851D4972524831EC353755FDA4FF0085A9E43EF092482ECACBA3CCDBEFA2124958E612E149258C25C49244C7575249008DAABD27E84F6AFF00CCDFB924965D851EBA761E413A8A492A006DE6DEA140C4925298F1E8A6ED97FC0DE7FF009EAFF80AF9C124929A4757524930A38282E392EA4B301D09C12496463A535C9248B311F3F45D49248C64249249009FFFD9, 'insp7', '202cb962ac59075b964b07152d234b70', '0'),
  (9, 'P', 'Mallory',    'Bore',      'Burkill', '989345001-2', '027515019-4', 'VN', 'FD', 88, 16, 127, '141050204-X', '483-951-0456', 'mburkill8@google.com', '770-314-8933', '498-419-0127', 'Legal', '1989-06-22', '2019-03-07', 'Y', 0xFFD8FFE000104A46494600010100000100010000FFDB008400090607131312151213121515121715161718171815171515171815171A1717171716181D2820181A251E171721312125292D2E2E2E171F3338332D37282D2E2B010A0A0A0E0D0E1710101A2D2520262D2D2F2D2D2D2D2D2D2D2D2D2D2D2D2D2D2D2D2D2D2D2B2D2D2D2D2D2D2D2D2D2D2D2D2D2D2D2D2D2D2D2D2D2D2D2D2D2D2DFFC000110800E100E103012200021101031101FFC4001C0001000203010101000000000000000000000506030407020108FFC4004110000201020206070507020407010000000001020311042105061231416107132251718191A1B1C1D1F0142332425272E16282347392B2243353A2C2D2F115FFC400190101000301010000000000000000000000000103040205FFC400221101010101000300020203010000000000000102110321311241043213617122FFDA000C03010002110311003F00EE200000000000000000107ACDAD387C147EF257A8D5E34E2D6DBE7C97362DE1CEA701C7F4974A3889DD5384292F39CBD5AB7B081A5AE38BEB36DE22AA77CBB72D8F385F65AF22BBE58B278EBBF039660FA50AD74AA51A7256DF16E377DF7CEDE05BF41EB961ABC139D4851A9C6129A5E69BB5D1D4DCAE6E2C59014CD31D2261E92FBA4EAB6EC9FE18F8AE2D7D5CA4E90E92F18DF61C20BB9457C6E45F248998B5DA41C8343F4AB5E324B114A3523DF1EC4D73B6E7E191D2F41EB050C5C76A8CD36B7C1E538F8C7E24E772A2E2C4A000E9C8000000000000000000000000000000000142E9575B3EC947A984AD52A27B5DF18EECB9BF8116F2264EBCEBC748F4F0BB54A85A75F7396F841FFE52E5B8E31A434A4EB4E556ACDCE72CDC9BCDFC882C462DD495EFBDFA1E9CAF24B7A4965DEDEE451AB6AECC912946BCA4D460B3F61B7B5B3BE69BE2AF6B7B08F75D538B8A79EE6F8B77CEDC8D78D34F372F54D1C71625E38AB3CF77D7D791F6BD76D277C9A97B3710D569CA1669DD3DDC7C8F73AEDC639679A6BC7FFA3884961748F16F3F77719258A83ED3F0FA442E1B08DF07E04AD1A12824F615979F022BA919636DFB3EDCCD9C3E909D2929D39CA9D45F8649ECBF0BEE7E0D588CC463B69766CE4B7ACD5FC2FC48BA95F69392FC49F6932788B5FA3350B5DD62D2A35AD0C4A5E0AA24B7C570977A2E87E4CD13A625094671959C5A69A6F2B1FA4351B5916370EA6DAEB6292A8B7676CA56EE767E8CBB1BFD551BCF3DC58C005AAC0000000000000000000000000001E6724936DD92576F923F2F7481A5658BC5D5AADBD9726A0BBA0B28FB15FCCEF3D25698FB3E06A59DA753EEE3FDDF8BFEDBFAA3F37690AB9393E655E4BEF8B713D75093ABB32373035EF533DD7F6F0232CEA4AC95DB2D9A2742ECACF7B235C91D78E5D563A54369DFD11B13D15295B793784D1E9702570F854B814F5A2662B343414D2B3CD7CC90C26AE67E77F8967A54B9121470B16B3447564CC42D0D05151B5BD86CC74724AD6CBC09D505631C92205334A6AE425DA8F667BD35DFF128DA6F073A152EE364D34DADDCD79DBEAC762AF4484D2DA2A35A0E125BF71D675CAE758EC725A58849EF7E3BFD8752E8B34FF515E2DBECCAD1967938B7BF9D9E6733D27A32587ABD5CD5D707DE896D0B29536A51778DD3F0EF2CDF3D58CF27D95FAD933E95FD45D2BF68C1D395EF28F61FF6EE7E96F3B9602F97B3ACF672F000128000000000000000000000000719E9BF49DEBD3A0B7421B5FDD37F24BD4E2FA62B36F64E81D2DE336B48D7FE9718FF00A62BE650747E1FAEAE97E559BF04533FB5B577EA44C6ADE88B2DB92ED32DB429A35E852B23728956AF6F5A719E4E46E61E9A37234CD7A0C91A30C8E7AB38C987A46FD38986823327DC475DC8FB331CA2643EC60475323038986AD14CDEEA8C53884F153D6DD00B1145D976E39C5F3FE4E6FA271528C9D3978783477074F7A3936B3E8EEA71ADA594FB56F1DFED2CCDF5C66F267DF5D3FA15D2AFAC9D0BE4E2DB5DD28DAD6E4D37EC3AF9C0BA2AAD18693A77766E1285BF55E3D9F17F5C0EFA5FE3FEAC9E4FEC000B158000000000000000000000003F2DF48ADCB1B5DF7D4A8FC949AF8234B533099CE4F7E5F12EBD2C685852C5C941B6AA463377E0E5293925CB2BF995BD535DAA9CF333DFDC5F9FB2A66AAB1EE89F2B1968C6E575AF1F1B785B92D874DE445D05626706CE174F8D9A4B2B23DDED90774629C98446C4599D2E46B534FBD9B0A3CC874F123138E666503EEC8A96B58A2EBFE16F5294D6F4A5EF5FC97F944ABEB351DA9C17727EAF77D723A9546D01A220D62F0D529E538D4A77B715B4BE7ED67E913F36E1E4E962A9CA3B94E0D7934D7C51FA48D3E2F8C3E5FA000B5500000000000000000000000038B74CB45AC527FAA9C5AF571F83F5285AA73FBD97766768E96F44F594215D2CE0F65BEE536ACFD7DE717D5DCB10D737EC653A9ED762AC5557BCCF875C0D5A95334AFC4CD0A73965029D35E1254B7925467E991051C2E2166DC52E6D27E879AD8CAB4F3959AEF599C2DEC5BE9CD6CB7F59D9189E6F790984D23785AF9B69F9264C53849C6EB7DBDE131B54E49199CF915FAF1ABB94B3232BE9AAD4DECB9C1A5CD5FD7209EC5CEE7D2B9A374CA7F8E6AFE2BDE4DD3C4279A926BBD34C84BD49DD3F12AFAD35B65C5F26595C959951D6C945CA316D26D5978BC97B4EA29DFC6A6AE61D57C4D38CB38CA718F9397D7A1FA18FCFDA972953C4D3AAE3785395DADCF75B2E7BBD0EEFA3B1D0AD4D5487E17EABD0D3E2B3E3179737EFE9B4002D52000000000000000000000000E4FD2DE2ED8BA54DBCBA9528E7C5CE6A5CB82398E070DD56324A0E7562DCB65A8EE5279397E9B5F3EEB33A7F4C3867F6AC354B767AAA89BB714ECB3F19AF4650742AB6264FFA5BF6946AFBAD3333F19636713847194E35176E351C1E6EDD9EE48D2A6F6A4E2A29455F34936EDC2EC9ED3EB6A539709D494EFDEA56773468D0EE5E471AF556627622356B1CE5889536B656D452494B3BDEF2BAB2B2CAF9DF3CB8DAC3A52941A694A519E69E6DC5DB8F6AF75ED3D6128C20DB50577C6CBE9911A764DA7B3D97CB7BF323BD772593EB4F038BA91AAA167269E59A49FB793F42FD1D275214D6D52B2B64D493CF82E051F57304FADDB94AED2F6DB3F897E9617ACA56E2B35E2B3B799CEB9D5B896E51356AEDA73DADA57B3776A3E092DEBD4AEE909F5749D482CD3B2B24BDC5930BA2F614F65B7194AF9F356B58C94F47F071B894B3D73E34353F4854A94DCA5252B462F38B8BBB59C53693BADD7DCCB4396D47349BEF7BFF0083050C228A494547CAC6EA8C5771CEB5DA8CE6C9EEA220B10E738A54F6239296D49CEFB2A4AF1B5ADDA5C485D62A494ADB1172B5DCDABCB9ECFE945CA114AEED9B777EECFC925E455B58A4955B3E31CBCAFF005E625359F4F7A0A9EFBDF3CD773F53A56A0CFEEAA47846A7BD152D13496C45C5E4D6E7BE3E0FBB916DD42A0E34EB5F8D66BD12F99678BFB473E792786CFF008B4000D6F34000000000000000000000001CF3A684D6169D48ACD54B37DC9AFE0E5DA2B3AAA4B3528BF5B7F1EC3BDEB768BFB4E12AD2B5E56DA8FEE8E6BD77799C2F45E19529C6D7B4A4AE9F0DA96CBCB871F429F24F6D3E2F79FF008CF26EED3795CDEC3D246A626169B37683C8CFA6BC72C7DC42B2207484EEECB225F1F36A3CCABD272AD296768C5DB9F3194EA7135A115A565E05CF0D512562B1A1B0DB57B165C3E1DAB5F8ADE4D5D89FF96C51A2AFBBE064A90B3C9BF618957715DA597D6667A73527747059D79EAEFDFEBF232468AEE36210424471CB04D103A5B45CAAD683B7613BC9DF82B96099E783EE95D3F064FC73F6F11DF68B3D88EFBBDDDC746D5DA1B3423DF2BC9F9FF162A182C0BA938D382B27F89F7456F3A0C6292496E592347833FB67FE5EE7265F40068600000000000000000000000000E37D25E8674310AA422E34E7253BA592937792BF0CF3B733B21E2B52524E3249A7DEAE8E759EC778DFE37AE11A5A1DA3EE19646D69EA1694E3C6337134F0F3B232EE3778B5E99317945DFB8A9D6C04F69CA0DACF8645971736E2DF0305069AB119F4B6FB78D038AACBB3B2AEF8EE2D94B6E495E5BBD845E8DD88AE17E049E12A6FBB5BFBC8AB332C6C460ED693DAF13C50A4E2F2DC6C536999B648E27AF7191ED48F3147C7910E6D7C966C93D1BA0AAD5A6A7B518A6DEFBDD24EDE645BC9365EF412FF0087A5FB13F5CCBBC789AFACDE6F26B13B9345E8C8518D96727BE4F7BF92378034C9C60B6DBDA0009400000000000000000000000000003926B760DC3175A2F749EDAE7749FBEEBC8AD45E763AB6BD68ADB846B4576A194BBF61F1F27EF39362AF193C8CFE4CB5F874F9A4DDE1D5A6D73443D0C2CD65D6C9F36A37F71213BCB314F0EDEE2B9E9A3BDAD8C3602A38E551FA2F912D84C054E336FC92F81A185DB4BCF8133A3F6F75F2E6475A26BD10D1EEFF008E4BC2C8D88E11C55FAC9B6BBDAB7A58D8A706B3666706D1CDBD45AC9467919379AF49199CC872F159FB7E05E757277C3527FD36F46D7C0A05595F33A1682A5B387A4BFA13FF00576BE25FE1FB593F95FD637C006962000000000000000000000000000000007C68E5DD21EAE7553EBE9AFBA96F5FA65F267523574A61555A3529B57DA835E76CBDA46A763ACEBF1AE0124D6E3ED3A9DC6F2A6A517C1A934D704F972762366F65E666D65B31A4E68FA1644CE1E16DDC8AE6171A9259929431FC4AEB4FE69B8733D2646FFF00A0795889C9E4AD7EF23875BD56B2478BB7BF8FB8F94685B3966F81937E7C484C8C737ED3A6609FDDC3F647DC8E615EA249BEE2E1A9589D9A30A337DA4934FBDB576BD4D1E0FDB27F2FF4B3000D0C4000000000000000000000000000000000000E33A7707D562B134ED939B92F093DA5E9B440E260A5BF7F7F1DE5F7A47C2ECD784FFEA5392F387F0D145AD0E251AF55A33EE30E0A85E567DE4FD1D1D14B2469E87A3B52B96471B14EAB4E63470F85E46F52A5B27A83BA1399CD5D9849DCF3391E672B667D506DA4B393F6737C8993AEF566676B1D1C3BA95147F24739737F963F1F4269E5B9B56E29D9AE69F03DE170CA11B2F37DEFBCF3886926DE4926DF8236633F8CE3CAF2EFF3D755ED53D79C451C54F0B8BA9D653854D8EB25F892693849CB8AB495EFDE75B4CFCE588C475956A55FD726D782C97B123ABF471AC9D753FB3D47F7B05D86FF0034170F15EEB12AF8BB0009400000000000000000000000000000000299D2735D4D2FD5B6ECF96CE7F03986DDD3E6B2F13A3F4AB512A745DD5D5469E79A5256BBE5F2395D2A8D473DE9DFD6E55BFABFC7F16AD016B5EDB891AF3CD15DD5FC5B4DC497956B99EC6DCFC6DC6A98955BB35675B2B7D58C983A12A8FB39478CBFF5EFF1DC266DBE9DDD4CCED6DD36E52B455E5C392EF7DC4D6070CA0BBE4F7BFAE063C1E1E30564BC5F17E26DA3563132C1E5F35DDFF4C8CA8EBEE93D8A6A845F6EA6FE50E3EBBBD4B1E3F1B1A54E5526ED18ABBF978B3946371D2AF5675A7BE4F25FA63F962BC8EEA978DCB23734763654670A9076945DD323F6AEEDC0CAA48E52EFFAB9A6618AA11AB1DFBA71FD32E28943F3E685D69AD83A9B54A593B6D45E71925BAEBCDE6B99D53573A40C3622D1A8D51AAF849F61BFE99FC193D7362DE0F899F494000000000000000000000084D64D69C360E37AB3EDDB2A71CE6FCB82E6CE43AD1D24627137841F5349DD6CC2FB4D3FD53DFE9603A9EB1EBC6130978CA6EA545F92166D7EE7BA3EF39B69AE93719886E1874A8C77767B53F39BDDE450E1072CDBB47BF8BE48C9A4B1EA8517B2929B565C93E3E240B2683A8EB4313D64DD47B7184A4DB6DCA3193966FF007A447D68CA13D89F7652E1257C9AE7DFCC746D2BE12AF7F5EFFD902CB530B0A9070A96D9DE9DECE2FBD3E0459D778D7111A2DA4EE48CB1AAEA2B36F25159B7E057A961AB3ABD545C5DF74EEACD78717C9176D09A1A3417EA9BB6D4DEF7CB92E455FE3B6FB69FF3493D3EE0746B976AAFFA16EFEE7C7C3713B4A36C8C70899A25D9CC9F19F5BBABDACD13226622075BF4E7D9E8BD97F793CA2BDF2F225CABFAF3A63ADA9F6783EC41DE7CE5C1797BCAE5F81828BCAF7CF9F79EDC9FD7D7239B5319518EA4CC72ABC8D6C554C9F81031AAF76DF33668D7B11B09D8CCAA1285E756B5DB1386B253DBA5FA259C7C9EF8F91D575775D30D8AB46FD5D57F926D2BBFE996E97BF91F9DE15399B587C567BC751C7EA20716D5BD7DC450B424FADA4BF2C9BDA4BFA65F0773A7E81D68C3E2D5A9CED3E309652F2FD4BC0E909A0000000000000001F9D35EBFC656FDCFDE5650040DD7BA1E0436B3EF7E3F00022AD1D18FF85A9FE73FF644C7D207E0F2601D42ABB82FC586F14772C36EF25EE009D19668FCCC88021DB21CEFA45FF9F4FF006B008A2B347F0F92F81F6A6E00E52C6FEBD598715BA5E5FEE40103538A327100943D3DFE47BA1BD004092A3C09DD5CFF00114FFCC5EF00983BE000E9CBFFD9, 'insp8', '202cb962ac59075b964b07152d234b70', '0'),
  (10, 'P','Ashton',     'Allchorn',  'Stebles', '357393621-0', '822079639-1', 'KZ', 'MD', 75, 20, 127, '245002620-7', '573-545-8562', 'astebles9@earthlink.net', '117-742-9170', '635-351-8600', 'Research and Development', '1994-10-08', '2019-03-02', 'Y', 0xFFD8FFE000104A46494600010100000100010000FFDB00840009060712121215131312151515161715171517121215161515151517161715151515181D2820181A251B151521312125292B2F2E2E171F3338332D37282D2E2B010A0A0A0E0D0E1B10101A2D251F252E2D2F2D2B2D2D2B2D2D2D2D2B2E2B2D2D2D2D2D2D2D2D2D2D2D2D2D2D2D2D2D2D2D2D2D2D2D2D2D2D2D2D2D2D2D2D2D2B2DFFC000110800E400DD03012200021101031101FFC4001C0001000105010100000000000000000000000402030506070108FFC4003E1000020102030603050604050501000000000102031104213105061241516113718107223291A11442B1D1E1F0527282C123435362633492B3C2F116FFC400190101000301010000000000000000000000000102040305FFC40023110101000203010002020301000000000000010211031221310441327113516142FFDA000C03010002110311003F00EE20000000000000000000000000C7ED8DB3470D4FC4A92CBEEA59CA4FA4573233DE3A52A352AC1F17869392D1E76FCFE856E522D30B7DD3320D5777B7C69579AA4D3526DA4DDAD2F89A5E7C297AB366A55E32BF0CA32B64F85A767D1DB418E532F86585C6EAAE000B2A0000000000000000000000000000000000000041DB3B4E386A4EACD5E29ABDBBBB0B749936B98EC7D3A293A92514F4B9A86F2EFBC20DD3A2D4D34D3945E8EDAC5AD7F434ADECDF29E22797BB1574B875B3EAFE46A55F1577CFB5F4F432E7CB6F91AF8F824F726736CED7AD59C5CEA39F0FC2AF945765E88834F68CD2694DABAB492E6BA322536FAA5F89EF817FDB3856991230D899A778B7D5726BC999BD89BCB5F0F59D5566DA4A49E934B93B7DEEE6BF4E94D3C9DBCD3B16F1B097295A5D3BF5444BABE26E32CF5DEF76778E9E2A9A77519DDA71BE6B9ACBCBF06674F9BF65ED56BE3F8B935A7CD1D8772B7B69D78C28549DABACA37FF312574D3FE2B6ABB1AF8B977E561E5E1EBECF8DBC007767000000000000000000000000000000000E7DED5F6DA8D2FB3A5772B4A4EFA59FBB1B7D4DCF6D6D0587A33AAD5F8564BAC9E515F368E2FB72B4AA54BCF36B36F57296BF2BB387367A9A68E0E3ED76C354A1C34D396AFB69DBBB319515B9FE6677149E527A2CF3EBCB2F5212D9D2A9EF34CCB2B77540A53B7ED195C3C1B592F9C91270DB25BC943D6C66F09B16CB34AFE5995B57C706AB5E2966E6EFD2306FEA5BA89CF2B37FCCB3ED67F9DCDD69EEFC3597D5DCAF11B195BDDCBD08DADD5CF6AE1A5177597EF42FD2C4558253A4DC67069E4F359EB17DAE6DEB62677959F97E447C66C78D9F0AB32D32532E36E5ECFBDA04715C387C47BB5F3E195AD1A96E5DA7F8D8E807CD189A32A334D37169A69AD53E4D3E4EE773F67FB6E78BC246751DEA45B84DE59B5A4B2EA9A36717276F1E7737175BB6C8003B380000000000000000000000000000354F6818CE1A5082CDCA5C56ED1597D5AF91A0430CA4F3F3374DF59A95551FE18AF9BCFF002359853F78C5CB7793D0E09AC22C3C1C74B1268E1A2B917940AE28A58D78AAA74EDA1220CB512B894AE8AD9449155C220599408D5224D996270058C1ED9C129434CD1B07B20C5B4EB506F2CA715E4F865FFA98DC5E8CB9B873E0C7C5729464BE6AFF00D8EBC596B28C9F918EF1AEB40037BCB000000000000000000000000000073FDE595F1153CD7E08C650A2D66CC9EDDFFAB9AEFF00D911AABB18AFDAF4B0FE316A56042AB524DE442C4AADAA97A5CABACBA67A2AFA1763419ABE1B68D68BCFEA8D93038BE2452C5E66B9E0B2A5439976A56B230B8DDAB25A32BA5BB3253816AA231343684E5ACACBBAFC092B1571A3BA3E3DBB17775E56C6D17FEEB7CEE8F2A7BC99EEECD3BE3692E924FE577FD8B63F638F2FF1AEB6003D2792000000000000000000000000B788AD1845CE4ECA29B7E48D496FBDA79D2BD2EB095E4BCD68FC8C96FCD6E1C1D4B7DEB47E6FF439BECF8B8518DA3ABE2F4BFE470E4E4B2EA377E37E3E39F1DCB2FF007A6C3B47170AD897529DF85A5AAB7249E45BAE5AC1D9A6D7917A671B7F6EDD75E462EBCEDCD45736F4463715B529D39C20E9D59CA7F0DA3F17749B466AAE0A32F895FA18CDA1B0E15E4A5557170E97EC4E3AFDA32EDFF92AC62E319C135C4AEA3256BAFF006E79F9192D9352E911F134EF18412BA8DB853D236E649C3D3B15BF16C65DFAC8E326B84D7F1568E73C96BE9D4CAD479223E22827CB371E17DD1CF1FAEB9C62709B530D3F86AB8BBB4B8A32516D6A9371B7D49D4DDF26BCA51D190B65EEF468CDD44DCBE26A326F862E5AB4B97A194C2E01C6F9E57BDB92F2E874CF5FA72E3ED7EBC8D324EE428AC5CE73928C61193BC9A4AEF25AF994CE362360E8E73795DBBFA7639E396AED6B8769D5D4705B42955BF87352B6B6E44A39FEE4297DA9B736D384B2E5AAB1D00DDC79F6C76F3FF238BFC59F500074700000000000000000000061F7B70BE2612AAE6A3C4BCE39FE17393ED39BBC60B24A315F4476E9C534D3D1AB3F26720DE1D94E9D5952D2517EE37A4A0FE133F3E3FB7A3F859F971BFDAEEEF2E1838F7C8C948C56C88CA1371967EEF2D2F7CCCA5CE1FA77CBF929B06CAEC78D15DE969255AE10996EB54BCB87E615482CB891311FB5E9AC8AE8ABACC4E71E1D7329A152DA668E75D7C5D6BB0E2D4BD169AB96EA1169D622D7643C1B7795FE16F2CB4E5A923172B265BA2DB50CAC946377E9764A31FACE6E5527F699748C5FD7FF00A6F86B9B99836A13AAD6751E5FCABF7F436337F0CD60F2FF002F3EDCB7FE78000EACC00000000000000000000184DE3D86B1094A297891595F9AE866C1164B3556C72B8DDC7229C654AADA69A6AF74D59FC89D199B27B43A57A109259AA8B3E767192B5FA5EC689F6C68C7963D6E9E8E19FF00931ECCD71072B10F0B5EFF00BE45BDA189E17D22B36DE872C9DB1ABD5E92966F221C76641C9C9593E6D2571431D4E6AEA5C4BFDB9FE04AA38C8AFBAFE4CB7B0DCAF61838E9277F3FC8BB43862B863921F6ABE9097C990319B4614EDC4A49BD170B6DF7B2456CAB4B232946A6563CA956C61F03896EA5EEECFAA69FC8AB6A5693928472E6FC96A553BF1271352EBCCCDECCD972C454B5BDC56E27C92E8BB9ADECF87895A8D379A954845F7574E5F4B9D828518C128C62A296892B23BF0F1F6F6B373F3DE3F27DAAA953514A29592564BA245401B5E60000000000000000000000000000313BD586F130B552D547897F47BDF8267239BC975FD4ED1B471B4A941CAB548C21A5E724936F2B2BEADF438AED38F853943549BE1E578DCCDCF3D95B7F16F9632581BEA4FAD414E366934F269983C0633DDF232B81DA1193E1EC66BF5B3140C2EC4F01B74DB51935271FBB74EE9DB967D0CAD1C5544AD68BB924B15B13C2ED68FAB2F724CC71BF62AAB56AC9594ADAAF752BD9F72352D98B8B8E7794AC95E59BB2D113B0B89E25AC7D0F6AD4495EE56D5A49FA8818A8A8CD3E6CC5E3AB7BEFCBEA7989C75E6F9FAE963115B14E52764DB6ECADD5E492287C6F3ECDF07E2622755FC346365FCF3CBE69717CD1D30C2EE86C5FB261A34DE73779547D672CDFCB25E8668F438B1EB8BC8E7CFBE768003A39000000000000000000000000043DB1B4A9E1A854AF55DA14E2E4FBDB44BBB764BCC98724F6F7B6F869D2C245FC6FC5A9FCB1CA09F9CAEFFA501CB378B79F118FC5C6AD69BB7891F0E177C14E3C4AD18AEB6D5EACEA3B6F03E2AC9DA49B69FE6717D9D4DCABD25FF253BFFDE8EEB58CFCCDBF8DF2B49A551C2F0964F9AF3E864767E212CD25F3FC495B47051A97BEBC9AD53EC602B46745D9ACBAAD0CD946CC6B6A5B472B1435C5AEBDCD5E3B592D7F3D0AE1B7637D6E57D5BB36A8DAC9ABF6E5975EE58C5E36CB55C8C0C36D279DF2E9FA96B13B454F282BB7D395C8AB4AF31D8B49E5975FEC5EC0509D38CB1124E2E09CE17E4E2B893B137646C4BB552AABBE517A2FD4BFBDEF87095EDFE9CFF02D8CF54CEF95BAFB34DFF8ED183A5554618982BCA2BE1A91D3C487D2EB95CDE8F90760ED5AB86AD4EBD2769D392947A3E4E2FB3574FCCFABB77F6B431787A588A7F0D48A95B9A7F7A2FBA775E87A31E358C800094000000000000000000000089B4F69D1C3C1D4AF5614E0B594E492F25D5F64727DEEF6CBAD3C043B78F563FF008E9BD7CE5F203A96DADBB86C2478B115A1493D38A5EF4BB463ACBD11F37FB41DB5F6CC655ACAFC2DA8D34F9421947CAF9BF53038CC7D4AF57C4AD525526DAE29CE4DBF2ECBB2C8AB12AEC85A453B1656AF4DBD38E0FE52476C52BA38751569A675CD818FF12945F3B59F99C7967AD7C17CD2654816AAE194934D2CFB13B86E51289C9DDA96D0D80AFEE6462FFF00CED6BE5F89BDBB5F324D3A68AD89DB47C26EA5497C53B2ED7797633FB3B64D3A564969AB7CD999A8CA69D32B578BAA29230FBC14F8A94E2F9C5A3332C9189DADF04BB22226FC71B9C3864D1D4FD90EFE52C246585C4B71A729F153A9AC69B97C4A5CD45BCEFCAEEE730C4BF7D9E46563747957EBEC4849349A69A6AE9A774D3D1A6547CC7BB5ED071D81B469D4F1292FF2AB5E504BA41EB0F476EC759DDAF6BB81C45A35DBC2D47FEA3BD26FB55592FEAB16DA9A74305146B4671528494A2F47169A6BB35A9592800000000018BDBDBC186C1438F115A34D724F394BB462B397A1C737B3DAFE22AB70C1AF029E6B8E493AB2EEB943EAFB81D876F6F2613051E2C457853E916EF397F2C166FE472CDE6F6D3277860A8F0AFF0056BABBF38D3592F57E8726C4E267524E7394A7296B29C9CA4FCDBCD9691094DDADB5ABE2A7E2622B4EACB939CAE9768C748AF24885267B63C6824A4B326D68E8448AFC49B3CD12988AD599BAEEF625C6D25A334C9A361DD5C4A77A6F5D63DD735FBEA72CE78EBC5755D1B0D59495D17A660F093713314AAF1233B6C5B99695FAE47B5AE8A154024D36488488B455C90D15ABC24CC16F562553C3CDDF5565EA67940E6FBFDB5554A8A8C1E50F8BCFA16C31DD73E5CBAE2D4B5773D68AA311635BCE5162D97EC5BA91E610C86C6DBF8AC23BE1B11529758C65EE3F383BC5FC8E87B07DB6E22168E2E846AAE73A5FE1CFD62FDD7F4395003EA5DD9DFBC063B2A3592A9FE955F72A7A45FC5E6AE6CA7C69DFA66BCFB1B9EEDFB4DDA184B47C5F1E9AFB988BCB2E91A9F12F56D762768D3E98073CDDCF6BB81C45A35EF869FF00C99D36FB545A7F5246FF0042BC2694A128CA2F47169A7EA89DA1F236D0DA156BD4752AD49549BD6536DBFD17622848A92212A6C56A254A254904A8510E25D48AAC05892C891859DD144A25584C9BF9FC811ED4894D39CA32528BB493BA7DD7E28B35B199E51CBBB2DAC5755F2634B6DD3777B68C7134EE970CE36538F46F9A7CD3B333985A6D3395EC0DB32C3D5F1219A794A3FC4AF9AECFB9D6F6363696269F894A575A34F2945F492E465E4C74DBC39CCBFB5E961AE45FB36666694722C62A07395DEC5AA14722F468F529A12B1636EED5A785A2EACDE9F0C79CA4F48A1EDA9F24DD6337BF6DC30D45D9FF008924D4173BF5F239149B6DB79B79B6F9B64ADABB42A622A3A951DDB7E89728A5C9223451AB0C3AC79DCBC9DEFF00C7B62948B8C245DCD4D8A2512F58F12022B89E58BEE252E21559712968BFC252E205A4C9980DAB5A8A6A955A94D3CDF8752504DF57C2F322B89E34048E02A512EB89EA8922DA455C27938D8AE207891ED8F6C7B6028712DCA2C901810A744B13819068B53A6046A353875D0CC6C7DA9530D5155A4D5F469FC338FF000C97EEC6325472237BD0797E82CDA65B1DF7616D7A789A4AA537DA517F1425CE32FCF9932B23886EF6DFA986AAAA43CA517F0CE3FC2FFB3E475BC3EDEA55A8AAB0793D53D632E719773267C771AF438F9A673DFAB98EC6C28C5CA4D2495CE4DBC9B6E78AAAE6EFC2B2847A2EBE6C99BD5B71D79B845FF8717CBEF35FD91823AF1E1AF59F9B97B791E46FCCF2717C9875979F915295F91D59D6AD2EBF42B839762AB0401C9F62DB6EE5C679240227B63C89710428E10E05CB155808CE9947012A48A1C40B93080242A0A60015307A00F03000A4A58040F196AB472009109137058B9C6F18C9A5256959EABB80292E9ECDD916A2AFA8040BAA2568003D678000B04800978B52B47800AD1500078CA64001FFD9, 'insp9', '202cb962ac59075b964b07152d234b70', '0'),
  (11, 'S','Nari',       'Baton',     'Chate', '174960035-8', '336781941-7', 'KZ', 'FD', 30, 28, 127, '375296467-7', '356-978-6266', 'nchatea@arstechnica.com', '778-361-9496', '493-793-2269', 'Engineering', '1994-02-24', '2018-11-29', 'Y', 0xFFD8FFE000104A46494600010100000100010000FFDB00840009060712121212101010150F101510121012100F100F10100F101511161615121515181D2820181A251B151521312125292B2E2E2E171F3338332D37282D2E2B010A0A0A0E0D0E1710101A2D1D1F1D2D2D2D2D2D2B2D2D2D2D2D2D2D2D2D2D2B2D2D2D2D2D2D2D2D2D2D2D2D2B2D2D2D2D2D2B2B2B2B2D2B2B372D2D2B2D2D2B2BFFC000110800E100E103012200021101031101FFC4001C0000000701010000000000000000000000000102030405060708FFC400431000010400030602070505060603000000010002031104122105063141516171810713223291A1B1144272C1D1235262B2E124335383F0F13554556373A3161743FFC4001A010002030101000000000000000000000000010203040506FFC40023110002020104020301010000000000000000010211030412213122411332517161FFDA000C03010002110311003F00DB65432A700429772CE30DE5432A76916546E18D6545953D95116A760345A88B53D492E08B0A1921001267900D49A14B37BCBBDF1E1BD96112495C06AD69EE894D455B251C6E4E91A29646B7DE701E2405578CDE2C2C5A3F10CBE341C1C7E01718DABB567C4BC97C8F93A06921ADEC028CCC33872F8B8058E7AD4BA364746FD9D71DBFD81E4F73B5E4C768A162BD23619A69AD791CDC47E4B97CB138F11A76B3F34C6403911DCAA5EB645AB4913AB45E9130EE3595CD038B8D6BE4ACF0BBE3837D0F5C1A4F27E8B8B318D3F7C7CB44EB70F7A077F54D6BA4BB427A38BE8EF587C64727B9235FF84829F2170FD9FB5311877535C08EEB73BBBBE59FD89451BA143EB6B6E2D5C67C19B269A51E4DAD22211433078B69B09456C52333420849213851529D911B49212C8445A98082D49A4E392484C069C904279C120B5201BA412F2A08034B48009DC88655CFB2421180941A8522C0244425D21951631A2157ED4DA11C2C2E91E1800F1F927F6AE2DB131CF7F001722DE7DB12625C69B959C813CBAAAF2668E356CBF0E07362F7A77D5D200C8C9CA0F16E9987758B93124EAE3766C9FC94C8B6639C68A9837789A0B959B55B9F27630E9D25C146718EE0CF61BDB8A4B27AE02CFEF3B55ACC26E8DF134A57FF00190DFBB7E4B33CC8BFE06620CD21E67E60257B55ED13F92D9BF635FBADA1DC2664D864706DA3E617C2CC906DE85BE75FA293146455D91D46A02B9930323780AF0684CFD964BB200F2ABF14FE4B20F1D0C8607507704B1018DD9AED9D798E8A6088D7B4CBEE0A4D0FBC728EE2C2946742707ECBDDDADE630B836439A23A5DFBBDD7448266C8D0F63839A7505A6D71FF005605D501C7A8575BB3B6DD877804E6849A70E9FC4174B4BAC69ED91CFD469AFCA2748288A363C380703608B051D2EC277C9CD7C0D908A92C84294EC436E0904274B520B53421BA44425909242602290468200D58461A8C04602E5D9211951654F521951631ACA852769338A9031AE79E0013F04B70D2B303E9076902E1083C0591DD61DD1E6343CCF3561B56632CCF7F571E3C004BC161A85F33CD7275595CA47774B8A9242B0984000156ACE18BB24C31D6AA6C40AE6CA4CEC431A480C65290D8F82547012A4088855D965219FB2B78D237E19B5C3E0A5323B4A746516C6E08AA97000F21F0E2ABA7D9C47DDB1E56B44F6261EDF34D4DA20F1A330FC15701A7421469B080DD81E6B4EF8C78285898829C66552C28C462F0E6276961BF11FEC8340E5A7307905A0DA186B1A2CECEC31DE96DE63F30B5E399872C28E8DB958E324258E3659A6BD168E9735DC5C716E2033EEBC6537C7A85D3485E8F4B937634703510DB363748A928B5115ACCE20A4D25D222980D3824E54E1492A484232A24BA413035B951809C2D432AE3D931BA461A9CCA8525631BCAAA37AA4C98694FF0D7995774B3DBF43FB2BBF137EA94A548B312B92394431E675FC95AC51F051E16529AC62E26567A6C111F882B181BCA94265694A6C40D7C96366F44C899E09D6B0F0D13111214B81A843A1E6C66B802905BE4A40BA4C48E3D536031233FD528EE629123AF8A8AF3DD4463128E6A14CC53DC3E0A24CD29A22CAD9E354BB4A215C34EEB40F675E2AB31F1D83A765A71B30E656506C125B888F5E12368F9AECEB8FE061A959F8DBF55D85A341E017A0D03F167035ABC90929242596A221748C23748884BA497269886DC13769D29054D082B410A41480DB521953B951E55C1DC5B433910CA9D2D44422C046559BDFC6FF663F8DAB4E5AB37BF83FB37F98DFAA4DF05B8579A39EB22A4FC6C09ABD52DB381C4AE3E45C9EA31524496335569141A0A550CC48E24D2B2C2E3995AB82A5C4D0A68991E18A7E1808FEA9DC3E2186B5529B2354689EE182DE4987444F00AC496F14D199A38A7409908618A6658294E763631A6600F8AAEC463DA4D020F8108D827344691898959438A9124CDE2A3CCF156146A856887337928B3C60B54A2E14A238F15743B29C9D150C8AA6674CEDFAAEA8069E4B9906174AD0D1A970FAAE9A3402CD1A03E4BBDA17E279ED6C7C950821114B70482BA699CD1252484B29254D00D14829C724153421168D1A34C46F4B51525A14BCFD97084496422213B01B7B6C100D69C7A775C8B1D3CE1EF8DF239EDCE6DAE758B07885D80AE63BCB8431CCE07897120F569D6D5399B5D1D2D028B6D333B8971D68D7750A17381D066D7BA75D307CAF6B5D9C0E21BC5879DA6B15364160F90E2B1CFBE4EA27F83B8AD9F33F5C95D2DC02853C18866AE69AEA350A4E1F67CAF63E671F56D68B03DE7BBE3C147C3629ED7E5125FB20915A1B34057329A85A2129D32D3676D322ACE5EB656A7098D0E6E86FC39ACFED2D9858DB700DB01C1C3DD20F51C946D938E6C2FCB2383472EFE0A99C0D78E6D1B7321C81526D0C6E5BB34ACB13B56211B8B9D41A1A5C48D066E0B2AFAC449ECBC39B7A5114556A2CB2534FA112BDF2DE405DDF8347893A2AF7B4C7AB9CDCDD1AFB23E0B46DD9E5F4D0F6E51A65BA03CB9AADDE9C1883D9CC7DCCC086E8E3FBA168846CCB95B8F2C8B85DA2E26ACD76E2A5C98F69E75DB504154B84C2C96E7329E1AD0ED4513D81EAA4B76809010E6FB639914EF0289C2991864B56584735F0FF749965006BC7934712AA607BE494C4C696B9BC5D47281D8AB3870A1BAFBCEE6E2A2A2913DCDF02B64C4F127ADD03B9348BAEEA7B9EE73ADCE2F7772742A2C52E5E26AF453206FED1A6B4240564272B51B078E2A0E546BE06FB0DFC23E88C84ED683C121CBD2E3E91E5727D98D109252CA415722036424909652085621094685209851D01040A0BCF17011108C2080A1242C9EFDE0C16C6FAD412DBEDC96B9576DDC17AD85CDFBC3DA6F885192B4D1A34D3D991338F8C2B18F2E6B431CED1CE6E84F8A61D843674B0A7625843883D549C3441DCD60C969F27A2C714D5A0B0960000D6946F504742138DD9F134E60C19B971347C13FEAC0E3FCA979E86809F014A1BD967C69FA2B3156EBCE491C3526ABA2ACC060631267CBD85EBF55718D638EAED1BD147C2C76E1D145CB826A16CB59E1059A804103422ED5061704C8E40F6B4341B1A6833775A7923B6F4D154B5BC5AED4282932DC905448644EE357DD3B2C39C012B7301C2C5FCD3B86C0BF2DB1D63BA57A89874F829A932A71BECAF9626B46468A078D0E3E254566CB04D968D4F1E6AF59873F780BEC344B7B74439312C6BD22A1E031A5A343C141238A998B61D7C5437E80A51E5849243D83C2B5C0E6E42ED596CAC2E6747D335F905538585CFD2C8601AD732B63B0F0995B9C8A2450FC3FD56CD26273C8BFC31EAF3AC789FF00A4E726C84EB826CAF4513CBB7636E48212CA4382B1086CA494B72429A104890A41480E8051255214BCF9A28246823090D2124224B44530F6726DEA8033132B40A19B30F30A1619C42BDF481065C487727301BEE0D2CF9765D4AC1A85E47A1D24EE05D4009E2A43DAA1E0E5B1A25E2F139469A9590E8A641DA26D35826FB4135239C4DB948D9EF05C05F3E4A6970252A65C4ECA62A893AAD162046E6100D1AF9ACE3A403D9245F4EA951394932EF61484B7AF6562E65FE8A8F64122C85741E4EA8E8426568A55789938A9D8B9800A9A69331A0909BA23CE2F55552B8DE5E5CD5B625C036955CA2B5538233CE5D96BBBD85323837EE836E3D96CF2D0AE007C957EECC01B8761AA2E0493D7556442EFE9712847FA79BD5E6739FF00069C121C138E4D95B51886C84829C29042B10869C13653AF4D382B1084DA085225211D111525225E74DB415234104C54152148D1140188F4950FB30BFBB9B7F358E98E68F872E2BA2EFD6173E15CE1C58E0FF2E057368DFEC96AC9A85ECEC682771A27ECB7FB22FA292EA3AF1557837683984EE3313942C75C9D253132F12A3E1B0B4F2E6FB27C52F0E6D5AE1206F1BFD54AE897D88465949CB7A26E3C25BB31167A9E3E4AE3D40B094624263711186932E8A7B24B1D15539D452A0C4F749A1B95133182C1555863ED11D94C7C9654069A934E042895B9589C48B34ABB15D14E9DDADF350646E67B59C49701F3576256D228CB2F16745D971E58626F4637E89E7A5C6CCA1A3A003E492F5E871F091E5F23B93187A414EB93656845436521C9C29B79534036E4D38271C536E2AC444420820A607444104179D37010410400451232826263389803DAE63B839A5A7C085C6B69E19D04CF89DF74903BB7915DA564F7EB77BED0CF5D10FDB306A0717B3A78AAF2477468D1A6CBB25FD30BB28DD8E891B4F01EB38D81CE8D2AFC3620B1FAE9C8857D14E0B7B15CF9C5C59DCC72B46624C34AC78CB217442C18FEF76A2ACB07113975918E26B88348E6690EB0AC30B346400E6EB6A69A65F18DFB1BC4C72FF885CD068D8AAF81511F34A356BE88E449D7C02B62D84D1B0071ABE696E31816DA251E289A8BF6CA1388C51AA0D23BDDA9786C3C9799CFBFE10341E0A535BADA970B056BE4AA94AFA14921710B1AE8556620D3E82992CEDF054AFC45B894228931E924AB4AD83099310C35603B379050012E200B37CBF25BDDDAD88618F3BC548E1C3F74745384B6B33E5ADAEC9782DB704CF7C51C80CAC34F8CE8F69F0E8A5B9715F4998A761769B27C3B8B250C6B896E9641E7D6D74ADD2DE88B1F0873486CAD03D6457A87751D415DDC1937451C0CF876BB45E3936E4B2536E5B119843936E4B726DCAC421A29B29C29042B511136892A91260744A449488AF3C740241041044228205040989292528A22990B30DBE5B9BEB499F0C2A4E2F8F807F71DD61B0D216DC6E04381A20E8411C885DC171BDED6DE2A57B38E6CC4750A8CF04D1D2D1E593B42A26664AFB21E5A78A8381C60357C55B0C458BB585A67621354456ECD2E3FA29316CE23893E0A4C189013C718D28EC9A636DC3D7251B11211A2725C5DDEBDD5662F1635A51488CA6338DC4D0A5030D13A4706B41712780D6D4DD9FB2A5C43C0634937C790EE574DDDADD8661C02466939BAB87609CA546594EB92BB75374C4552CC2E4E4D3C19FD56931A1AC69738D35AD2493C80564C6AE5BE99F7AC431FD8A277ED6417257DC674F34F1C5CA48CD3C96720DF2DA9F6AC5CD38F74BA9BF85BA055DB2F1F261E41342F31BDA6C11F423984DBFF00D754903FDD75E1E2B832BE4EDDB9DBF316303629088B135AB4E8D90F5693F45AB72F3335E5A4169A703608D0823A2E81BADE929ECA8B1B6F60142668B78FC439ADB8F2FA664C983DC4EAC536E2A06CCDBD86C48B8266BCF4BA77C0A9AE5AA2ECCAD35D8DB936E296424395C8888410A4148474641120BCE9BEC08208894080511445CA16D3DAD061DA5F3CAC89BD5EE03E4822C989B9A66B41739C1AD1C5CE2001E24AE55BCFE9A208ED9828CCCFE1EB24F6631E03895C9B7877C7198D75E227716F28D84B631DB285628324B136779DB7E93F030BBD5C6FFB44961BFB2F71B66B577058FDBAD73719203C1EC6C8CE8473FC971F8E4A2CFC6D3E5617A2B6EEC8FB461D92B05CD13438757328660B26AFC68DFA34A2CC36230E2EDA6BBF7E890D9E5668E6123A8D4296E3A5D68AC766D1D0EBCB8AC7B91D4F8F92A22DA5FC27E052FD73CFBA0AD2BF67B7A04AC06C874EECB10D39BEBD86F9F551DE128D2B6CCC10F2402753A068B2E3E002D5EC2DCA73E9F3DB47EE73F35AFD87BAF0E1FDAACF27391DA9F2E815E88C744BC9F4639E65E8AFD9DB2D91343636868EDCFC4AB00DA4BA4CE2B10D8D8E91E72B5AD2E713C0008D9452E4D94DBE3BC71E030CF9DFABBDD8D9CDF211A05E60DADB424C44AF9E576691E4B89FC968BD21EF5BF1F8826C88584B626F2A07DEF12B240F65D0C18F6AB2B9313481F8A5134115AD040203BA6E467EA9D4979D0F829580D3277308731C5AE1ADB4907E4B75BB9E91E58C066287AE6700F141ED1DFF007973E4F441590C8E3D119E3525C9DEF65EF161B123F652B49FDC77B2E1E4558B979E1B60D83479723F15A5D8BBED89829AE77AF8F86593523C1CB6E3D4AE998E7A7AE8EC1E482C0FFF0063B7FE5FFF00620AFF009E255F0CBF0F41204A81B4F6BC3866993112B226757B80BF01CD73DDBDE99B0B1DB70D1BB1047071F6184FD571145BE8D274FCEB37BC5BF781C182259DAE7FF85190F7FC0705C1B797D25E3B1760CBEA633FFE70DB45773C4AC6C92926C9B27893C4F9AB163FD26B1B7D9D5F797D344F25B3071881BC03DFED495D6B805CC76A6D79F10F2F9E57CAE3CDEE27E1D1432524A970BA2D8C120F3216928C2499214D76A3C47D57ABB775F71C7DD8DF8505E4F715EA5DD496E088FF00DA67F2858357C96E32AF7BB778C65D3C2DB8DD66468FBA79B87658E8B1001B05746DF5DF6C3ECF87F6A3D6C8FD1908AB7773D02E67BBBBD1869B12D90E08C6C328CE4CA5D1B49E61AB22C326AFD1B71EA69548DD6EEEC6971003E5B8E1E4383E4FD02DFE1308C8DA18C6860034002385A2865F76AC570AAD13ED0A5187E99B2E57360011A0895854112B937A6DDE7C8C6E0627539D4E968F06F2695D336CED1661E192779A6C6D2EF135A05E57DBFB55F899E59E424B9EF2EF017A04F1437481BA2B11205DF049BE4B722019EC80F14AA457A262014890E87C11EBFD534F3A140C8C4A7A2A4C3027C044418E79200245231E2A444774FF0054826ECA08B2344BDB5B77118A7993112BA577571D0780E0156172244ADB24924192820812A2D8C0526D1D1479541F2024208D114AC61397A2763ED66E1B67B710FD447876BABA9CBA0F8AF3B90BB26DD639F81C2E19BC64C963A8002C99DAE0B20AD98C9B6EB712F74D8B75CAF77B37A88DA7928FEA640F2EA7307114086D568539B4B6098B1241A11B030BC9E5757A7357F3EDCC2B622CB05FEE871D2C75ECA57B15C55D835B9D3754747F443BD9EBE338299D73442D8E771922FD42E920AF2545B6B1386C5C78B8839858E69000A0F6F30473B16BD47BBDB5E3C5E1E2C4C46DB2303AB9B5DCDA7B82AB9AF644B2444A32AB37836A370D0493BCD0631C47735A054B19CB7D376F37BB818CF47CB47E0171C729FB6F68BB113C933CFB4F713AF21C82AE2B6E28ED44584E08BEA81289584419ABB78A4FAC03984998F24C98BA206387103C5365E4E9C125B1F54FB5885602191F92584090920A9085DF92228C0EC920D1408558412EC7441004208D1A0A686C092104126038525DC10410024A22820A0C600BB97FD3FF00F19FE50820B1EA3D16E3ECCF6FB7F7B2797D5AB01B4BFBC1E251A0AFC5F52A9FDCD0E33FB867E267D42EC9E837FE1DFE7C9FCC51A0B34BA2D91D0D60BD33FF00C3DFF887D50414176889E7597DE1E49B939A341741745632FF0077CD39272F04682008D22537DDF346826007F24EBB9782082008B3714A6A0820079A9B4104085A0820803FFFD9, 'insp10', '202cb962ac59075b964b07152d234b70', '0'),
  (12, 'S','Celene',     'Allchorne', 'Burdass', '223800901-9', '788290040-0', 'PH', 'PD', 50, 40, 127, '877502180-3', '948-513-1415', 'cburdassb@google.co.jp', '884-944-2168', '383-783-3075', 'Business Development', '1987-09-24', '2019-04-08', 'Y', 0xFFD8FFE000104A46494600010100000100010000FFDB0084000906071312121512131215151517181717171515151517171A151817161717171618181D2820181A251B151721312125292B2E2E2E181F3338332C37282D2E2B010A0A0A0E0D0E1A10101B2B2520252D2D2D2D2D2D2D2D2D2D2D2D2D2D2D2D2D2D2D2D2D2D2D2D2D2D2D2D2D2D2D2D2D2D2D2D2D2D2D2D2D2D2D2D2D2D2D2D2D2DFFC000110800E100E103012200021101031101FFC4001C0001000105010100000000000000000000000602030405070108FFC400411000010302030505040707020700000000010002110304052131061241516107227181911332A1B114334252C1D1F023627292B2E1F143D217243454637382FFC400190101000301010000000000000000000000000102030405FFC4002B1101000202020102030803000000000000000102031112213104417191A1132232425161B1F0143381FFDA000C03010002110311003F00EC4888891111011110111101178E7466573EDACED2E9D1269DB0151E265EE9DC69E8066E3F05133A22369FD6ACD60DE73834732401EA568313DB5B2A209359AE2383739F0E0B87E31B5D7359C77AB39C7899CA7F7000001D169B78B8EF3C9275924AACD978A3AD5EF6A99FEC83239778BBC66374AC57769353EF107AB400B9A32AB787C63D22564BE8E53BDAFAA8E52B718745A7DAA3E277413C88041F3041F8159F6FDAB308136CEEB0F1F095C99D4C92622351C27D7A252A80180786620663F1F453B94718776C37B41B2ADF6CB0E85AE1989CB86BE4A554EA0700419074217CBFEDC4831A667FC290607B5D5E83C546BDCE193771EE716913CA72CB9298B2B357D048B0B07C4057A4DA8388CC7277107CD66AB2A22220222202222022220222202222022220222202C7BFBD651A6EAB51C1AC682493A001642E11DB06D71AF5BE874DE3D933DFDDE2F13913C874E2A264851B5DDA155BB7B994896511936044FEF38CCF844283B8C98D4E7AFEB556A883A0D674524C23098CCE679C78FF00658E4BC57B974E2C537EA1A916C78F003E2602F1F48F1E3FA014AAA614E76F78923C80007A059169B37A4E797C4EA56319A1D13E9A517A56A498693AC4465FA95B0387BA20C679E9F967E4A716780D36FD9F15B1A384536E61A144E6695F4D110E6C7037BCE4D89FDD2B3296C9D58C8007C574865A8575B6FD147DB4A7FC6AB9C1D9179CC983CE3D4AD2E3581D5B7EF99733896E5BBE3C976116ABC759B4821C0107220A9AE59DAB7F4F5D7485F651B5CDA550D0A8E029BCC8719C9E784F01E4BB582BE76DB5D92368E35A882693B87DC3C3CBE4A75D95EDB3AAEE59D720BB76693E73206AC3CC8FC175D6D12F3AF498975044457504444044440444404444044440444404444109ED576A3E8569BB4DD15AB4B191AB47DA7F90D3A90BE7668EF171CFC7C89532ED5718FA55FBC0F7297ECDBE20F78F9BA7D145ADADCB9CD1CCC01C7AF82A4CAF5849366709059BEED5DA741F9A975ADB86E402B5875B86300E4167D26AF3325E6D3B7B38E914AC42BA74D6DADE9E8B5CCC96D6D94561699D325B4D5D6D35E315D6157E2A72781AAADD40AB8568A9C9E358BC7B15C6A3829E2AED857345AF696384822082B90E29873ECAEB75B20B1E2A5270D774F5F40BB13C289768985FB4A2DACDF7A99CFAB0EA16B8EDDB9F35370E93B3B8B32EADE9D661F7866393864E07CD6C972FEC6AF0075C50CC662A0E59800FEBF25D4175C4EDE74C684445208888088880888808888088880ADDC3F75AE77204FA057162E26CDEA351B312C709E520A0F986FEA8A952AD5330E7B9DC2737127E602BBB3F426A35C738FCD51754F32C1C09F8185B8C12DF75C072033EA73F9AC324EAB2E8C31BB425CD192CBA01633464165500BCF7ABB64B69ACCB756A98592C62B412C96395E62B0C0AFB42BC2930AC2F415E04565554AAC956C05500A45A7858F7B403E9B987420859842A084AF956FE106D809A1890670731CD3E22623D17635CC2DEC37713A0EE04B8F9FE8AE9EBB69E1E65FF0010888ACA08888088880888808888088880A9A8322AA54BF4283E6EBBA437DF965ED1D9740ED3D16D2C28779BEA7F5E8B18D29AAF6FEFBC7582F397CBD167D9389718194AE6C93D3AF0C76DEB468AEB1D0A96B2179BB9AE3D3BB6CFA35382D9517850EBEC75B4CC03A6A7E5EAAC0DA3AC73A6C31F7883F0C95EB544E488742A415F0D501B5DA0AE727023A8C9486CB142624CFCD5F488B6DBFDD5435AA8A771215D260268DAA6B555A2D3DFDDB87BAE85A3756BA77BA739D77A3FB29845A65317B82B52A2ADB9BA6925CCC8710641F2E6B79865E9A9911047C54E99CD98988D4DDB9A4FFBAE6FA1767F05D0C2E7D8D5B97384730A7D6EE96B4F300FC175527A70E58D59711115D988888088880888808888088880A8AA400492001992721E6AB50AED33127D3A74E9B332F2496CC4C64D07A6A7C956F6E31B69871CE4BC5501C56D432E2A1690E6973A08D083311CFDE57F0FA203A39131E8155469BDEC9A9BBBDCDA234E1C565DB53033E802E3BDF71DBBE3170B6A19402C7B97E51CD65342F2A5BF18F8159434B356CB1A43BF500CBF51D4AC9ABB456F4843DF4D9C21E73FE5682B597964FAAE8DF7340C840D39C753CD61DDEC5879FD9BB7038438C12482208CC1D626755D18F8CFBB0C9CA3C46DB7A974DAADDEA5EC6B37953790EF2042D6B2E8B5E00DE683CF507ACA939B30281A4F01CE2EDEF69935C0C01DC88DDC9AB534EC4E72E73A729747C32955CBC627A698B9CC771A6F301ACE26099525BB1DDF2517C24EE985247196ACAB66F6A748AE2154824E604EAE5A51B4AC63B7582E6A93BC47B3608EE005D1BD1A0209C94BEEED37887C12471D63AC2D2BB6468D478A99EF0982081AE71A733A2DE9C3F339B2464D7DD5EC3F699AF0D30F1BCD0E0CA8D0D716FDE610775F1CB5522A4D061C33D0E5C960D6C198F6B1AF68DD6086E5111C679F55B3B1B7DC681940F198F351698DF5E11159E3DF958C4299310B69B3D88EF3DD40BCB8B1A35CE0E594F1C8AC5B864E5F358DB3ADDDBE78E6C04FA1FC95EB6EE0FB38B52F33FA6D334445D2F384444044440444404444044440501ED2699F6B40F0877A89FF007053E516ED02DB7A8B1FC58F8F2703F8B42CB37E09757A2B6B3D77F0FA20D5EA7B363641738E8D19493A495758EFF0BD78134CEBA2A2E753E5F25C51E1E9E6F30CA6B967D1EF64B534CAD8D17C0548515D4B3CF203C4E5FE57ADA4E1A47A2BACAAB2A9AB2DC585F442752B12F29C2DD3DE1A092B417558BDD2345168D263F6283E082A5142A4B5458650A4386B0EEE6944CF864D15EBAD1A4CC67D3FB2A6B5120885E1BADC201E2B5D7EACA1729D08590D0AAA6E042A1D929D227B5AAC7554E0CCFF009B0EE74883E209FCD2BAC8C1A84579E01A47EBD56948EE194DB54BFC1224445D4F3044440444404444044440444405858CD9FB6A2FA63570CA7EF0323E2166A2898DC6935B4D66261CAE9DB81DD770911C41E2162DDD1DC3132387C54F368B003509AB4477FED36603BA89C83BE6A138931C32702D70C882208F25C36C7C25EB4668CB5DFD18D49CB34548580DD02B85D2A9244B6741EB3D95800B4545C42BF56B10238AB42F37312BC2E303458546F194E778C0E67FBAF5C64A7D0F7B8483C084E3B9445FA6356DA2A13DDA809E99FC96FB07C7DAE0048F22B5B47679A4C4003A085B4A5B3E1905B942D229AF0A4E4DF96C6E6F9E5C375A0CEA5C620741064F4C97958876BFAF057596992B555919957D433DCAD59DD1A6E0C3EE9F74FE07AADA3AACAD4D660734C78F810B303A00F254F13A5F9EE17DE74F15BDC2ED8B46F3B53C390FCD6AF0666F54123404FC32F895235BE3AFBB8F364FCB02222D5CC2222022220222202222022220222202D06DADB875B17409696998CE26089E59ADFAD7E3F4B7ADAB0FDC71FE51BDF82ADBC4AD49D5A1CAC3B25ED274AB6EC8FC97B48AE07A8D9B1A3B9E2B2EE6C1A01767D02D7DBBF30B7D55BBECEAAD0A59CF710C68D1A9BAFA350C9EE9105B3CA79ADB61F8A567B4BE9D09023DE709CF398E4B715AD585A5AE683CE42D6B70C2D0E6D2A8E6070821BBB3E237818D4A989AAF15B7B69B6A4EBCDEDD34983299DE107C1665B3EF1C0934D8D0246644E46328958D657172009735DBADDD1BD4CCF89DD70CFD166EFD67D2752300BA65ED696E44CF741260FAAD235ECAEB2C798865BF0AAE41DEAC1BDCDEEE8E2781E6B9FE0D56FEEAABC3AB0145A5E090C82435C437749E7132A6D714EB3F7F79EE1BE00770100440E53F8AAAD2D5B4DBBAD1129698822B6F369F931B0FA30374927A9D6165D56E8AA0D8CD78F32556219CF52DCECE33DF7780FC4FE0B76B5F81D38A40FDE24FE03E4B60BAAB1A871649DDA444456504444044440444404444044440444405A9C531FB4A2E146B5C526BDFDC14CB81792EC80DC12739E4A31DAE6D81B1B6F6545D1715E4348D594C7BF50723F647533C1723ECA70DFA4621ED5F98A33509399350C86924EA665D3CC209B6214B71CE6FDD247A15629B94976AB0E3F5ADD0E4EE8781F3D144DC60AE2B5753A7A34C9B8DB3E9D482B796971014718FC9665BDD42AF85FCB7355F2B1C360AA6DDFBCAFF0074092A8DAAB82A10AFD3E067FCAC3CDDA42BB418E07DECBC16916826B2D887E4179BD9AB0D791AAAD86735369DA9C74B8ED1534699738346A4808E72DBECFDAC9350F0C9BE3C4FA7CD5E91B9D39B25B51B6F29B034068D0003D15488BA9C22222022220222202222022220222202D46D4ED0D1B0B775C56390C98C1EF3DE74637AE533C0025666298952B6A6EAB5AA369B1A0925C634E007DA3D02F9A76EF6BAA625706A3A5B49B228D2FBACE6EE6F30093E5C106BB6971CAB7B70FB8AC7BCFD1A3DD6B064D637A01EA64F153AEC60B436B7DEDF13E1023F15CC1497B3DC6BE8B78DDE314EAC5377424F749F3CBCD250FA11D4C39A5A44822083C940B68B08345D94961F74FE07AFCD4F2DDD217B756CDA8D2C7805A781FD6AA97A7285E979A4B9453A91A95EFB7E4B73B43B3EEA27784BA9F07711D1DF9A8FBD8464573CD3BD4BB2326E370DED85DCE7C78AD86FC80A28CA8468B2ADF10734F30AB389A57325768656734051BB5C440E3F9ACF76222351E6A628B5B2B6EF602178D62D750C4DA78ABFF4A2EC82B71673919546997BC35BA931E1CC9E8A616D4431A1A341FA2569F672D2039FC65ADF88240F82DEADE95D46DC792DB9D0888AECC4444044440444404444045818CE3542D19ED2E2AB69B7849CC9E4D68CDC7C1718DB3ED46BDD4D2B52FB7A3982E062B3C7520F7074067AF04D0EA7B4DB6F676322AD5DEA83FD1A70EA9D244C3475710B94ED0F6BB795A5B6ED65B33988A957C779C375BE4DF35CF4BF5F5F5E255A7153A42F5FDFD4AEE352AD47D579FB551C5C7E3A0E81619575A32F55496A0B70A97057210841DD7B30DA5FA5DB06BCFEDA9435FCC8FB2FF303D415396AF99765F1B7D95CB2BB248193DA3ED533EF0F1E23A85F486157CCAF499569BB798F01CD3D0FE2A064D4A608208907220F250DC77660B66A511BCDD4D3E23F879F829B808694A4D6248B4D65C95B4070FD154D4B79D02E898B6CD8ABDF6F75FCC687F8871F1514B9B1731DB8F6C3870E9CC730B2989AB7ADA2C8F9B4396642BF6D6927324F45B336679ABD6D639EB2ABB6B11D2BB2B6D000B7D6569040025C72015BB4B78D07A29760D86FB31BEEF7C8FE51CBC7995315DA96B71ED7EDECC3298A73C08274249D4F4CD70BB4ED0F10B72EA66AB6B7B37398E15981C658E2D265B078735DF5CBE60DB1A268E2778CFF00CF51DE550FB41FD6BA223D9CBBDCEDD0F0CED9D84C5C5AB9BFBD45E1FE7B8E023F98A9BE09B6B63770295C3378FD87FECDFE4D744F94AF9B6EA94E63D1616F9D35F14D25F5FA2F9BF67B6EAF6CE1B4EB17B07FA7565EC1D1B265BE442E8B8376BD45F02E283E99E2EA643DBE241870F2949A9B74B45ACC27686D6E7EA2BD379FBB30FF00363A1DF05B355488888088883E4DBFC42AD779A956A3EA3CEAE7B8B8F849D07458ABD017B0AC85B2BC015642F0A0B76C677BA67EBCCF0D15C2D56C34832D241E997AF35E879E207965EA3F28407042D5E8782601F9AAE2505A0D5D43B1BDA0DD73AC9E7274BE94F03F6DBE7EF7F32E66B2B0EBB752A8CAAC30F63839A7A8FCF4F3523EA4A6165D1685AAD9CC41B756F4AE19A3DA0C71074734F50641F05B66351464358163E2585D3AEDDD78CC7BAE1EF34F307F0D0AC862F6B5C358DDE71007EB21D55568DEFA41312C19F44E625BC1C3DD3FED3D0FC5796762E2400C249D32D569F68FB41BEA5549FA18A548121A6A92F6BB9171A67777B2F777961B3B44BBA9939D4C34EBEC9A5AF1FC25CE3F158F1AEDEA53D366B57C47CDD3F08C285312E82EF80E83F35B52140707DABAAD82EA9EDE99D779AD6D41D25B1F107C54D6C6F995981F4DD2343CC1E44702B5870E5C77ACFDE5C7AF9E7B68B4F678A39FC2AD2A6EF300B0FF00405F42D45CC3B60D98FA49A55838B5CC6B99C20CF784F983EAACC1C65B989569F4B395758D2096B8410483D083055C2D5A6B62C96AA9A57B1C1790A05F654833C4295601B7D7B6D03DA9AAC1F62B4BC47471EF37C8F928782AB0E41DEF67BB46B4B986D43EC2A1E150F709FDDA9A0FFEA14C415F2C31EA4580ED75DDA80DA558EE0FF4DF0F67843B41FC242ACD53B7D0C8B92FFC58B8FF00B6A1FCF51157529DB8F00AA45EC2B214AF1C17A5525122A4AA6ABE15E6363F3503C6D38FCD7AE552F14A16CAA98BC72A5A5425D8FB0DC6FEB6CDC74FDAD3CF8121B500F32D3E6575E017CB5B298C1B4BAA5703463BBC39D37775E3AF749F3017D3D46E8380DD20C8067841120FA24A18B8EE3946D181F55D99C98DFB4E3D390EBA0504BDDA6A955DBD5440FB2D1EE81D39F8A97ED0ECFB2E5B2E12E1A1FC142EF30ADCEE06981C3888E5F92A5E36ECF479294B6E6372D8D9622D70820107220E608EA0AC0C4B622855FDA5B9F62FD7735A67CB567965D16A0BCD2323DD528C03120E112B388D752F566F131CE93FDFDDCF719BCAB64774B4B5E381D1C3C7883CD4D766B137D178A8D9DDA81A5CD3C41123CE0A6D9E08DBC0DA47DE96EE3B88920113C88C94DEAE0B49C000DDDDD0008E432015A9DEDC7EBF2CCF1DFBC36546BB6A3439A723FA82B4BB5F477A81E99AAE8527DB19237A99D6387559F76C1519CC1D3C216B0F2A5F376D659EE55F6A064EC9DFC40647CC0F82D582BA2ED6E0F3ED291F23C8EA0FAC2E6F4247748820907C46AAD5925EBB3F25E705516E7C8F3548EA1590A1AAE054C2A9AA07A0AB8D72B2BD050647B4456B79106005EA22AAC156F82220B373EE9F25914741E03F044442B5E7244522972B6511552BF4D7D2BB01FF00456FFF00A697F404456F6424CF512C4BEB878A22A4F85E9E50CBFD0F8BBFA8AF7667DF3E288A93E21E9E1FF65BFEA5F75F5D47F8DBFD414C1ABC44A79961EB7C53E13FCAAABEE9F02B5985FD537C5DF35EA2D61C12836D77D6B971EBEFAFABFC65112A297FEBE0A87A22D25550FD51A88AA97BC578BD4502B444523FFFD9, 'insp11', '202cb962ac59075b964b07152d234b70', '0'),
  (13, 'P','Gage',       'Ridett',    'Hounson', '864928750-6', '463908572-9', 'JO', 'MT', 162, 9, 127, '058432672-6', '374-305-8321', 'ghounsonc@bbb.org', '406-994-4978', '660-975-3547', 'Business Development', '1985-06-04', '2019-08-01', 'Y', 0xFFD8FFE000104A46494600010100000100010000FFDB00840009060710121215121010151515151515151615151515171815151515161616161516181D2820181D251B151521312225292B2E2E2E171F3338332D37282D2E2B010A0A0A0E0D0E1A10101A2D2520252D2D2D2D2D2D2D2D2D2D2D2D2D2D2D2D2D2D2D2D2D2D2D2D2D2B2D2B2D2D2D2D2D2D2D2D2D2D2D2D2D2D2D2D2D2D2D2D2D2DFFC000110800E100E103012200021101031101FFC4001C0000000701010000000000000000000000000102030405060708FFC400421000010302030505050407070500000000010002110321040531061241516122718191A11332B1C1F05272D1E1143342628292F1071623345363A2354354B2E2FFC400190100030101010000000000000000000000000102030405FFC4002611010100020202020201050100000000000001021103211231044113713222425161C114FFDA000C03010002110311003F00EB8520A59495B39C4891A24C023448D00A089C8C2272114949294925304950B1252F31CC2950697D6786B7AFC973CDA5DBF11B9866DCFF00DC772E61BAF9A7EBD9C96FA6D2B6329B3DF781DE5566276B7094FF006CBBEEE9E6480171FC46675EAB8F69EE937BC71E52A1D4713D97104FDE9F320F059FE46D38BFCBB760F6DB02FD6B359D1C47C94E3B5381FF00C9A7FCC179F86E82038C03E27EBC52AAE21B2374103998EEE08FC83F13D1982CC28D6134AA35E3A1529704C973DA98678A8CED34407026474BCC85D3F25DBBC2D710658E1A87401E066EAE652A2E163588D3542BB5E379A411D13C1341BA8A1540A75450EA04E1532426AA27C84CD44C8D3149628EC5218A698D04104C090470820D7E524A51492B35091234130246891A014D44E4A089C84520AC3ED96DB7B0DEA58782F1673CDDACE91C4FD4A9FB75B4070D4F758407B86A6E6E6040F076BC971AAB8A7547173DD2499E124EBA9F132965978B5E3C37DD1E3B30C4621E5D55EE758FBC4E84F00740AA5C4975EFD247052F10D738C6F72D2F7F99429B0374648EB69585CDD33047159EE0784F901AC0E53CD3AEC30B06BBEF45EFCC104D94D7500002E9122CD009D531FA390EB6A7C634F053B5F8A054C26EBB59B803BB9A95FA3923DDF03CE2F7EB7530618CEB035E121585364B081A816B7A8D545CF4BC78F6CC3D8E1A75F4523055AA0B96D85A6D69889E6938AA6E0FEBC0DF85877290D6BDA0969009D7911E3F4169E4CFC1A4D9ADA3A945E1C2BCB4D9CDE5D62345D8F0188DF635D20C8991A7E4BCE7469EE9DE1D9BF1D3C0FD68B6FB21B5CFA2EDCA86699EF96FEF0B5C0E2B5C33FF002C33E3FB8EB951437A90DA81CD0E690411208D0A8EFD56F1CD48213150290531513236C09F684C31486A9302891A24C020820835F949294524ACD424102826010082340282859BE60DA14CBCDE34E02626E7805342E7BFDAF66A69D2A741BAD592EE8C69163DE4FF00C50526EE9CDF3CCD2AE2F10E739DCE4F06B072E4AB29D17076978803907011DD6329DA035689B8BF9DA7BB557193600D470279CB891A93716E4011EAB973CB4EEE3C37D1AC0603511ACDFA7456B87C99DAC1E838F4B2D7E1728680275D7C55AD0C234681735CABB663230B4F66EA3A096C5C5BBFEBFAAB5C36C9081BC64F4E2B5F4B0979E3CD3ECC3EE99054F9556B164BFBA8C3D9734C77A77FBB6C6B6009EAB634A92554A7D12D8E9CBB30D952F3664733CF9472514ECF1682D2012398E1E0BAA3A8F0E0A1E2F0A0F0F1E28F2A7AC6B8CE2B075180B48B0E42089F8DA541A74C890D748B9117ED0133E84772E939F651BD259A8D47CC4AE7799E1CD3ABEE86CCE96078131C2D365BE19EDCDCBC7AEE36FF00D9EE74416D32EECBE7B27F648E8BA139713C919ECAAD17CC4546123902EB8EBC478AED84AEEE2BB8F379B1D64494C544F94CD45AB136C4FB530C4FB5498224A2893024104106BF29294512CD44A08D1200234411A60A0B88FF006AB8CDFC796FFA6D6307880E3EAE5DB979D36C3106A636BD4E1ED9C3C8968F4014E7E95C73B46CBDBDA278EE9DD8E641DD3F02BA16CBE0006824772C0E487FC500DFFF0096F66574EC94C30775BC171F23D0E25C0164F5205358792A486AC6BA22561C291B8A3D052814B4769749A8DED4A62372AD748DF665CC0533569A96D0133554D872AAEAE1C4C8E3EAB01B7594130F6589205B9DF74FC974A736C56736C70E1F47588ED4F75D18FB3CAF4E3F877D40E026C4CF88227BBF35DDF01537E931F3EF31A7CC02B8CBE982E323DD2E3D09719DEF51E2BAA6C8620BF094C9D46F37C9C42F4B86FD3CAE79F6B72997A78A65EB77310C521AA3B1486A9302891944980448D040DAFCA494A292566B12228D040125224698358DAE29D37D43A318E77F2827E4BCCF8AC439CEB9F79E5C7C7EBD57A2F695D184C41FF6AA7AB485E6EA8E1BDAFD159E6D38BED6B937BED8E303D4FE7E4BA36535C16C725CBF0758D378E91E2BA4648629874EB0B9B39DBBB8FD35596DC754F930552D1CD98C6DAEEE4382462B681AC682E8EF2E0078931E92B1B3B6F1A6A6F0A5B4D96330DB554DC2436DCE55E60B356B8084BD2BDAF1851950862392785646D3E278266AA8789CD98C1DA3C62D7E1C23EACA0BF68A971913A488940D696AE12165F6C41750206B36EFD5A0F8856ECCD9B049698E9F1543B635C1C23DCD3307870E4890B2732DE70DDE1BD244C6917EBFD175AD8D606E0E8C7166F7F3127E6B923B11BD0776EE0437A0E3F18F05D9366A9EEE1280FF00699EAD057A3C31E673D4F7265E9E714CBD6EE62589F6A6189F6A930289194498041041017E524A514959AC4820820023089184064B3DCD9FEDDD4B777A9FBB1313F6A5B17E3AAC06DAECF60FD97E9341A584187B19604FDDD01E365BBCD690FD287F1B8F83A3E6B279F529C406C7F86F3BAF1C2FA1EF06170E59DF27B18F163E127FA610526002A34BB77F7BDE93C0C715B0A59CB219441DDA8FB31AE69D0120BAD620005DADC054B9061BFC5DC22775DEAD90BA2E0F061E44F033DF00D95E5639F097E99CC2E15EFF0079EF03AFB3F4EC029789661583B7887B05EEF753BFDD69A64FA2D4663827910C60D35127D202AAC3ECBD02D7348DE2FF007DC7DED41E3A68B0F3DDEDD1E1D74CDB9941D068624D4DE9203CFB3DE830774FB20D741B2B1C9B36825865AE16DD7F64F816D8ABFC8764B0D8676FB5EF71ED80DA8E0F6B43C76A19000993E67550368B23A6C1BD4CDE7B2D8813C81B903A2BB61632EBB6A723C4B2A3677A2F05A4891BBC2C744ADA1C6B68301D4B890D03573A2604903404DC8162B37B1F94616B8754AD86A4F7FB47377DF4D8E710DEC82091A4010A7E7D9550A75F0C6950682F7BE9C096B6F49EEED701EEF2BE9C52F19BD1EEEB6CE63F307D526006346A5CE223BCC6EFAA3CB7074EA5FF00486BE6E432A89F2A6090AEF3AD9915E9BA958389043FDE88BC010207E03555992EC254A249C4399547B214D818C0C8037482622488F7A778CDCA724D16572DF5FF00164ECBBB20B1CD20588F6AF3A73DE6EAA13E9B9D46BD375273DAE1FB05A43481AC1209D3F644F45332ECAEB51776DC5C381324EEF277124703D4F7AB1CD2B358DEC36E6DA11F15132EF5A5653AF6E2F975173EA36832EF7D46B03B841320CCC722BBCE1E80A4C65316DD6868EE6801732D84CB4BB1A1C46F3D8E754687FBA3F6620685BBD23BBCBA39C19154D473DCE719064981DCDD02EBC392CCA631C39F14B85CB2FAF4789487A05139763804C4FB530C4F85262410413008208202FCA4A514959AC48208200230891A6195CD29918AAA634A4C2DEBBCE7977A80B986D7D7A86A066F10264C74D1763DA2606B5B548F77B0EFBAFE3E040F32B9F67F9139DBD56996B801BC3BFB97072E3E393D9F8BC932C26FF4ADCA30C4624BC88152987C72718DE11E32B7394EB7587CB71BBC29BF8B77693C7190009F1B2D9E05C97B89B8EB2D2F2952F14E3B08D3A869EF01338704F153DAC746AA351566919AC034685479D5CE82DCF8AD255698B9597CD8C921B78D52DEAAA4DFB2B6428EE8DD161C95CE6F41AE730B84EE3DAF1A820B78DBE8E8A264348000F356B8FA7C53D8BAD9BF600C1F5D3D4257B077071F4FC137837116D47C14A0EE9F14B7B2B2C20E14469755F89C203C34F92B57031A28D55D02E8D769BE99CD8EA4CA75F12E2D32E780D74080D1AC78FC168B15F1BF9C7E0899870D6B086C92380E666FE68563A0E423E6BA38377918FC99270DD2296A43D3C426AA2F41E490C4FB530C4F848C1040A2401A082080BF292528A4959AC4820820020891A654588A3BEC73398F5E07CD63716D2CDE6C6EB8588E03F25B66A839AE58DAC35DD78101D1C3911C42C7978FCA74E8F8FCD30BACBD393E35AD1BF0D0DDE73663890E17FAE6B4384AF6079C28BB4DB3F568B43DE5A439C1A03498B9177480954380E8B9BC6E33B775CF1CAEF1AD460F1160AC5988541953A54AAF8A6B5DBA64C6B7E3ADD6372D56F3B89D8BC5C349E4B0D87DA4A2C0E158EEB8BDD320FDA31E110B50FC603C0472592CFA852A81C1AD1BC35B7189E1DC94BDF6A926B4D66439BD2A825AE07A82ACF34CDA931B351ED68E64803D572CCAF23C435FBD46B1673006A3B8AD28AEC006F377DD7BBAF71E80155E513E3DB51976359586FD274B74DE1A13D1496E2E0C155D9566D44B2C036380D073D3BC27DD89A6FEFD7C39A8DFD9FED64716A063AB594671731DBBAB48969F88513195E1A49D2E7C00578E5BA9CB192348D66ED201B2D117E7DF750DCD85258F739A25A5A2058EBF9266B2EFF8FC7E3DD797F279265D430532F4F14CBD753909A69F6A8EC521AA4C1123289300820820340524A5149592C4512328930011A246822DA8CA26A050559CDBDA44E0DE4092C2D70FE600FA12B258574B073D3C63FAADEED1D2DFC35507EC38F905CC32AC59DD04F3D3BB55CFCF1D9F12F5634591D78ACE6936264771BA9799609DED2A7371969E862DE72167AA070736AB4E9AFC56D706E6D6631C6E472F382B8B28F425616AE6F530F5052AF86A80BBDC78ED35E40E0471D6D1C159D2739C1AE6E15E455D0812088922782D2639808DD205AE27811A267098BA8C149AC237185C5C1DA90410D00C5A24FA2AD4AB9BD748780A90C2E385AA00EC97069E7799BF12122A60C09070B57B5BCFF76E40BDC01C256A28E6B2C3BCC82778C0B8D49893C7C13D5739603EEB8D88D39C7E09F8465F933DFF00161EA57A1404BA8D560DD0E92D713BBF6AC2D723D13CC7BAA343994DCD6110379B1222FD9370340AF3118A755218E680D30088B983224F7DE14AAB87902DA023CD4658491A5B7ADA1B67D982EB90001D49FA0AA3397FEC7DADD68F17016F30AE3155403BBC1A24F5769F0545843EDB1344700E7543DCD208F0DE2D55C78EF29197265AC6D6D2A150AAA995143A8BD68F16992997A79C997AA2218A43547627DAA698CA24104C02082082680A4A51492B2682448D114C023448C208B6A0506A3282A66BD3DE6969E208F30B8BE29A69D67309804932387DA6F7C8F8AED65726DB4C1FF88FB5C3DD1C3532B1E6F4E8F8B7BB0E65C43FB24D868279F8ABDC831A1BD89B02560B2FC740DD9ED71122E3BD5DE5B8B6EF44888E126DD3EB8AE3CA3D2976DDE244AADF6804CFD7D429B82C4B1CD89D74D3818E08B119731DA8F585132D349EC7473068B100F87D7D04B7662DD035A3C2F1CEE9876401E21AF2DB8D358E374ED0C89AD32F7481A0164FCEE85D6CF61402645F99526B5488F1F44B635AD103D3C967B3DCC8B4120E8089E7D12B769319B638064F3249EE060DFD3C94AD8AA05CD7629C7F592D60E4C045FC48F40B278AA8EC455A78760274DF22F01C65DF23FC2BA76168369B4318006B6C00D02EBF8FC7FDD5C5F2B93AF185D450EA2975143A8BB63CFA69C98A89E2997A644B13ED51D89F6A54C6820826608208209A0292528A49592C4891A24C8118448D00A6A328823282A8F8DC47B3639FC858733C02E6788AEEC4B3DABC76DCE7CC5A375EE68F2016EF36ADBCEDC1A375EA7F2597AF8314DC5B1D974B9BDE4F6C7999FE2E8B3E697C5D1F1B532735C651DC75A4473F97D714F61B3093DAB199B089E8AE73FC0DC91AF1594AB4C8312B91DDE9D0F2BCEC3982F1BB6E42C6EEEE0B4183C7EF1126D123ADBD02E4B82C63986D3C6473FA2B4385CF6049907911F5F414658FDB5C33758C2E29A74234F86A935314DB4F3B7C16130DB4CDB34387532353CFCD31576A00B87CC44779BFC825AA7B9B6B31F8F00125D00C81C25D613E1202C4ED1E66E796B1B770316E73A4F0E2542C6E7AFA90DA2C73CEBA68418BF81F452B26C91DBCDA956778904F404DFBAD3E4898FDD4E59B49B0394FB3EDBA4BDDDA24F3DD1F093E6B7015464F4F75C5BF658D1E7C4F92B65DFC13FA1E67C8BBCC9A8A155532A287516F1CF4D3931513CE4CBD5110C5218A3B13EC48CA4482080082082074D094929492564B12246893008D123424A6A6B195B71A4F1D07794EC8172AA2A624563BCC32C12070920904F984E1EB66194D1623062A3774DB883F65C343F5D54B6312CB555EE6AAA5D76C463F08779CC73608D6C63A16F30B199CE52EBB9A3AC745D971F9736BB6DEFB743CC722B3872F166B9B7BC83C2F75E7726170AF438F92671CB5987703A1FA1F9A9270F6837E56B895D02BECF0330D55EDC9CCC16CF5813DC447C147934D31E32A3C66FF0057567966C76F192E317B7D74F82D03B04D024363858CF1F45699662C801BB90ED653D92265B93B688200040B102E4F1E3A7F556D9753DF74C4345869703536F152DD4019244CF2D0EBAA9382A61AC1E2E3E2846C8C1E2DADACEA663B4D6B8F3124807BA6DE4AD9C2173ECE312598D6BC7063411CC39CE9F9ADE606B8A94C1066008EA3F15D9C57FA64727361DEC75142AAA65450AA95D11CD4D38A65E9C7269E53492D521AA33148624A291208200D041040E9A1292528A49592C4891A4B8A643492EE02E797E29B0F2EB374E7F8294C6060EBF141C88D89B083EF1B0E43AA8987A4D6B9D4DBFB3BB03A16883E61DE4A7D3A72778FF4512AD12313BE059F483499E34DC4B6DD4547F9272995092E4F5509A84C053A9053B8AC287F6DA2FC7AA8EE0A5612A46AA73C2653B56395C6EE23D3C382A2E37080DE3C7FA2B8AB4F8B7C428D51F75C19E17176619F92A8609A448FC35E73AA032D0D32D03EBC13D88A3CBF24D39CFD7EACA5671ED817B9475ACC8D09848A349C5C24F7E89CAA77AA35A385D05185DA66118B9034A6CF8BA42D66CE62A1AD3C38F8EBF5D144DA1CB4BF1345C058B5ED3E1044F9B93B97D0F66EDC83D0735D1C3E997269A1C5B22E342AB6A9571459BCC8378F870516B6001F74C1E45764AE2CB15538A69E549C4619EDD5B6E62E143715480615258A230A92C291968D2504029044820346524A151E06A543AB882EB36C3D56722CED6AE1B6D4F24DD3A6E799769CB822A54214B62AF465B1908AA124A535E89E241E0A4C28DC4F926B13A30F275FC4387C484ED0368E49ACC0C309FDE61FF9B51F60DD74D84AACED144C6E369521355E1B3A03771EE68B95708F9083EB358D2E7B9AD68D5CE21A3CCAA4AB99626AFF0096A3BA3FD4ABAFF0B07CCF8265BB2EFAA77B1355D51DFBDA0EE1A0F04F53EC27D2DB3C238965171A8472ECB4FDD2E17F009F666AC79BB1CC9E321C3E015263F61A9B84D23B8FE9A1EF59FA588C5E1AA7B3A926381136EFF9A570C329A54B6771BA7B8998730F23BEDF222679A69FBD6B0239821C01EA478AAAC6E7B8510C349D49C6E2A3DA777F99AE2A6E0D8443C540796EE841EBC478AC3FF2CB3EDAFE7B2ACF04CB5CF795046280A951C4B5AD100B9C4068E313CD45C466D150506B7B6E20324D8CC4193AFE5D14BCCB67B7E935926449278971D49EF85871F17965AAD73E4F19B85D6C761C1152A6268811D99A8C167419D7A26DF9DE0A77C54352058536BDDEB11EAA8DBB12D2F05C64725A8C3652C63774342EC98618CD472DCAD735DA7DB3C6BEA3835AEA7403816B01DD76E81077C8F7A6F69B5B95F77B298EF6B441067D6414D66DB2D4EA8368291B239555C3175378EC892D23420F0E856B6CF1E90D335C79D946C460A9BB56C1E6DFC148738049F6A141AA2B656F6DD877C74B1F24CB6DAABCDE09BA8D6BBDE01DD78F9A1362A651A935F05C5867A1D7C0F151134E8B41265040D2DF1DEF782141120945A5D34B28D0526012AA7041048C19C546CDBF54FF000FFD8208253D83635F0588C5FF009C7778F9A082DF0FB4B6F976814E0820B1C9504ED565768BF5D4FC7E4820AB0F6151B41FE44246C7FEA0FDE2820B7C7D54E47AA7FD470BF77E7516F782082E39FCB2FDB5CFF8E3FA20EA993AA082D233A2AA98410573D112E484104C014B6A082014156E2FDF28209165E8DA0820827FFFD9, 'insp12', '202cb962ac59075b964b07152d234b70', '0'),
  (14, 'P','Cornelius',  'Ovise',     'Dyerson', '023862059-X', '961991997-1', 'BA', 'FD', 29, 14, 127, '359887854-0', '729-715-4669', 'cdyersond@ask.com', '560-617-2225', '823-305-5675', 'Engineering', '1970-01-24', '2018-08-22', 'Y', 0xFFD8FFE000104A46494600010100000100010000FFDB0084000906071313121512121215151015151515100F1515150F16100F1515161615151515181D2820181A251B151521312125292B2E2E2E171F3338332C37282D2E2B010A0A0A0E0D0E17100F1B2D1D1F1D2D2D2B2D2B2D2B2D2D2B2D2D2D2D2D2D2D2D2B2D2D2D2D2B2D2D2D2B2D2D2D2D2D2D372D2D2B372D2B2D372B2D2B2B2B372BFFC000110800DD00E403012200021101031101FFC4001C0000010501010100000000000000000000040002030506070108FFC4004310000103020403050506040404070000000100020304110512213106415122617181910713A1B1C11423324252D1247282F0334353626392A2F11534A3B2B3D2E1FFC400190101010101010100000000000000000000000102040305FFC4002111010100020300020301010000000000000001021103213112130451614132FFDA000C03010002110311003F0098B0A4D693A2D5CF86B7A2161C306641360141B12B58D6D820F0F8034047488335C492D85963DC5693899FAD9670B4A062F414ACBC41E94561E7B435E6844E63AC6E83A5E14E1945958B0AC6F0FE23C8AD64525C2021CE50CB204C9A5B0553555682C895E5D55C55DD514260764055D7B743091383D011749441E9C1E824BA45780AF6E83C492490249249024924902492490574CC505333546D404CA6620369DA9D31D0A742A3A9768832D8B80E7205B460F247566AE5EC2C4001C301513F092B431C6A66C4831F261EE0867C042DBC90040D4520E8833745316382D9E1D885DA3559BAAA5035F8AA5A8C70B43843AE5FC52EE07FB583F33BE0A5CA4F5AC71B978D7F10713434EDBCAFB13F8583B4E778059B671AD349F9DCDFE66387C9622AA392590CB25CBDDBDC07903A741E4A2FB2305F56DFF9834DBA169365E5F6FE9EBF4B70EE2CA51BCECF8A438EE9D8402F71074166937E775CDE7A68B76B075041207981A20647DB7B16F5E6DE963D16A67B66F169DF709C6A39DB9A27870E606EDF10750AC5B3AE0182E2D2C12B658C8B8E449CAF074B39745C1F8EA197478313B637ED343BA12351E616E64C5C6CF1BF64CA664AA8195C0DAC6E0EC46A08EE211F0CEB5A656CD72782828E54431EA09D24D6B9390249249024924902492490095053E9DAA19B744C2101718D10B567428B604156EC5066A6FC48881AA078ED22E9C202E16A29B1A8A108A60410BE341D431593D67B8BAAFDDD3BEDA39DD86F75F73E42E96EA6D64DDD315C478D7BC73A38CDA304E77ED9EDCAEA921AB8C02DFC9DD7BB8FCECAAB11A8B6835B9D00D4F75D0BF68C82C46FB83B93CF5E8B9ACF97AEB9AC7C1D515600CADFC277373A79734C80364EC35C5AEEB7DFC50B4D525CEB64691EB61E5AA2E7A5BE9136EFE61BDA3F2D3D54F1AEEBDA89D8C1EEE568EE78248BF96A1005809CA1A2C4765E5C2D7EE70DFC0ABBA7E0FAA945E48AFD1C7B0E1E637F34C93826A9A0B40D39DD4F945FAF2ACC3DA58EB69A6D639B4E9A6965136ADC1F9B98D0F78BE87BC8F8AB6A8E15AA6FE5BF95D5554D04B1EB2308B6B7B6DFB2F4963CEE194FF1B0C271D30B731D5808CECFD37D9C3B8F5EEB2DF6138AB6568731D707CAC7A11C8AE2D055F672FE660BB7A3A2362E61F0DC780571C358B9824B1378CBB2BFBBA13FBAD6395C5E79E32F6EDD4F3A3E29165E82B2FCF43B1EA15DD3CBB2F6AF05BB1CA56941C4F44B4A8244920BD283C4924C91C0207A487154DEA92084EE8C882100D51B18404346881AED8AB068D10359B1419B23B48C80215C3B48C80203A144B50F0A2020648B9FFB49A8B98E21B657B9DE06C3CB40755BE90AE59ED1A5FE26D624089BD9FD4E7136F2532F1BE3FF00A63C385CBED9B934F5EE17DFC55FF0DF09BAA9A6490D9A76B7E6283C02069717CDAB88ECB7906DF40072BAEA180001800B0B6961C972F25D476F0C9955350F0044CDC9B73034FF00BAD361F81C310B318077D85CA35AE52072F37BDDCF11186C8699A8B7B90D2159CBF8DE1B5649083C87A2A7C56818E69040B74B2BDA86DB65555AED1663D32F1CBB1DC17212F8C5BBBE8B3D4AFBB9E7F55B4F2B0F885D3B128410B9D5441EEE693F4DCD86D6FEF55D3C77734F9FCD8EAEDD0F852A4BA9E3EAD194F7DB41F5F45AEC3EA6FA1580E0679CB2026EDCC0B3C1C2FF003BFAADB53B7A2EAC7C70E5D569207A3E32A8E8E6EAADE072BA0604E4C627A83C2A9F1D9CB5BA2B8B2AEC5E9B3B4A0C51C45FD525E4F4643885EA0DE3656F553B241D573B6626F1CD131634F1CD07426CCA19C5C1595A0C65CE202D340496DCA0A89A98E65343194FADAD6B4EAA28B1161E880E8829821E3AA61E6A6F7CDEA8192AE53ED16A5A2AF2E52488DBADAF771BEC0F72EA92382E57ED41D96A2375BFCAD3912438FF00F8A65E358FACF50D46571738F6BE57D000BA5F0CCA4B011B6DE6B8D42F39C1EA7E677FEFA2EE1C3F45EEE160E794127BCAE4E577FE345C30A902ACADAA2D1668BB8E8397AAA0C5DF3B197756C50DFF002BAC2DE049B95E723DF2E9AF73D0AF70583A5C6A669B19D928E45A771F5F25ACA6CEE6071E7AA993D304F56EB2A4AA24AA9E27E26C8E3183F78740154432E20EED59B6DC025BB786E931B59CB922C6BDD6FEF75CF71375E57F8FA85AB15B23896CA2CF1CBBBB8858DAABFBF91BCC38DBE6BDF8A6B6E4E7BBD369C231E585A46EED4FC42D9D1D40D2EB1B849F7713473B5C8E84DCDBE251D0D49BE8575CF1F3EFADA9EA11F4355C8ACD5055123556F4E515A885F752AADA0955905024D7B539796419EADA4ED9495A4F05CA4839BA731B73A2F15BE0B4399D72344171C33867E6216A658EC2C1434108680115501062B899963759B13B8735AFE268FB2B1A5012CAE70E6A6662AF1CD57AF1C82DBFF1C72A5C7E97ED6E8DC1BDB04B0BB7B36D7B5BC578F563C3927DEE43CF56FF0030042C726F5D3A3F17E3F64993055D849A7AB6B1DDAED34E6DB374F2D0AED54C3B0DB740B1F8C60324F9E566A5A06406DD48205F6B0712B61879391A1DB868046F6202E5CEEE3BF1C3E19588AAE8DCE0435F95C74CFB967523BD65F16E0785CDB891ED36B48ECD774DDACDDB245CEAB6ED2136462F3C6D8D6537D32186604D0F6764E56000F2CF6E6EB8D4FA2D4DB4206DD13C8002682A5BB7A631CCF17C25AEAF0F73ACDE7BFD3542C9C2A4485E66CCC0D0D691D8768081ADF7D753B9577C44CCB519BA95630461C05C2DCCEC8F2BC72DDB171C3202038E620E8FE65BDEB3589C36AB75BF364BF712D6AE9F8853B582E3758814F9AB5CE23B21ACFF009B2E8BD78AEF273FE461AC47090DD1F46D4F868DA55A53502ECAF9A2A802BDA46AADA5A3215BD332CB2D0E84591D1548D8AAFF0078A174A82FC15EAABA6AFE451F1CC0A092C92575EA0C1370A375A7C2E9034050BD9AAB1A5D9019022651A21A2453B6419DC7E2BB4AC248CD5748C422B82B2B3500B9419EB2695A0FFC2814C7E0E833EE0A38A5C8F6BC6ED20ABB970821013E1AE427576D9530BB016EC45CDAD67023E098D7D964A8F889D48E8A07B1CF6CD2064645ACD71E46FCB9E8B596BDC2E2CF1B8D7D6E3E499CDA66CBAAF2AAA8345CA19875B1514CDCCE0D3E9DCBC9EFB89229896191DA4635F11D556D3F1742E2FCA1F959A7BC734B58E3D1AED895A18DCD22DA5B6E56B742AAF15A38FDDE46C632B8EA034016F25A92337260B88B886296511F3B1D40E7E2AD702C433305F7080C5B86E364A4B469E9651D0BC30968D3E0AE5AD338DBBED638ED58B5BAAC9CAE22476BB91E40340B7C1586215177D8F2F805563571236274F05EDC18EEEDC9F979F5A59D2D51573498815454ED56113575BE7B474D8B5B75630E240ACB4611F46FB15969A46CD749D220E393449D2A099F22920AE20EE82CE9EC083411E27A24AA18CD1241772C68AA61A2F276AF695014C450D90AD44C7B200AA5BBAA1999DA5A2A80A92A59AA08E3629DB1AF226A29AD402BE242CF00E8AD1CD42CCD419DAFC3237BA37386B1CAC95876B3DA74F2DD59E6D7CD4F0D1B9F9CB45CB5A48079B8036082AAB8398771F25E1CEECFC4BE8870BEA85AD89CE168DC1AF3D9CF6BE51D6DCD26CD7D94F4A6E572D8EEDCA1A5C36702CDA9D2DF88C6DCD71B9BDFE8A9AAE09D86FF006EED72BB069E59802B593465C167713A178D9B9BA1D0DBD56A3732D4647101540926A99213C8B72FD4D9418542FCCE7496B0B116B91DFBAB5970C79BB9DBDF6E9E8ABAAE42CBB55DFE9E59DEF6167199CE239A86184F456F87D35DB73CF6F04641442EBB38B1D62F99CF97CB255C11A3A36AB8830D1D114DC296EBC6295814CD56870A51BF0E21450F154D910D9EEA07D2109AD84DD01EC28C81AA1A4A5242398328406318004954495C6E920D7CC1329CEAA5942860DD01811309435D4D0B9036A02A6AE1AABAA854D5E8190B914D72AE8E45299C01726C06E4E800EA4A02DCE58EAAE3AA5F7EDA66092495EF11B3DDB2ED748481604FCD6778D78D4C99A0A771F77B4928FF0033AB5BD1BDFCD64304C49D4D53154B1A1CE89D7C86D67B482D70B9D8D9C6C791B2D483E92A0A6C8C039EE4F7AAAC630FB76DA3B17D47E927E87756182E2B154C2C9E176689E2E391691A16B8727348B11DC8D70E4750771BDC7826784CB1D2F1F25E3CB71CE6BE27466EDD5BF250D2E23AF45ABC5309CB72C178F9B752583EADF92CAD6E160EACD170DC6E3D64FA58E7329BC1730E24D50D6622CB6EB155ED9583424782CF5557CD7FC7E6A7D7BF1AFBA4F636788E2CC17B1EAB371C6E99F7FCB7D5DDDD02A679206795C48E4DE6E27603C4D96A30E194861B091A1A5ED1F97380E1F35EDC5C7BAE7E7E6BAE96504200006C0591B043AA6C2D46C2DD5753846D2C0AC63A751523559C4C59A40A69943253772B7C898E8945504B4BDC84929C745A2960414D4C822A36E964EA8A5BAF699B62AC5AC4199930D75D25A9F76BD404C88661D5132209CFD501ED727B1E850FD137DF5BFBB6880CA97AA7AF7E8AB38838D29A016CE2493FD361BDBC5DB05CDB1CE30A89EE03BDDC7FA19A5C77BB72AE8DB6B89F10C34FF8DE0BB946DD49FDBCD73EE21E2D9AA6EC07DDC3FE9B49ED7F31E6B3F50F3A9D4DF7E650B149ADC6A3E4B5AD02839484A81CF1EA9EC1FF006546D7D96712FD96A44123BF87A87069E91D49B36378E80FE13DE5A7915DD4397CB247F7B2EF7ECE7887ED948D2E37A88AD1CFCAEE03B2FF00070D7C8F456315AB7054B8AE119AEE8AC1FCD9B35FFF00D4FC15D35278532C66535570CEE1778B99623135D983BB2E1A398742D77421627118035C5DC879DCED6006E574AE3AC528A3392599ACAAB0B30169393ACA1D6686F4B907A5D656978BF0981CD2E7BE694FF98D84FBB8011B8BEFE2013AF4BAE6C78ACBFC765E7971FEA9F0AC0DF9C4D3B6D6D6284EA5A0FE778FD5F2555C478B1A7C48386AD30C6D91BD46B6F31F55D22AE68E5689A27B5F1BF563DA6E08FA781D42E25C5B217574C4F27003B80685D17198CE9CB72B95EDD6B09AF64CC0F8DC08E7D5A7A1E8ADA372E1987E25244ECF13CB5E398FCC3A11CD6FB04E3B89E03671EEDFFA876987EA1134E91472AB5864595C3AB5AF01CC70734ECE69CC3D55DC150A0B96393EE808E753B255954E5AA19225207A720AE7C3645C0344E9189B01D504E1A929404904123953E2788C508CD2C8D60FF7102E9FC438BB29A07CCFE42CD6737BCECD0B8562D88C93C8E9257973C9F268FD2D1C82B20E978BFB4285832D3FDEBFF59D183EAE587C5388A79FFC495C47E8072B478342A0684F705B934873DCA3257A4A610884D702A196069F1EA343EA93C735E46FBF8A2C49132DDE7A9B5C2715E029140F6B968FD9F7107D8AB58F71B53CBF7751AE81A7F03FFA5C47912B2E13E4602083B5B51D507D4B5754C898E9257B591B45DEF710D6B47895CC38C38DEA271EEB0E77BA61397ED0E1F78F2481760BFDDB7BC8CDE0AAF03C326C5A08DF5154F2D8898FDC80008DECD03F4DC96D8E63AEAB5D83F05C10169BE6B106E458DFC6EB724FF5E76FE9C2A5CCC7BA398FDF5FB4E249CEEFD598EAED2DA955B52CB15D2FDB1612D64D4D2B5A039ED923791A5CC658E69F47B973CADB69E4B35E93C1FC278F3A925ED5FECF21B4CCE57E5201B666FC45D43C570DAB26E872B81E4439A2C4772D23F046BE6634374B6A3AF3FAAA8E30A6C954E60D846C0399005C11752CE925ED9E217854802F435469361589CD0BB3C4F730DF607423BC6C5741C03DA18D1B54DCA7FD660ECFF536FA792E75957A83E82C3F148E568746F6BDBD5A41B78F45651D42F9CE8AB6485D9A27B98EEAD36BF88E6B6B837B4391B6150CCE363232CD7798D8A960EC0C9910C9165B09C7219DA1D1481C36DEC41E85A75055CC53A9A1697511362A28E54E79501AC768921A3934490728F6AB8A9754086FD889A2CD1CE478B93E961EAB045E7A5BE2AE78B252EABA873B732B80EE68361F254A1C3BD6E14F63FAA95A41E698CD57A6378D46A3A117F88D556488B261D123303A1195DF03E05261BF67CDBFB23475AE10D2C641B8DD48D7D8A208B8403C6FB8BAF6EA270CA6FC8EE3EA9E4A0F2EA5615012A461446EFD8EE2FEEAB5F4EE3F7750DEC0DBF888C5C7AB0387F485D7ABBF101E1EABE688AA9D1491CECFF1227B64672ED308701E06D6F0257D186BD93D3C5551FE0918C7B4F40F00EBDE35F449EA58E6BED9AA5AFF00B2C56ED5E5949BDAD19B300F3209FE95CA5C47BECB6ECE5CA3B89DBCD6FBDA8CDFC711C990C4D03A5F3BCFFEF1E8B9E530CCF775B5EFDE0AB49E3A5F0456FDA2519BFC46001E3AE86CE03A1B7CD55FB47A56B2A5A46EF8DC5DE3EF1C02AFE15C43DC56C126CD79F772783B41FF0055958FB469B35447DD13BFF91E52D35DB16DDD4B9146CDD1002CB54CB755E346BE03E6A429B08DCF7A23DCA9AA4213515E66B58F4235F35D3F807894C8DF712BAF2B0761C77923039F52172D94E9FDF544D1D53A291B230D9EC371DFDC83E8582746B1F7599C2EBC48C63C6CF6B5C3C08BABAA7954D20D052516649655C1F1E7DE6909E6E3F455A0AB5E2265A53DFAFC15480B712A78DCA674D9773F03F45045DE8B60EE55023E58DFA5C66E9B1F42837B8B48EEFC27E8519594CD76E3F71E6AB660583525D1F7EED4AA3E621CD0F1CF7F1E6BC82542E1D2FE266E376A7BB42A28E9197419D34E5CBF64542FBA6D4C40AA0629CC728C9F55E34A80876CBA9FB25C58CB433D238F6E07678C7FC19351E8E0E1FD4172A055F7B39C4FECF89459B48E60E824E843C7649FEAB2B129FED3A5FE3653FEC847FE93563F0AFC67C3EAB49ED2FF00F3928E991BE6D606FD150E1D1DAE55A44F5ED21B71B8371DC7929F16C47DFC8D7FFC21A747173EE9955AB556D21D4F7003E7FBA9929F1EE54E142CDD4D6512938AF601D91EBEA5472EDF0F5445AC1035C9964F7A6028A827E43A903E374D965D6C37E69B50E25C00EFFD9398C03FBE683A670262FEF2111BB47C4034F7B3F29FA2DCD2CAB8BF08D67BBA8173A39AE69EFD2E174BA2C59BA6A88D7B1FA2F553478AB6DBAF5436E5BC523B63F947D56783CAD871DD386C8DB7360F995919065EF2AC54D0C83A225B20EFF8855B13CB8DAF6F008A6528E649F3552A599E0A0667017BDFD0A25D483A9514F181ADCFAA0ACA73964163A1BDBF647D405595435CC3420D9588376850AF69A446EEAB9BA147C46E1550D3310C4AB09C20250825639455048B39A6CE690E69E8E06E0FAA51393A40A0B7E37A8F7F51EFC7E19990CA3FAA16661FF3872AD885828E0797462FAE5ECB7B9B7B81FF00527072D44855128010745B39DD4DBD12AD7A929C7DD37BC9254AAF620A62A38C29544A8DC2EE68EFF929CA862D5FE03E6880888E63650190593667928679469E024BF4E9E889CB6F1EA828E5CA4945B06973A9F440F8A4CAE0EE60823C8AD9534FA020EF63E45619D311B2D2F0ECE5D1D8FE53941EA343AFAA0D2B2736DD7A8761D17AA32FFFD9, 'insp13', '202cb962ac59075b964b07152d234b70', '0'),
  (15, 'S','Lianne',     'Monroe',    'Easthope', '483202943-6', '023523927-5', 'ET', 'MT', 79, 13, 127, '550956748-1', '482-408-7998', 'leasthopee@sciencedaily.com', '141-494-4036', '797-298-7106', 'Legal', '1975-06-10', '2019-05-16', 'Y', 0xFFD8FFE000104A46494600010100000100010000FFDB008400090607131312151212131615151717151715151718161518171617151717181A1617181D2821181D251B151821312125292B2E2E2E171F3338332D37282D2E2B010A0A0A0E0D0E1A10101B2D2520252D2B2D2D2D2F2D2D2B2D2D2D2D2D2D2D2D2D2D2D2D2D2D2D2D2D2D2D2D2D2D2D2D2D2D2D2D2D2D2D2D2D2D2D2D2D2D2B2D2DFFC000110800E100E103012200021101031101FFC4001C0001000105010100000000000000000000000501020406070308FFC400451000020102030505050503080B00000000000102031104213105061241510761718191132232A1B14252C1D1F02362B21433537282A2C2E1151724354354637392A3B3FFC400190101000301010000000000000000000000000102030405FFC400221101010002030100020301010000000000000102110312312141510432612213FFDA000C03010002110311003F00EE2000000000000000001E75EBC611729B514936DBCB24AEC0F430B19B568D371552AC62E4DA59EAD2BBD3B8E59BD7DA9AF65521463F126A12BA6BDEBD9BEEB2F99CA319BC35AA6B52EAEB8536FDDB3BE4FBDEACCEE7FA5A62FA5B1BBE384A6E0BDAA971A935C39E514EEFD558AD0DF0C1CADFB651BC54B3CB27F89F2DD7C7D4776E4EFEF7379713BBB74D4F186325D5EAB9F2E6476C93D63EB5A3BC38592BC6B46D7B2CF5667D0C4426B8A324D754CF91296D29AD252496966FADCDBF76B7F6AE19593725CE2DBB3FD7E63FF4B3D4F47D240D0F73BB40862A6A9CB86174B36D6B6D3D7237C4CD31CA5F14B2C0004A0000000000000000000000000000000000085DEBDBD1C1D09546D716904F46FBFB85BA17EF16F150C1C14EB4ACDE518F37E4717DF6DFBAB8997052970C5A945DB9EA9DAFC9C5A21B6DED5AB8BAB2AB533E277E14F2595B2BE991133A552FF0A5EACC32CF6DB1E345E213B5B2FF002D3998D4706E6ECACBA5F46FA1B0C3092B3528DD7DE4964DF896D2D99964AF6E79A23716EB5013C34A3F12CF977A3CAA43D4DA5E0EF94A3E79DD322B1F8095DDB95EEB9AFCD094EAC3A50BC78BC9F973479D25769ACACD65DCD597D0CEC2616D9ABDB9AE4FBF359159E1359A56B6ABA7F913B875AAECFDA2E127C3936FFBC9E4751DD0ED22A4170CFF00689BE18DDE6ADABBFAE471D9D26B3322862DC526B54ECBC115D7E623FCAFB030D594E119AC94927EA7A9CBBB30DFB7552C3D67D1425CF4D1F71D44E8C72DC636680012800000000000000000000000000005B395937D15CF9DB7CB6ED5C76365149A5094A31574F8629E7A73CB3F03AD769FB7A586C24A30BA9D4F754BEEA7ABF1394EEBE07862EA4B597D0C3972D36E2C77599B3763C6295D5DFCBD192F4767435693F23D28C4CCA70386E55E8E38C8C6960A0D5B855BC1148ECD869656E9CBD0CF502E8448DD5B51193D994FEEA31B13B1A94B3E05E24E4A0593A6374EB1AC55D8905A25E1623719B1A3676E86DD56911D8880EF627AC685B4765D93B2D3320F170B256D2D93C9AEACDF76A5376BC4D42BCD45B84D2717A5D697F0E4757167B8E4E6C346EC6D8F635A33E8D65F8B3EA6DDFDA51C4E1E9D68B4D4E29E5D79FCCF922AE1B85AB3BF73FC1AD4EF7D85ED173C354A4DE54E49A5D38967F346F8FCAE4CFC74D001AB3000000000000000000000000000072AEDBAA46F8687DAF7E5E5925EAEFE8406CC8DA115DC8CCED6A7C5B46116F4A54ECBC653663E17978238B9EFD76FF1E7C4A50332998540CCA68E78ED8C8832EE12912EBB2DA42D68A32ACF39322A647857232BA24AA9875A2669DA13170BB48D7F78707D57835A9B4CE3EF1AFEDB9DE16D1A6FD11AF17ACB97EE2D4AAC1F02B2D1E4D72EEF03A976095ED5EB42FF001538BB77C5BFCCE64E0D2B3C93CFF5E86FFD89CED8F6BAD397C8EDC7D8F3F2F2BBD800D988000000000000000000000000016D595A2DA5769376EB65A01C63B5685B6AD37CA542935E53ACB3F43C68A22F78769CF15B46356A249F0422946E970AE37CDF56CCE9E26DEEC55E4FE47072DED5DFC52E3349BC24491A691A6D4A38B7FCDDBCDD91751C66329FC704FAB4FF00CCAF56DD9BBC29DCB9D0644E03687124DE4FA19B2C434AE3E2DF5912A6784E088ADA5B5251F855D90B1DA98B93CA9B124A5CAC6CD5E0475696A615396226BDF838E5D56BEA5FFCAACAD3C9E856E24C9E151E66B9B77593F0FAE7F813CE576D743071D4934FAFEB5185D5339B8D536854B45B59A765A656FD227FB28C4B8ED1A1C3CDB8BF068D6F1D3F75C5777E3F91B476650547111C54E12718DED6B672B5B9FD4EB964F5C371B6EA3E8E047EC5DAF4F134FDA527CED28BD62FA3240DE5DB9ECB2EA800250000000000000000000000000E11B430F1788A734B9D48BF472FC4BDC146F3B5DFE44D6F160553AAE2AD9557E8E2EDF54632A49A3CFB2CF8F4A6B2BF1AF55AB8A9A9BE295256F7142D76FF0079F25E0636C5A7899493AD56AA8F0D9B6FDAF14AEF3E176E1BDD65DDDF96D7EC2DC8B654BB9FD11333D4D6A34BC5BFDB070CE7169C95AEEDD32BEB6EF27EBD5B532222B8A69725F52431D1F74CD79185C568B95BBFD48BC5626B384E70AB084A2AEA19F14BAD92B67E64AD26ED6BD8AC70C967F5CC6361961B8D6307B6F1AE4F8A1271514FDE8B8393B2BA59B5AB76EE5CB427307895555A71717A3525633ECB4455525D0B6596FC5671DFCA36585E1965A5BF488CDAB2B465E04FE26D6B9AE6D997B8D959F6A3F083D9180F6F5945E51BDE5E0AF9799BBD6838C69C609469B692496AB969A222375B0726ACB2724DDFBB9FAE86CF8CA0F82F97BBC2D74BDD16CEEEA78B1EAD8BB36A7C352BA4FDDB53CBC6F99BE1A6766F867C156BF29C9461DF1A6B86FE6EE6E67771CD631E6735973B60002ECC000000000000000000000001CB77BF3C4D56B48CD7F0AB98186E449EF44387115D3E6F8977A6B2FC510F8791C39FF6AF5B827C97FC4AD385CF2C4C6314DC9F91742BD9646162DE49BF433C9BDAF2C33E29A6964666D1D0C7D9B522E56E67BED5AF04F878AF97911A52562E1B111BDA797792AA945AC9DD1032A91E1E14AEFA7EB424F094DF02B3CD25A95917DB25E18F1AF1B19587C4E566615796A5FE2D2ED1F889E4CD636BCEF06BBFF127F173D481AAB8A518F592FA8C7DDB9B3FD369D855634BD927AC69B76B6B77CFD19EDB531329AE05F14DC524B9393B457CFE46550C34631E2B2BB493F05A22EDD2C03C46357F4741A9C9F273FB2BF1F4278F1ED91C99F4C2D74BD93835468D3A51D2114BE59FCCCB00F45E480000000000000000000000000002137A361C3114DBD2A462DC64B5CB3B3EA99CD30AAE9791D95ABE4723C6D0F6556A53FB9392FECDEF17E8D1CDFC89E575FF00172D6E2B52A28A23AA7149B24ABD15257EBF91ACED0A338565C5392A4DABDB92E872E3F5DBF6A468D1927AF2D79992B06A4D393727C97232F0FB038F3A15EEB89A4FE256B5D7E47BC760E2A2A5FB483B78ABAEECBBCD24477C3F68B9D092793B771E94AB4A2ADCFF0023DB17B22707255310935072B25D1A4F9E99A20F1B3A8A518D1ACAAC9A57B2F7537DFD114D2DDB7E27E956E2B3188A653098697BB769B59B6B257B68862EA5DD8A7D4764563A9E4C82A35946B426D5D277B7566C7B4DDA2CD522AF51BFBB17EAFF004CBE314CEFD6EF4B0F8CAE92A3869C78926A53B28A4F9DF3B9D2375B622C25054F59BF7AA4BEF4DEACCED974F868D38F48457C919477E1C78E3E3CEE4E5CB3FEC000BB300000000000000000000000000000E71DA1E1BD9E22156DEED58D9BE5C71EBE29AF4674723378F6447154274A5936AF097DD9AF85FA94CF1ED8E97E3CBAE5B732C1D6E28DAE31786538D9F911786AD2855952AB1E1941B8C977AE7E1CEE4D5F2BA3CFBF2BD3C2EFC4161E1568CAF0935E0DDBD09AC2E3B1152F07554534F8A4E377E0ADCCB2A462CC8C3D18F36698D6D95DCFB2206BE12A5497BCE4F95E4DBB2E99EA4A6CEC0C69AC967CD99B3A71479CE565915CA99656C5EDF0ABF33C28259C9AEA78E2B137692F33171B8EE18B5CD2CFC4CE30B7EB0F6DE2D679E9991BB368DE316D6752A2F4E2E15F2FA98788ACEB54E08F379BE8AF99B1E0E92F6D423CBDA417F791A4F646795DCB5DCA9AB24BB917007A2F38000000000000000000000000000000000001A3768BBA4EBC7F94E1D7EDE2B34ADFB48AFF0012E5E6687B2B6AA92B68D6528BD535D4EEA70FED3B653A38E9D4A5EEF1C2336968EF78BF3BC59CFCDC72CDBA78392CBA67469DDDF96A6550872B79F4358D8FBC70B255170F2EEF5261ED387DE56D7539E7C77CE4DC65D45C2EE47E371EA3CD5F45DFD48CDA7BCC9AE1A6B8AD7D3EAFE46BD88C5CAFC53966FECF4BAE6F9663A33CF9769AFF0048DB3F1EFE6C89C763DCE568E6F97798EDCAA3495F3E9E86C9BBFBBFC0F8E79CB92E99757CC9D4C59CDD5777B64FB38B9CBE395B8BBB9D97A9935AAFB3A90A9F765197A3BFE04DFB2495885DA7031B95EDB6B319AD3B952A8A515259A6934FB9979A9F675B5FDAE1FD949FBF4ACBC61F65FD5791B61EA6394CA6E3CCCB1B8DD50004AA000000000000000000000000000000001CF3B56C26742AFF005A0FF897E3EA743354ED2A87160DCFEE4E9CBC9CB83FC453926F1AD38AEB38E2B3D99793E1C99E4F6556D2C9AD73B1B061A1EF139470CADDC71F7AEDE91A22D9B5BA5BA24BD7919784D81A392CDF99B9AC21ED4F0A91172A9984889C06C78A77B67D49A8513DA9D3EE3DA3028BB0E7021F6952361A94C8EC6D133AB4A8FDDFDA33C3558D58ABDB2947EF45EABF1F23A6E037B70756C9578466D26E9CE4A1357E4D3D7CAE73685020F7A7665295193ACB28A6D4B9A7CB87BDF436E0E7B8DEB7C61CFC332FFA8FA05307CDFB83DA257C04A34AA3955C368E9B77953EFA6DBCBFABA781DEF60EF1E17191E2C3568D4B5AE95D4A37FBD0766BCD1E8BCF4A80000000000000000000000000000000103BF35E947035BDB4E30528F0C789DAF36FDC8A5CDB95B22077C3B52C260EF4E9FF00B456597041AE08BFDF9E8BC15D9C377937AF138FAF1A95E77B497B3A71CA14D5FECC7AF7BCFE845F133D6ED076E191B2E1649C53E46BBB31A943BD19F8394A1972FA1E7BD2953132EA48A51B3D59908276BA11EE2F5111CCF58A22A2D79CE391855E0484D64426DFDB3470B0E2AD2CFECC159CE4FA463F8E857ADA8EDAF56E26AC29C6552A49461157949E491CB379F6FBC54FDDBC6945BE08F397EFC975E8B9166F0EF0D5C5CAF3F769AF8292D177C9FDA977F2E443499D9C3C1D7EDF5CBCBCDDBE4F156CC9D89B66B616BC311424E138BEFB49738C97DA4FA331384A709D1A73BE96DC3ED130FB422A0DAA5894BDEA327F13E6E937F1AEED51BA1F1B529CA32528B71945A71927669AD1A6B46762DC1ED7ADC387DA4DF48E26CBCBDB25FC4972CFA81D9C1651AD19C54A12528B57524EE9A7CD35A97800000000000000000052524936DD92CDB7C91C53B4BED55C9CB0BB3E6D474A98983CE5FBB45AD1759AF2EA0746DE4DFDC0609B8D6AC9D45FF0A9A7527E6A3947FB4D1C477DBB49C5639CA9C1FB0C3BBA54A2FDE9C7FEACF9DD7D959789A4B95F379B7AB79B7E2F9941A142B8795A516FAA7F30CB2C28EA9B17E2B7549A360A74CE6DBBDBC71870C6ABB70D929F2B7EF743A161B6AD19C538D6A4FF00B71FCCE0CF0B2BBF0CE651234558CA8321E5B4E8C7E3AD4E3E338AFC4C5AFBE782A6BF9F8CFBA9DE6FE591598DABDCA4FCB68896E2B194E945D4AB38C20B5949D9239B6D4ED2A4EF1C351E15CA751DDF942397AB34BDA7B52AD7971D7A92A8F9713CA3FD58ACA3E48DB1E0B7D61973C9E37DDE4ED22F78609659DEB4E2FF00F5C1DBD65E873DC4E265524E7524E7397C5293BB7E678ABB2E8C5789D38E131F1CD96772F44EE0AB05D50A1548580A58A345C915B01B16E66FC62B674AD4A5C745BBCA84EFC0EFAB83FB12EF59754CEFFB9DBEF84DA11FD8CF86AA4B8E8CF29C7C3EF2EF5747CB7289761EBCA9C954A7294271778CA0DC6516B9A6B3440FB1C1C6371BB61B70D0DA3E0B1315FF00D6097F797A1D8B0B89854846A539C67092BC6516A516BAA6B503D400000000A3654E55DBA6F64A85286068CAD3AF172AAD7C51A37B593E5C6D35E11901AB76ADDA34B1529E0F0B371C345B8D59AC9D769D9A4FFA3FE2F0D7988409008008551440AD825429C2BA173452DDC014174456E8A5BB8BE282162BBD0BA34FAE65C915B815090456E12A5815080A02B60003160D016B45AD1E879C9816D8DDBB3ADFDABB3A7C13BD4C2C9DE74D672837F6E9F7F58E8FC4D3225644687D2DFEB3B65FFCCAFF00C65F9153E68B951AA97D8C00080F9BFB70FF007B4FFECD0FA48003442A50122A80005515E60122A0A82050A804A15410040B8B40095515002142A8A0095ECA0005B22C400172D430000000FFD9, 'insp14', '202cb962ac59075b964b07152d234b70', '0'),
  (16, 'S','Charlena',   'Pedrielli', 'Doey', '627090198-7', '347183423-0', 'NI', 'PD', 135, 13, 127, '578944099-1', '431-817-2608', 'cdoeyf@gravatar.com', '601-935-2668', '570-500-2126', 'Accounting', '1997-08-28', '2018-09-28', 'Y', null, 'Doey', '202cb962ac59075b964b07152d234b70', '0'),
  (17, 'S','Lanna',      'Napoli',    'Dowbekin', '588978156-1', '996854065-X', 'PL', 'PD', 32, 26, 127, '910271795-6', '616-868-0577', 'ldowbeking@si.edu', '444-247-8314', '214-123-7088', 'Engineering', '1961-06-07', '2019-01-01', 'Y', 0xFFD8FFE000104A46494600010100000100010000FFDB00840009060712131215121212151515171517151216151510151517161516171617171715181D2820181A251B151521312125292B2E2E2E171F3338332C37282D2E2B010A0A0A0E0D0E1B10101A2D201F1D2D2D2D2D2D2D2D2D2D2D2D2B2D2D2D2D2D2D2D2D2D2D2D2D2D2D2D2D2D2B2D2D2D2D2D2D2D2D2D2D2D2D2D2D2D2D382D2D37FFC000110800E100E103012200021101031101FFC4001C0000010403010000000000000000000000000104050602030708FFC400431000010302030505040608050501000000010002110304052131061241517122618191A1071332B1234252C1D1F0143372738292B2E1345362C2D2174383A2F115FFC4001801010101010100000000000000000000000001020304FFC4002111010100020203010003010000000000000001021121310312415113227104FFDA000C03010002110311003F00EE084210084210084210085855A81A0B8980049553C4B6C2A3778D1B673D8DD5EE313AE8DD78296E8D2DC4A67778AD1A6097D403C733DC0715CDF10DB7AD5BB1BAEA638EE93DACB4903D3BB554BBEBB7BE771CE713A97132D8D5B24E99EAB173FC6B4EAB8C6DFD2A4CDE65273FB5BA0186F099E71A70512FF69E3767DD169E21C1D91FC38CAA0D1A75034BDFF16429C920820C874EBCFCD637578D04B9EEDE71CB99F3F1F558B9D598A5B13C6EADD4B9CF1BA7331BC010398F1D137B4BBB36822ADBB5EE6E61D4C39AEFE6100F8E6AB97789B340D803802479F359DADF31F90619E5399E9CD39176C2F6D69D2CE9B43434E60875473873905A0711C95959ED21900B9B039965603A4B439724FD329139B4B0CEB94CF804E05CEE9ECB9CEDEE324C71E0ACCAA5778D9FDA7B6BB1F47519BE3E2A7BC37877C1831DF0A6579DAD710978A8DCAA33473490E91C8823CB35D2B657DA3D2A914AE41A6FD03F32C77ED47C07BCE4B733FD4D2FE848C70224190742344AB4810842044210804210804895220108422B6A10855021084021091EE81282176AEF032890777B5F55C48DE0082448D172FB9C70F698EA6D93044807BA778E646511D15A36F6EE61DBB201DD3983D67973F05CEAEEB871ED7039738D7E4B867972E98CE0F6BB5CF05C21BBBF11046B1A0E2A36B5D96FC191690378E7FD930A17645420684768659F11EA9C1631ED30E83C7BBF1585ED195311A8E39BA75D424A9399D4F7F0E07CB34DAB6F31D94771E1E4B50AD53E22E2482BA6BF1CC3E89244E9F785A5F91CB28F34FEDAE069191E7CCE4B65C5A024C65A47E0AECD19B9E5E0B8FC4003D79F8ADF677C5844C11CB9F82C0D93DBC16B1408232EFF0004E03DBBBAED8734C71032C8F409C6195AB1ED87104660CA887D2CC9F1852F86DC1FB503C00F1296703A7ECCEDC3E9B22BB779BA82D01A47396E9DFC1743C3712A55D81F49E1CD3CB51DC46A0AE09BD131C469A82798234527B258B3ADEE1AF986E8F000883A833DE98E57EAD7734158B1E080419044823420E8B25D1922108402108402442100842115B50842A8108420157B692E5D3BBBC5B4C06979048739CE76EB5BFB3124F82B0AAC6D75A8735C5CE6869A6E8DFCA1D19169E790CBBCA9974B142DAEB8A01DEEDA1C74325EE247FA62627BC6B2A8D78E807383BD3DF11C7D14B6340C89DCC87D591908F33F828174B8868CCAE1DD6E9B530ED46B3E8B7D2A2F99CD4D59E11C4A96B3C39BA90B39E7A6F0F16FB5728E10E70984ADC0DCE30018D49579B5B51A464A568D837800B97F2577FE0C7EB9BDBECEBB7BA19D320A62DB661C64E994E7F2579658B4704EE9500382BBB4F4C629F6FB30DFAC32E13CD36BBC01A093B922224019786AAFE697726D56D46B0A6EC3D65727C530402489F2CCC721C943329EEFC53D328F15D96E70C6B81F4E4A83B5184963A7D575C3371F278FEC41D1ACD1A123BB229EB2FCE5BD0E1C79C7E2A3E95A876873E5A1F0E6B60CBC3F3042E974E0ED3ECDB18F7947DC3892584EE4CCEE72F0F92B9AE33ECEB11F7778C69393E587F88767D405D956F0BC1421085A40841420122108042108ADA8421540842100A3B686D454B7A8D3F64B87716890548A618E871B7ABBA093B8721A91C40EA2478A9470BC68C93F0FF0CC9CF42382CB63B07F7AEF7846524AD38987B1B5246B0D03938F29E4095D1364F0D6D1B6A73AEE82E396AB8C8EB6F2AFE2F4830C0D656AB4392D18A5D6FD671EFCBA2CA915E7CFB7B3C7384B5B299B619281B3766A6683D631EDBC8FDAB753013663938A45778E35B83560F6ADAB0794C9986AE2ABFB576C1D4C9FB94F54D544E32FEC9E2B9CBCB5974E697369198F24C9E399E879A97C4EB8923CBF3F9D145B9F2239F9CAF4635E3CBB3FC2EAB839AE69823307939ABD1745F2D69E601F300AF3A60026A35BCC81E6617A35A2001C842DE3DD4F854210B680A109100842114210841B50842A81084201214A841C536B29C5C060C86F93111A1F96A55AABD7DDA2C6F0DC12A176CE9EE5E39C633788E9032F3253D6BB79809FAB978705C9D22A35E77C9E653EA2DE2B4DD91BF9291B0702217972EDEDC3A6EB5D4292A6E5852B719405B6A34059D37B39A75734F295451945CA4693864B78ED8CB476D2B073906BB79A6D5EF5A16B27385AA157F187100CA9C65695198E5B173091AF25CBEB7670E678BFC5D54707A7589B8EF90ED78FE29893FD97B30E9E1CBB4DE0226AD33C9CD07C4EABD20BCD18056DCAD4CF27B67944E73DCBD2D2B58B210842D01214A90A010842284210836A108550210840210841CBFDA7D0DD717F78770CBF30B46237ECB7B60E3F13DA0B47304033EAA43DAAB0919E9EEF2EA0EBEA157B69F0B2FB3B7ABC5B429CF901A2E57EB715A6E261C64E4A4ECEF5B321DD5561F6C4666A01E416BA6ECF2A80AE37195DB1CF28E9F87DF0319CADAFB89272E2B9F58E26F6409957BC0986A438F15CEEE70F44CA59B697E221B94F35175F6C45325BBA49E639A9DC5F01CDCE1E4A9B721AC98A79F370FCCA4E12CF6E8F69635775DDF474FB3CCC8F5533430FB9225C5A3A4955575FDE5200B5D03230DA6D7102627BE35533678E5E805C4B6AD30EDD07DD863CE40CEE83DF985BF5BADB94CA6F5F53D66E730C3BC7878A966E614661F742B8ED30B1C39C89E9204A9614E17176E9CEB6E3082C78AAD191F9AA95313E71E6BAA6D7D00EA4B9A58597BCAC29B4FC460755E8F1E5FD5E4F2E3FDBFD3CC22C6A3DE3704C671970EABD216E7B0DFD91F25C9BFF00C2F70DA555B93DB02A11A19C8F82EAD64E9A6C3FE91F25D3C796ED3C9E398E32FEB721085D5C4244A90A0108422912A4420DC84215408421008421055F6FB0D152D9EF81BCD6EB9692AA58EEFF00E8F4A8B63B76E1B27ED360B4752BA66236C2AD37D33F59A47E1EB0A898ED10DA749EEFFB63D5A07DEB9E71BC2B97DDE1469BDCC781BDC739D7F059D961060EF3A1A4876EF0902139C42FEA55A85E1B04F72C582A1F88AE3EF670F44F1E379A8DAB6DBAED6735D37648014D9D173AAECED00333F7AE87B26D3BAD6F2D7C1632EE378CD4AB0D6320AAAED0510D76F3980B7818D39E8ACF3AF549B80B483EA979597D54EB6653781BC4387090D3F72B0D93E8C001BD32007F64A309A24CEE007A27B4AC5A320024992E571A50C060C744959D92DFEEE134B92B394D244563940D4A4E68C8C1F92A66078154738B9B93A999041CE47057D73B24F30AA4D632606A530FC32D7B6CC30DACEA8D2CA9998CC9D7257FB4A7BAC6B79003D1536CA86ECBC8CC9C87712AEC177F0CE1CBFE8BBBC150842EEF2910842284852A44021084D8DC84215408421008421022A8ED5D296BC1196F48EF044FCE55B9426D537E881EF8F42A65D358F6E49429E642C6EC405AE9D687381E67E6B4E25762178ACE5EF97836B2A65D58409E27A0CC957DD9B76EC9394924789554C24B1B6EEA8D237CEE87E7986139E5CA4342B1E1F5C764CAB971A6709BDAC6D290D4D7A2D37B88B1B198884DF0EC44579DD639AD1C5C227A2BF4F9B66EAF1C53EB6AC0850B8BDA3FE3A6648D5BCD6BC2B110EC8E4E19107507A2CCCACBCB5A966E2C551E9A5C2415923CE4A6576CCE0D884F2DD81C1A098DDCF94CA66A2EBED653A54B79ED7082E0D1199214C0B7E9FED462628D31061CE7B5ADE70082E3E43D574469913CF3F35E7DB1BB75FDE53350C0351AC680726B4B869DFDEBD0402F5E134F26797B52A1085D1CC850828450910508042108372108550210840244A9100A236A29975BBA3510EF58FBD4B95A6EA96F31CDE60852AC701C44C54711C7E70A32E0F12A7F692D4B2B382AFD41CD797EBD3BE0C9B51CD76F34C11F983CC77296B0C52ACF65B977689A8A014DE0B4E98305C0752132B1AC265BE13382D5350EF54E1A0E03F1567B6A99470E0AB96BEEE9665DAF019A7E31BA43EB1F22B332D3A5C6D4C543C1426236F1F4ADD5BAFF00A9BC4159BF172E134E9BDDCC91BA0789D7C16C6D7DEA6E046A3E6B395492C3FB5CC4ACAA18958D0740F458D6A8A0C06703998559DBFB22E600C6CC12E206BE1CD586DDD2FE8B562CDFAE746B4A4BA4B372C736D94A753F48A2E6B5C48AAC0201D77C4C9E8BD28B941AADC2EE68570D8A170C06E29EBB95035A4BDA383BB5C3BD752A159AF6B5EC70735C016919820E842F7EB4F0B6A4421008421148842100842141B90842D204210811084200A4421072FF006898696D4DF032398FC3CD73ABC6CC8E6BD03B45850B8A45BF5866DEBC970DC630F732A39A41041339725C339AAED8E5B9A4453B7768D711DD39292B1C303F5A8E69E8084D29985B9970E072263B973AED859162B5C31B935CE7B8794F92B15ADA3000031AD1D013E2553ACEABC8043CCF79565C35E624958DE9DEE7B89A0D00442675C0E03F05B0D4C969A8566B991B71056156B15A6A112B659B378EF701A2903FB0A300799EF4EA8DA0AAFDD3A6AEE9216344A94C22946F3CF1803A0D4F995D7C58EF28C7932F5C6A9FED863DD50FDE3E3A6EAA96CE6D95D5AB7DDD3A83766435E039A0F11074F0537ED82EE6AD0A5F669B9E7ABDC1A3FA0F9AE740AF6D785D9700F6A749EE14EEE9FBA77DB64BA9F520F69A3CD742A359AF687B1C1CD225AE041041E20AF2DD4323BC68ACDB21B677165D9690FA64C9A6EF867983F54F451657A0921554C07DA05A5C4073BDCBFECD423767B9FA79C2B5074E6331C1452A108450842141B90842D2048828402109100842C6AD46B417388681A924003C4A83255BDA8D9B65706A3401523B5A00E1DE7818E2A3768BDA45B5096D206ABF98C99E7A95CA769B6EEF2EA5AEA9BB4CFD46765B1DFC4F8A5C7F4F6D36625879A7537781391E1E6B5D9333E098ECE567B83A9BBF541AEA9267B04466DF947784F277487032350466179F3C74EFE3CB6B258D3D321E8A6E85310AAB698988CCA936E2A2355C9E9DF09ADF4C6EEF0344930A36B62ED03593C3FF00898B293AABA5D90E01461216755D58F10DF9FF006565A0D81926161681A13BA9583449200595878D9710D1A9C87E3E0AC54DA1A001A0C87DDF7286D9FA0E8355E20BBE01C4335CFBC920F8292BEBB6D1A4FAAE30D631CF3D1A09F585EEF0E1EB39FAF2F973F6BA9F1C63DA2DF7BDBFAB1A337690FE019FFEC4F92ACCACEE6B97BDCF76AF739EEEAE25C7D4AD52B6E0CE500AC0949BC81C53A8466AD1B39B67736B01AF2E67D874B99E0DFABE10AA20AD8115DF367B6F6D6E21AF3EEAA1E0E3D927B9FF008C2B582BCC14DFDEAD1B3FB61716D01954167F96F92DF0E23C0A697D9DE10B987FD537FF00914FF9DC84F5ABB7554210811085855AA1A0B9C40004927201066B5D6ACD682E710D03524C01D4AA663DB7ADA72DA0D0E3A6F3A777C1BA9F1541C7369EB55CEA542790D1A3A342D7AA6DD0B1CDBEA34A4521BE7ED1C9BE0353E8B996D26D7D6AE4EF3CC7003268E8157AEEF893AA8DAB525389D25675EE0B8EAB2B3B52FCCE9F3EE0B45364E674F9F729EC369E5BDE43805221CB1829DBD4232DE70A6D1DC3B4479EE792D5B29774FDEFE8F58075379EC93F55C72907C96DC65C3769B0706EF1EAECFF00E0AB376E2C7B5C38158CA6EB78DD2DB8CE1EDA4E21A5C33D2414C9B6F508D4A90B8BB15D8CABC4801FFB406BE2A46CA9085E6B74F4C9B4261F44877695A2C2047CD43DD51ED1809E5B5423531D35F358ADE316117103F158E1544DD56CFF00554C8DECBE2766437A089F2E6A0AB5CBAA39B4A98ED39C1AD1DE789EEE24ABFE1360DA149B49B9C66E3F69C7527CBD7B974F0F8F7777E33E5CFD66A2401FCFCD51FDACE2E596ECB769ED5674BBF76C827CDC5BE4AF0170CDBBC5FF0049BCA8E0658CFA3A7CA1B938F8BB7BD17B5E3A80252172495838AC215CE58972458BCE6836B5EB634A692B26B903E6B9661E99B6A2D8DA881D6FA45AB7D0AB4F57A1091C54546ED0E354ED289AB53A35A225EE3A342E558EED457AFF001BA06A18DC9A0FDF1CCA6BB71B486EAEE1A7E8A948A638120E6EEA4FA05015EA2D62CDA2E2E944DD5C12B75CD451955E96847BD634D93D3895ADC56CA4FCBC56439A2DDE70006414A3EA125941BABDC1BFCC4051D6F50536EF1D780533B1160EAD706A1CFDDB4B8F1ED3816B075933E0AA1EE23652E2E6891C3A01023C1ACF3559C62DC8FCF87CA175FA98508C869A7F0E9FD0DF3557DA7D9FEC981DDE5D91E8079A5C5A954DD9CBB8961561A776E6E533C9526CDE58FE860F8645599B5B2995E7CE72ED864987D7DE19EBC168A95E1471BC57AD91D99CDB5AE067AB58780001CC7DA3CB8059C7C772AE97C924D9D6C6606698FD26A8FA4702180EAC6E93D4FDCAD94D63BB3D38782CD7AF1C649A8F2DB6DDD41EDBE2FF00A359D47830F70DCA7FB4FE3E59F805C21855E7DAD62FEF2BB6DDA7B3486F3BF78E9F9363F98AA035F09586E71584259412A0C4B96150E691C56354E6A2894A0AC2528283602977960100A2E9B650B5CA541EBE559F6898B1B7B2A85A61CFFA369FDAF88FF282ACCB927B68C4A6A52A00E4C6979EAFC87A0F548D573AB574B894E2AB933B45B2E9F92D4E99FA677551327396CAAE5A1C564238ACA83B55ABB964D313F341BAA54CE4EBC3B95A760F1C6DB5476F891503474DD33A71C8954E6992B7DC3A00E6A8F43D9DCD3A8C0FA704102233E0DCB2F0F35A2FED5AF691DD1E87FE23CD716C076AAB5BBB7D8ECC7C4D3F03E33923815D6B66F6968DDB32963C402C77FB4FD6D16A51C7769B0F346E6A3488976F37A3B3F9CF925C3EA170DDD4CC003533C15F3DA460BBEC15DA3B4C9DE8D7749FB8FCCA8DF67F84003F48734C924539D001A91DE4E53DDDEB9DC7774D4BA4AECDECF328015EE3E92A8CD949B9B5A786F1E2EF41DEA2B68318B9370DACE76E9A67E858D90C609E5C49CA4F1F28BDB68923B941E298735EED27F2C2BA4C75D336A7B65B6A28DDB401D8AB12EA64FAB0FD66FAA98BFB96D2A6FAAFC9AC6971E81569BB2143DDCC6EBC66D7B490E6913041FE10A93B47B655DD6AFB4AAD979706FBDC86F31A64EF3635D331AABD26D51C4EF5D5AABEABB57B8B8F749C8780C93477346F242561232A6E4B50AD4D30566E28AD696A6A3A2C5A95EE06145624A50B12B26A0C8254810832942C6508AF60AE17ED6FFC73BF629FF484A848B54EB44978842D7C66F68C7AD4E42140316B08428A296AB6DEFD542110D696A15F36634FFCD4FE6E4884FAAE8B8F7EA5FF00B0EFE92A33663FC350FDDB7E65085D2F69F161A7F87C9453BE31E1FD0D4A857EB353F53F567A1FF72E11B61FAEF177DC950B37A5A810B22842C8C1FC165C1085118702B06A108D142C9A8420CC20A10830421083FFD9, 'insp15', '202cb962ac59075b964b07152d234b70', '0'),
  (18, 'S','Annabel',    'Askie',     'Boncoeur', '098241878-7', '340533067-X', 'KZ', 'MD', 166, 16, 127, '896721679-3', '547-990-0536', 'aboncoeurh@washingtonpost.com', '273-126-9214', '357-263-3884', 'Marketing', '1952-12-18', '2019-06-25', 'Y', 0xFFD8FFE000104A46494600010100000100010000FFDB00840009060712121215121213151515151517151715151515151515161515171615161515181D2820181A251B151721312125292B2E2E2E171F3338332D37282D2E2B010A0A0A0E0D0E1A10101A2D1D1F1D2D2D2D2D2D2D2D2D2D2D2D2D2D2D2D2D2D2D2B2B2D2D2D2D2D2D2D2D2D2D2D2D2D2D2B2B2D2D2D2D2D2D2D2D2D2D2D2D2D2DFFC0001108010300C203012200021101031101FFC4001C0000010501010100000000000000000000010002030405060708FFC4003E10000103020207060403070305000000000100021103042131051241516171810613223291A1B1C1D1F042526207233372A2E1F1147382151663B2B3FFC400190101000301010000000000000000000000000103040205FFC400271101010002010402010305000000000000000102110312213141045142618191133233B1D1FFDA000C03010002110311003F00EDD0450529049249404922820492492045028A0E40D4956A9A42937378E92EF84A8FFEAB47F37F4BBE8B9EAC7EDDF465F4BA928295E537795ED3D403E8558532EDCD9AF205044A0A404138A0880492490240A29140104528401246124164A0894102492450048A2814012718049C00C49380038950DE5D32930D4A861A3D49D800DA4EE5CADCDFD4B832EF0D39F0D3F8176F3EC366F5C659CC5DE185CAB66EF4D8CA90D63F98F97A0CDDECB32E2B3DFE7713C36746E4A163558A546564CF9AD6FE3E0910EA144D1E0B429D00A5EE15173ABFA6316AD09CC2898FAACFE1D47B780263D32F65B1528AAB568A4E4B0BC729B6BDA6A8D315981C3F33307750703ECBA0B2BDA759BAD4DC1C067BDA773866172B5E8023154F55F4DC1ED716B864E6E7D7611C0AD3C7F23ED9393E37D3BD4162E85D3C2A9EEEA80DA9B08F2D4E5F95DFA7D16DAD732966E31D965D50411494B9049249028492490249249058492490249148A009B51C002E710000492720062494E5CD76AEE8B88B71E580FA9C44F8187D358FFC546575138CDDD326F2F5D775054748A4DFE153399FFC8F1BCEED996F5618D951526AB7482C1CB95B5E9F0E12449498AE536428A92B54C2A74BCE6B14A1A8B029FBBC14F4A2D547B156A949693A9A8DD4573714CAC7AB4554A94D6CD7B72B3EE6942E6764EF6C5BAA13F1C30208DDC5751D9ED226B5321FE764071FCC363BE47882B1DCD9C37FDCA8B44B8D1B9619F0D43DD9FF00965FD407AAD7C19F7D31FC8E3EDB7645028A10B73CF04918410249249024924905949149004914903571575575EAD57EF798E207847B00BB57BA013B813E8170CD6C2AB96F65DC13B9F4D5AA6AB53C82B9482C593D3C16E8355BA2C55E92BB44289136A7A6C53369E0830C299AEFEFB15B24556A22D850B9587C281EB9CA3A886A0959D7D4FC256848DEAA690382A6BB9E59459E154EE59224798622339188F82D0230551C3EBC30538F6A8CA6E3ABA1543DAD78C9C01F5129EB3F40549A407E59E589981EA568AF531BB9B79194D5D0208A4A5C824920812492482D248C2480248A0823B83E177F29F815C505DB57F2BBF94FC0AE19C71F454F2B47C7F34FB538C2D2A4D59541DE3E8B56815932F2F431F0BB4FEE159A19ED55D855CB6C5226D599109A1CA4636535AD1FE782B3555F60C531D82577794E9B759EE0D1BC98E1F45CC5EF6E2D18603DCE3B4B1B2046FD62315170B51D72797404AA578705CA5C7ED0697E1639C2601044C6F2D89E8A6D1BDADA75A4381683E5718C79FD557971E523AC7971B7CB59DE5549E55A6BC1C8823610410ABD5647295C4595ADA0DF891BC7C387DE4B6573762F386A98396CC041C63D568E86BC2E2F6125DAA7071DBBC4ED8F9ADBC3C9F8B07370DD5CE34D04525A194104E4D28804924905B4914A10048A28206BF23C8AE020CFDE6BA0D3DA59F4EA0A74DC1B00132D9D69C624F0DD8AC10F920EFCC6E3F63D953C965ECD5C7C79633AAFB015009718000C4958779DB587114A99201824E05DC4018C2669CEF1EFD464968CF03038E1FE07C24A1A3EDE8B43AAD305E6736ECDB0098855498CEF57EF2BDA7657FF00BE6B6D6531981E727FB42DFECFF6C5F50EABA967B41C3DF35914F4A5993A8DB56B9C438B629E075585E082D11E50EC89C9496F74D2D6BD94CB1AE243482E00C1380D71AA4F0054DD7D184B6EBAB6F44B7D25213EADE185C8D9DDBC182083193810774E3C5751650EA6279AAF6BBA58FA59AD7821F88398392E4AEF41D2249686B04F9DC70E80ECC1755A42D893CCC62607558DFE843AAFEF5D0DDE019227CACCF546F71C7E2A71CEA6F1E37D2952ECD5A6A825CFA923301DA877F95B0E0A4A1D9FB6C452241DB24F4C3359F77D9AA8F7BDA0B1CC0ED60F754717161968686C9F0CE31ABAD3C16FD1ECBEA16BD955F4C3408638CB4181241762D04838715395D7B578C96FF699A32DAAD07CBC4B4C8C0FF5627E0B62E5BE057285ABF57C5AAE046C767CC0689EA4AAF74CC231546576B35A57A14DCE9824123546C38805CEE830E64AD2D0B6DDDEAEE88FB3CE3D556D154C933B1A23A9331865842D8691AC00CA647DF30AEE3F31197F8B29FA2D248A4B6BC8040A29A5424924125285D4114902411410731DA6B7D673B0C0B413BE46D1BB2CD60502759A37E33BC47C47D1763A6301AD8C41060EF882778CFD5605CDB8EEA9BA44823A4F87E6A8CBCBD4C359F0CBF4AF696F8B9C31939419F50E0551BFD022ABC1A8E819868333FEE632470056E593B05A0D0D8C4033BD67B6EDD63258E674976705C3C12E0D30D05CD2D6B722D98905BE131C969D1D1ED6D26D0046A3264801D2666492009E4305A8CB361C437E2539ED3904B9D753192EE312E6D9AD203262034076C12093032C96DD9B61BCB059959BE21BE56C5980028D6DDC43DDE38E53EFF2515CD917621E6764C156C3807195334B768206F0A348DF750A542B011DE90DDC1ADCB98566DECDAD3265C7397638EF8CBAE6AE36DA716991C3E6139F480536546E2BD5682B2349E18AD4B870192C1D2952410ABA48B9A1ABCB1C00FD3EB92BF47CED1B008EB049F88593D983E6E60FA02B729FF13903EE42BF8FFBA2AE4CB5C762C248A0B6BCB042139040D493A1241692452520208A0A051BF66B020E4410B94A94DC59107C120F4C8AEBAE9623C005C23CD8FD7EF8AAB927B6BF8D9F9C7ED97635D6B5BE2B9FA5E1716EE711D013F45B36B5567CA3571D6E5103781F2E2A3BABA6B7C2D13BCFD372A35AE6028F1025DE63B37050B7A546A125CC76D27E2BA0D1F47581DB03D3D172356E8B2016BA5A7086B9C08DF8030B5744F68DBAA4B4C460E191077104483C0AEB48DFA8D5B9A50F19C28EE8968C0E2485935F4DBEA388A4D063373A4346580206271180DFB13ED9B55D0FAAF06320D6968046FC4930A3A6A655B26A5271730973467AA648E9990AE53D27AE2665546578C37F2C552BC1075D9CC8193B88E2A2C37F6D1B8A9C5635DE642B8D76B013CFE854170D9EAAAB1293B3B55AD150B88105A071CF25D05AD3225C44176CDC360E7BF9AE7B40BF56A549FD3CF6ED5D2D3A92B5F0E335D4F3BE4725DF41F092492D0CA092282050924920B45244A054808129CA2AD92815AE9C163DC09FAEE56AF1E55225737BBBC6DC6EE322EA890F24C78B111C0006676AB56B8A5A45BE53C48F5FF095A3A303BD66CE6AB7F0E7D53753D591060919AAB75738E79715AA310B2B4C5A3882EA67C4065120EE0B9C57EEDA6344F19FBC4A95DA39AF12EA4C738645CD6981390913B964E87BAAD56439D4E9913839AE24F2903DA722BA3B7B1B8FC35E9E227069F589F756CDC736E3E2DFF616D60F05B96AC61FA40394119F2F55357A2778C38E093ECAA107BCBB8D90D0D67AC927760A93F46D09F0B6A55F0E2EA8F7B5BAD0318C01DBB0A8B76EB1FD377F6FFA86EEE436497B401C404FB2AA5C03A246C9C3AF14CA3D9DA1ACD73DAD716990D02002044938939E5318AD8A94B72E29976F2A74DB000FBEA9951A33DA7E0A7AA23663BB69552E4EAB4E53B792AEC26487463BF7B5390F8AE92D8AE5F401D62F7EF207C4FD174D6AB5F1CD62F379EEF3ABC112835156A804138A080229424A05B4D4E4174028EA8C1489AE08316F5AA8AD7BCA6B29E1715D441754F59846DCC731F7EEAA5074807D96842CFBA6F76ED6FC2E38FE971F912AAE4C771A3833D5D568DBD491BD3EAB96552BAD53C32D8AF77DB951A6B9977415A902718E700A969DBB06606EC1A279278A73C938518D9F7F2532B47F52C8968D4A40F931E8DF9292ADD37F08FBE053596CECF2E6A5A76C33264F2E1829B5C755BE4CB63264A99F9A2200E3F0954AEEE8341C7EE1713CABE4CB68EBD4977D56069FD23122652BFD28D6B4B9DF7192E7A987577EB3C1D5CE386EEABB93DAAB97A8EDF425BEA5264E6EF193C5D8FB080B7AD42E3FB2BA79958772E701598E7B354E05ED6B88696EC2756240C705D95B05A630E57BAD8452092EDC12492480248A482D940A28294814D44A48855B962C6B86415BF5460B22F58B9A98A2A9E99A5AF42A367565B838E10E91ABEF1EAADD5A8D6B4B9C435AD04B9C4C0681992772F2DED476ADD7359ADA72DA14EA0734646A169075DC3A60364EF5CEB69DE9B56BA4DC0F735C6ABC6DDFFA9A7760B4ED7496ABB55DD0EC3C937FD353BAA58E21CD058774E320EC5835E8D4A32D702F60DD8BDBC78F354CEEDD94B1DE59DC05A96ADD6C04755E77A374DEA0F1BB5A9C615063AB1301E3E7EB0BA6B3D32D2043811863239E076AE6E3DD6619CB1D977200C4E7B76AA9745A3010B18E9D6C4B9F039ECF559177DA9A40901C1E46C67888DD80953D29EAD79ADDBBB9D5933037F45C6E92D306A499860DBBF8FB2A7A534C178FDE1D564C064F89C78C1C8FE51FD93B47E8CA95487D46EAB462187E277A998EBCA9CB2EABA86D0B575621CFC1A2355BF370DA7705B0CB70D03DCABD6F63031C3861EA566F69EEBB9B77B9B81778198FE274891D24F45CDBBBA593198CEAAF37B9AB2F73C183AEE7B482411E22410761E2BD43B07DB86D5D5B7BA706D5C1ACAA706D5DC1E726BF89C1DCF3F2B70FA26B16A8F32F97D3492F27EC6FED09D440A3765CFA4306D512EA94F7076D7B3FA871C97AA5BD7654636A53707B1C25AF6996B86F0548910452401246124169095C068C75DDD5DDE51159CCA2CA806B08D712D69D461D9BE78AB0DA55AC6F28D3EFDF568D72E64543ACE638375810EDC403ECA476A525CD68CB97B34857A2F712D73195180E4336B80EA01EAB9EFDA069AAACB867775853A74755F506B006A49F2019B8EA8380DE107A29597A76F285BD235ABBC3199027371CF558DCDCEE0179F769BF6A01D4CD2B3A6E048835AA611FEDD31F171E8BCE348690AB588756A8FA840805EE2E81B9B390E0140D9ED4F6AEA5E38B40EEE834CB69CC971193AA1DA78643DD73B304734D253510ECBB11A6F51DDC3CE0E27BB272939B4F3D8BBCB8B30F13EF8C85E2A0AF4CEC57687BF677351DFBD68CC9F3B778E2368EAA9E4C7DC6EF8FCBB9D197EC379A058E2489638FE36613C5C088396D0B3DDD9AAA0CB050A93B48349DEC0827A85D85CD20E077ED1972505077B6C8E3EFB7255CCAAECB8A57334F415C6CB4A33BCBA913D67157A97672E5FF00C4A94A8B4018326A3870C435A0FAAE91B5BEF0FF00014A6B6F33C377A6F53D55CFF4A332CBB3F4689D7682E7E5DE3CEBBCF5C9A3900B469DBE5B631038A904CF1EB3F153D26C0E27DFAAE2D598E3A42FA7BBEF72F33ED8E9415AAEAB0CB29C81B9CEC9CE1C360EBBD745DB5ED16AEB5BD1778B1151E265BFA01FCC76EE1C72F3F78567161F9566F93CDF84FDD5DC98C4EA8A372D0C49060B4B4269EB9B474DBD57324C96674DFF00CCC381E79F1596D74A2107AD689FDA95BBA1B7349F49D917D3FDE539DF1E7038439767A334B5BDC09A15A9D5DE18E05C3F999E61D42F9D0A66465A48232209047223241F4D424BE761DA3BD180BDBA0370B8AB1FFB2483D9FB163F7F7E77DC9FFE74D43DB8BA652B9B2A951C18C6D479738CC0FDD91B36E2173371DBBA366FB81680D7755A85FDE54965169D50DF034789E3C3B75570BA6F4E57BBA9DEDC542F764320D603B18C183472CF6CA0EB3B57DBD0FB96D6B10E6B98C753EF6A35BE2D62316D33303091AD8F00B88BEBBA959E6A557B9EF7625CE3249F9725142081A4A89C9CE3299281A518C0A4548DC8F240C6953D0A85A439A4B5CD208230208C882AB535618D41E93D98ED436B814AB6AB2AEC3936A7F2EE7FE9DBB372DE88764BC7DA064BADD03DA773219704BD9B1F9BD8373866F1C7CDCD53971FB8DBC5F27D67FCBB86D21BC8C37E1D653C00378EBF3CFDD32D355ED0E6B839AE1816B81047033D38290B46249000F313806818CBA70039C2A9B3B24A431DDC06DDDCCAE6BB4DDABD49A36E7C7E57D518866C2D61DAFE39379E59DDA1ED41A80D2B625ACC9D5710E78DCC03CACE399E033E5E3605661C7EEB1F37C8FC70FE4D7150B829DC140E57B1AA3B3841EA47E72A37044189ED29B29207A0100E4501D549375D2408A0519409400A45C210D694D8840D7194D2538A1AA80153512A22149410318A76394350438F34E694164156D8206B38C00A0B7A63CCEC0050D6AC5E67203207671E6834AC34F56A0E268BCB01CDA710EE2E6653C73E2AD5EE9FAB74036A5405A336365AD24190E7B64EB1E7808C1600A23699FBCD3BBB8C4120EFDA146A7975D796B5BECD32E48282DEE43FC27077B1E2139C48441EF50D47271AAA0AAE952190A32A429A422111493E1084035025AA9C9CD411744548920628F6A9131FF14042694E4D72008C248A08DCA4A098F4FA2815D33C5D07D3E4A5B4A5251BA6794F4524EA36066EC390DA5036F2A4E0012C1B8E677AAB4CAD2630340DCA9DCB21F86D1F3412B0E0A1AF570C13AA3A21368D1D73C020835A0658E73B42D3B5AFAC21D83A3D46F518B700C94DAE30D6C88C8A0B2EA4A07B71535AD7D618E6146F18A06393539C8206A442294A00912925081B29230920620E090450018A0E6A7313884114249E42508237846904AA049882DC48139020F45152ABAC5C4EDCB80D814CC12D2382840820F4F5413D2A9B0A86B37C477003DCFF00646A529382880397133D3EFDD0234CBA318E8A763E006B47DED518CBA2797B84003AA0948273C14156A49809EEA66313CD47AB19202047886046DF9152EBEB63112324DFC29EDC02069082250401C104E841004404907BA020617A49A9206844249202DCFA271292481A9C5249046F49A124905CB751D5C914904C154199E67E292481D4B6A968E69248155513504904C460138A4920694D07145240120924808CFA28AA9C472492411A492483FFD9, 'insp16', '202cb962ac59075b964b07152d234b70', '0'),
  (19, 'P','Nikolai',    'Node',      'Keuntje', '181392859-2', '738997679-9', 'CL', 'FD', 154, 38, 127, '341384359-1', '576-615-8636', 'nkeuntjei@nydailynews.com', '160-339-5118', '621-331-2648', 'Product Management', '1962-02-08', '2018-12-14', 'Y', 0xFFD8FFE000104A46494600010100000100010000FFDB00840009060710121215101010150F0F101010150F0F0F0F0F151010151515161615151515181D2820181A251D151521312125292B2E2E2E171F3338332C37282D2E2B010A0A0A0E0D0E171010172D1D1F1D2B2D2D2D2D2B2D2D2D2D2D2B2D2D2D2D2D2D2B2D2D2D2D2D2D2D2D2D2D2B2D2D2D2D2D2B2B2D2D2B2D2D2B2B2D2D2D2B2D2DFFC000110800D600EB03012200021101031101FFC4001B00000105010100000000000000000000000200010304050607FFC4003E100001030106040501050507050000000001000211030405122131410651617113228191A132234252B1C1627292D1F014153343B2E1F12482A2C2E2FFC400190100030101010000000000000000000000000102040305FFC40023110101000202020300020300000000000000010211032131410412512242326171FFDA000C03010002110311003F00F246846024D0A4685402023011009C0419A11009E1100806011009C0450820C2784509C04C030A784709E11A247853E152425098086A36B5135AA40D4C91E1441AA401106A6947852C2A6C29A13245085C14A420291A0735010A67212123470906A3844D091A32D425AAC16A07351A3DA084B0A961342033DA148D0934290052660D45088044020C01A88044027411A13C250880544402784804E8040293C13127CA39BA42929D378F361819612E2E049E61A0127E15A6807373F3E7F7BACF2ED92E3972FE3AE3C5BF2CFC3CA1C06B0E83F232415F18CDB4DD074C9C5BEAE80ACBA8161863C3038EC1C7E4E9F28C598FD4F6E23A62A8F907D067F2A2F25FD749C7195E3D69FA0B63586621EFFEE9DB7991F5B321B8576BDA0B7200659073247BCF559F524CE200CEF1FD6689C9626F1C68D9AD0D789699E9B8EE1590172E2861391273D46AB62C4F781A9701F749991D0EC5769CB3DB95E2AD2842E474EA0709085EBAEDCB48CA8CA90A8CA0D194D088A4D090306A30D441A8A1000420214C4202101096A685316A1841ED41A118090088052A209C241384C8E0278482740327013C2741135B3929EA598B4C8F346A741CE07C29AC01AD0EA8FD0643A9D5476D7B9F4C10D2311807BECD1B9DC95C3973EF4EFC587B46DA951DE689339B763E836E8B4195718C3E6F1008CD8307BE51E8BA5B8B8207820D59F15D0EC3AE1E86755B3FDC351AD86B03A37803FE565B9366387EB8DA164C0DFB5864F26193FF00734FEAB2AD4D127C27B9A74D6A4C77D47BAEF6D5C2B55C26309EF91F459EFE11AA3CD1BE9B7BA5323B8471746C2F713127BC9FCD6B58EE3241919EDFD7AAEC2EEE1E730E2C3A9CC7BCAD875DAD1B4145CA9CC23CAEF5B81CCF30061A64803F92868B644B409DDB0015E956BB30D227BEFD17217A5D9E1BC5467D04E6DCA5A7711B8CBE55639233C35DB9C64B0E21387EF34CE437FE7F0AE38AAD79B4827919CA721D474CD3D91F2D83A8016BE2CBD317263ED2140E521080AECE4046D09805335A823009C85206A45A992221090A42D4C02002136152C26C280CD0128440250A55B300880480440264684E1284E9192748226B530BCDB38380463C39E19C9CE30437D4EABACE1FBABC5AE1F5062650CF4F29774F658F65A2CF2C1FF3267B7F203DD7A0DC96614E8340D4893D6560E4BDB771CE9B1676FCABB4C2AB67D02BB4D738EB90B00E485D4C7253051D42AB48DAAD4854ED015BAA554ADA28AE918F6AA79AC6B6D104969D0FC1E6BA2AD4E5605B84548DB64A2EF71C6DFF00648DB2E99E9FED2B2A89C2EC1AE520AEA6FEA63B070F6EA17238BED1B3B483F965F0B5715ED87962D908214E5A830AD8CA66B54AD099A148020A9C04884E9894C80E09A11220D41830A6C2A6C2961468B6C7013C2201284941011009C0440240309423C29F0A0D1808D8331DC220D4E02034AC5543AAB47DC998DB5CFF002F85EAD6474B0760BC72EAA4EC40FDD06077C472F95EBB7764C683AC05E772797A1C5DC6C59B40AE3150B3957D814C56490950D42A52428DC42B4C57AA155A815CAF500555CE95363A4AA7582E7AF36F9FD17495C2E6AF4C8953A54AE62FE712D5C9DA0FDA373CF1004FAC7E8BAFBE84D33D04FCAE2AB3A5D3B8708F70BB71337346DC2508439102B76D8B4201180A3C48D85323908519429A49AD5280842209C4DA450A728532DB3004A1180883543A230D4402930A70D4184352852009F0A02385359ACE5EF6B044B88024C0CF9A10D474C00413989CC731BA2F8E84B3736D6B4D89D44F8473735C0920183F4E7F32BD06CF901D23E17196BB0BE9F844BCD4A78806971930ECC41E5915DC5064881AC15E6E777DBD4C71FADB206A5F54E98DDC4F2E6AAD6E287812DA4E701AC35C7F45976AC741F18714925CE03140D80E64ACABEAFAB7B7ECE9D30D0F0CC0E248893E6C5A4C01A36354B0C6E5E067663375B3478E81761A949ECEA415D5586D62A343DA6415E7F42ECB51C25C3139ED973487647B3A4CFAAEE787ACA69D3F0DE0070D634477BD2AC9F5DC65F105F3E09CC4F4E6B9AA9C5B5DE618C2D1D607EAB478CECEF7D66319B83FF0AA50E177F84E2F70656305849180C1061C771B469D1126E8CBA9B2AB6BB53DB22A343BF0E305DF0A93EDF509C3535E792AF62E1BAAC2F73AA0739C5C4C169124CE4DA7901D15EBBAEB7CC54EE0724F2C663EF69C6DB3C695ADB4E5A4730572960B3F9DEF23263447EF7F417677AB3064B99A74F2AC373253C2F54ACFE511933079B412927708CB9003D8420256DC3FC630F2779DFF00A7946D2A2944D2ADCEA694E10B518549A209D209D388A12991C250A92CE6A3081AA40B9BB14220138088040306A7C28E1240042489094C9D9071AF606540313ECE69B5E37869227F8482BA7B96A839F45C37075E5E1D4349C478758410F12D27911D745D4DC950B5C5A76FD323F92F3B9F1FAE4F4F872FB62E92D764150699F3DD53FEEFABA09039E370F8056859DFD5587D5014E3156D9D33ACB770A79932E5352779BBA2A9696C73DBBA0A225DCA3545F2AEFDB9DBF7FC7079010B6AC3E760CE0C2C9E20A2E0FC43591AE8A7B9ADA3363A03DA60F2F44BDAECDC5BB45DD3ABCC720067EAB3ED4D6D310DF75AB6AB464B02F2AF2114A39BBEAA4FBAE729E20F793F41D06E7492B72F1748F558D68A9901BE727A4930AF8F1FB5D39726731ED01284A48495B9E71D13547289A5013B4A91AA16953B154451B422013808A15C450C2644E4280CC6A958146D0A6A6143A246B5106A76847099061090A442E0808CA8C946E51148C41CBB6E1EB617B43CFD5043BB83AFEAB865D1F08DA20B9879C8F5C967F91378EFF1A7E3E5ACB5FAEEE95BB289505BAF86B0125DE8A85A28B8CE13D973756C55AA542DA9E5A6D39FED7FB2C72B7EE7974375DE356A9755C30D1F40CE4F5566EAE2B6CB9959A693C1304E6D78E60A86C7558C6000860DCC8CD50BC6CCCAB30E693B43C49E509C16EFD24E2AE25647D98C44F558974DE4EA8E2E712C2620B4E621665AAE92C399007EF05252A94A8B65D51AD0372E10AF534532B3D74EB45F0E6F96A1ECF1A3BF91E8AA5AAD58864573F4AD66D03ECBCECD31C183DA755B26C069D3687197E118BBC66A6F43EDB67DA44B4AC2AA733DD7436D10D2B99795DF8279AC7F22F81128094C92D2CC48C2108804048C53B5CA06A902A4D58639480AAED5330A72958329A1104A13D9699AD6A998144D2A46952BA99A8D034A294D262813B8A648F40728C853151B90119562EEB49A7503FDFB28613C29B3734A975771E8D64B635E0386B0AE3D8CA991133AF65C2DCB6F2D3849ECBABBBAD3983ECBCEE4C2E374F470CE653682F9E14B2D4C2E34C32A364B4B6435D94105BA157ACF7558435B8E835A67EAC260F920C91B65BEEB42D431B7D3D9621BCEBD02460F11BCDB1F20A5BDF9779AB3F115B2E8B1306232E978112F710DC5B019C46EB9EBDAEBA5570834F053151CE0D39178DA46A0743C96CDA7889CECBC3709DB29ED2B3A6A5574911A65A9547AC679BB69DC941A3080D01A06406500688EF3A92E28E88F0DB27559F5EAC9E9993D0735326EB967587C456F6D36B717F9951AC11D753FD7359B68A25AE2D3A8F91B143C5671B584682BD303B4C2E92D57778B48380FB46B72FDA1C96EE1F1D31734BB73109C05296A685D74CFB042209E12468082205002962404A1CA56B9550E52B0A02D35C8A5420A58D32526A95A544110291A7053E25087245E98D2494F2A20E4F892349284A69441046013C275A7735C75ED27ECDB0C9CEA3A4307AEE7A04C33A98322359CA359DA174742BBA91188111A83AB4EE0F25D85C1C2F46CDE63F6B5A33A8E1937F746DDF55CE710D306BD4E58B3EE409F9959FE44EA34FC79DD6EDD768151BB64B42B58A996CC4CAF3FB15E2EA0EFD9FC96F33895B193BFAEAB2DC74D3325EAD7551FC0144685360C8415975788DBCE7AEEA8D6BE4BB3D046E9FD76AB9FFB4D785793841C875C962DBED7F71BA7DE3CFA20B5DBF96FEE56717CA7AD225DD35A998CD366B3559F127F45DE5868C340E8B94E1EB11AB680756D26927B9C87C4AEFA8D085AF826B170E6BFC98B78DC4CA86620BB719415CE5E772D5A3991899F8DBA0EE365E93E0483D9591651104483B15D9C2CDBC721095E957A709507E61B80FE2665EE342B94BCB84ED14F364566FECE4EF642355CE949154A65A70B816B86A1C083EC50A933B54AD2A208814154B29E54729B12648014589401C8B124A485C9B128894D89209C391872AC1CA7B3D373DC18C6973DC61AD68924F201309015B372F0FDA2D3FE1B219BD57E4C1DB9FA2EAF87782994DA2ADA80A954C452D69B3BFE23F0BB6A4C00400001A0020262472D77704D9A93715626BB86B8B267A346BEB2BA2B331AD68C837F0B5A3268D80014F544E5B0CCA16667172D11B51553000E642F2DAB6DC76CB4532640702DE87470FCBDD7A7D63E6017945BAC8695B2B3E08FFA8273DDB51B3ED2D85C79A6F176E1BAC966D1401307759F68B096996E8B72B53C4246A156C5197F4565C76D19460BC3C1D07B040E712B5ABB2551AB415A24ED9CFCD135AAC782ACDDD61356A32981F5384F46FDE3ED2A7CF4E926BB757C1D7760A38DC21D54977A7DDF885D13292929520000040020053405BB19A9A62CAEEED156114DE7935D1EC55EA6011D952B698A7FBCE637F89CD1FAAD003355488354556CA36CBA6CA6276DD1624898578DCD42B0C356989D8E8E1D885C6DF1C155192EB3BBC56FE024078EDB15E9A60EA250C0D207B203C26A30B496B816B86A1C0823B8432BD778AB86E8D7A78F0E1AAD193DBAC7EBD97965E776D4A0EC2F191FA5E3E970E9FC924E95712694A1284894F1270E514A70530373908298952D8ACCEAB51B4D825CF706803AEE91B42E4B9ABDA9D8693721F53DD931BDCF3E817AA709F0B52B20C47ED2BB867548D07260D87E6ADDD377D3A149B4E9370B40F527724EE56984CE42AB991D254AD2A227E12C4851EABF61BFE4A5D32E4AB59CCCBCFA294BB294046F3E61DD723C6362C9CF1A9613EB4C878F86BBDD756E3A770B378859E4C51384824731B8F695394DCD1E1755CAD89F89A08E482A301C8FA282C03C273A91FB8E20756EAD3EA0857AD346730B14E9BAF714FC1E8AA5A5815A7E2D140EA67754522A0A592ECB856E7F0DBE2B87DA3C7F0B758EEA970F5CFE23BC478FB369CA7EF11B765D755F2885D7870FED5CB9B93FAC46E7422A6D2732829324C95609D96965416BD69B79BE7F8413F9C2BEC3A2CCACE9AED1F82938FF0013801FE92B481D114CCF39A6435DCA46E891082760CD02369400DA5DE52B9CBE2EB654A70E6C8DF98E4472217415B30A0AADF29079203C7AF5BB5F41F81D9839B1DB387F35497A5DF775B6AD2C2751A1DC1D8AF39B450731C58E1E6698284DE98E92784E0234465E81C0172601FDAAA0F33C45207669D5DDCFE5DD731C3374FF0068AC011F66C82FEBC9BEABD6053C3840C808109E8E3428A9A556A4F465CA54271F941687E5037301402B124C68DCA799483A5E3F647CA66BA320004351CA2352153BC2A12D27111968329F5412A5FF00C4942CADF39C750FD349BF51EFC82A3745FDFDBA8BE5A19518736364F948F29F5CC770BCFEFDA4F2F391D55AB8A9D6A4E15699C2E023A11C88DC2AFAAB4ECAF2BB8966303CF4841FDAA7FF00CFE44AAF6374883A85A3755F0CA993C6079C9CD3A4ED84EEA6A975B717D990D3F81DA1EC76ECB2F2F15DEE3BF1F24935589598651D82C6EAAF0C1EA790DCAD5174D4260C346E641FC95EAD569D969F9402F3A0DDC799E8A70E3B6F6BCF9649D7968D2A6D63435A21AD100285D995CCB7896A531F6803C7B39695DDC4B65AB1153C377E1A9E5F9D0FBAD7A64B2B6A9B514200F9D331D13CA44CDB3D4C569AC7F08A4CF8C5FF00BAD671D1615C67154ACEE75EA7FE2708FF004ADBA8724E986B9538392AB58E8A50EC9492594A5441C9C940273B349C80BA10BEA7A9D8734C20B4B066B1AB58D85C49649E70ADDAED2E71C2D93DB4F7508BBDE73244F64C3C830A509249B93D37846EF6D2A4DDDCF8738F3257455351DC249255D2098ECFDD15A2A4349E4094E924682CF4CB5AD13397C9D51D9DD9B8A4926632543544C8DA12492261DAAEA638E61058EC4012CD6342924AB668ED763683FBC3F250D3B75668702FC5863038FD435D4EFA249270E1EA5FD69880F03A86B6552B3DA1EF2E73DC5C491993DD249568D957B552E70673572CF6101BE89924026D4AF48CD2ACE6740E387F84E4AD52E30B530C3C32AB77C8B5DEE32F84924689D0F0BD5269E2D0BDCE71036C449FD56F4E4924B9DF29A550E49DAEC924948134A44A4920232EDD05A6B6013A929249852A15C9385A037A957488DCA749143FFFD9, 'insp17', '202cb962ac59075b964b07152d234b70', '0'),
  (20, 'P','Bev',        'Dorwood',   'Jaksic', '817480838-8', '826097505-X', 'IR', 'FD', 86, 14, 127, '353140286-2', '284-467-0320', 'bjaksicj@wiley.com', '752-596-4013', '352-217-9059', 'Human Resources', '1961-11-21', '2019-08-08', 'Y', 0xFFD8FFE000104A46494600010100000100010000FFDB008400090607121212151012121010101015100F0F100F10100F0F100F1515161615111515181D2820181A251B151521312125292B2E2E2E171F3338332D37282D2E2B010A0A0A0E0D0E1A100F1A2D251F1F2B2D2B2D2D2B2D2D2D2D2D2B2D2D2B372D2D2D2D2D2D2D2B2D2D2D2E2D2D2B2D2D2D2D2D372D2D2D2D2D2D2B372B2D2B2D2DFFC0001108010300C203012200021101031101FFC4001B00000203010101000000000000000000000001030405020607FFC4003610000202010205020405020603010000000001021103042105123141516171132281910632A1B1F042D114526272C1E11592F123FFC4001A010100020301000000000000000000000000010502030604FFC40027110002020104030002010500000000000000010211030412213105415113226123324281B1FFDA000C03010002110311003F008C62197C71360C43101634C691CB4300616161400AC028001020A000400740847203A134090000004014348013151DD1C80211D09A0054030009280EA8540810C0000A060140080E800B390185008403A0A0488682828102621B04058980D80244C4368100072C6260003630601CD8C28601221B424304080010200004091B00430040310000268006161603A00481886C010318A800A00100310E8409B100E869020E39467420090000100C0742E50006020485050D1CE49A4B7FB770DA4AD99460E4E91D1164CABA757E9D08EA52EBB2F058C5A6F42BF36B9478897BA4F0CE5FB657FE8AEE537E8BC20F872F2FEE6843012FC12BE5AAC8FD9790F1F862A94519694BB3FBAB0795AEB1FB7F634BE090E4C4650D6648FB35E6F17826B9895B1E48BE9D7C3D99D9166D21C472B8ED2DD79EE8B1C3AC8CF86516ABC44F1ADD8F9458A040A57BFEC07B4A66AB861426862040003100031002000040924180502068130004880691C659A8A727D17F28592936E90B2E551F7ECBC90E3836ED91604E4F99F57D3D0D1D3E229F55A97274BA3ACF1BE3E38A3BA5DB3BC18B7A2F7C2A43C38FD0B31C5B15ADD97B18A457588E943D89A97BFE83FB1064915DE323788B36FD3EC08068A393114B53A736B241153340CA2E8C251B460C64E0FD3BA2DE39A6AD3D835584CEC797E1CFFD2FAFA7A96DA4D4FF008C8E73CA78F4D3C90ECD26090E80B33991585850002B00A0040A80622412A403626C8014090C409048A1ACC9CCE97E58FEACB7A8C9CB16FE8BDD9470C7B1E3D5E5DAA9171E2B4DF925BDFA2E69206A61814B0C68D0C4F628E6ECEBB1C69167133BE7208B1F2F9303723A533BE7388E21F29049CCE672A675C960F102439C832924A24522518B2B658D98FACC46D6666767566C84A99A32C6D1170FCB6B95F58FEB1EC5B3314B9669FAD3F666A51D069B26F81C4F91D3FE1CDC74C41430A379E015034140D002000041200C4D000C2818D024A3AF96E97BB7FB0F4A883532BC8FC24913699F7F0536B2572675DE2F1EDC512F3C89757491064E3108EDBFBD14B5392591F2C15A1E3E0F6BE6935FAB3C349765C5B7D13E6FC4718F456FB7616978E39F6F6F47E0E21F87B13DDF33F25EC1C1F1C778F5F01B8992523578766E6EBB6C8B738D997A7F936DD17F1E6546B36A3A5B14351AD716DF44AD967266DBD4CDCC94DD75BDA9782510CC7CFF00892716F6E68EFDB73AC5C7F9BB7FD1772708C6FAAFA2BFD485F07C2B749C7D9BDFE8677135352FA450E2D6E9AD9F72C49DFB3229F0B835B5D9571CA507C92FCBD9F51C7A3176BB0D46EBDACD2D3CEE29F948CACDD597B864EE0BD2D16DA09768E73CDC388B2D8AC614589CE8843150203F9D000003B1D8D0000CE5B1D9C65E8C12BB3264FE67EA5CC38AD5792841DC8D6D1ADCA1D53FD8EDF40BFA68514B1AEC50CBC4EBBEDF76DFA22FF1086DB191A3E1C94B9DB7CFD9DD57B1E48F3D9654FA4750E3FB4F961397C28FC49B94E38EA16A3B27BB76D6CB72FE8F5B3E58E4719C633DD392F95AF7163E1585CB9E718C9F56DA6DD96BFC32E893715D16FCA97832938D70231927C96E5352873F75E190E932B6B7FA10EA2751E54925E873A296C6BA367B24C995A953BA27CD95422A9AB97DFD92286B25F3265A52E65BA5F557B1247B3338B6AB2628C727226A72514E73E54BD5F8467E1E2F92739C1423278DCAE5867CF0A4E9B8BFEA47A3C58637F3457D935FA9067D1C136D24AFAD24BF633528A5D1AE5196EB4CCFD1F10E67D6FD57ECCD2941497432A3C3929F3C572F9AEE6D615B18C9AF44A4DAE4C9D4C2AD7824E112D9FB9DEB97521E12EAFC5967A092BE4A1F338DCA1C2B350763392D8E5004339608000000944360C0111649EFCAED47A36BA2BF24CD96A308CB1274BE64D7EA8F16BF2386355ED975E0F0432E67BD5D23CF6A34FF000F25767BA2EE96471C5F0F24A3D5C77ABEDE847A696C54CDB9453674D08A84DA5D179C6C921A7878E662D3C2CD1C184F39EE8F2438A15FD297D09251D8B4F0FF003D08B2349320D94606BA4DCABCBFD0B7A2C5B14F954A5CCFBBDBD8DDE1B8A2D5B74919FA357B32F8860DBD85C2F3DAA7DB63478A3823134D3509DFF4B74FFB8F44F4CDD78D754433C7E89FD0B7092D8EDE33146748C7C98978AF6216E8D6CB88CAD5C2B7449AE6AB928EB2649A0C4F241421F2D5B9CBCEFD115750CD7E02AA31FF0052693FAD9BDF113CB1FDA7C9D4A0E3B3EAB6159CCB373CA4FB73319D063E609BF8707A94966925D5BFFA0D898C546668000A00092C43A000E67D191705D6A937825F9A328CE3ECF664ECF37C41BC39A1963D9D4BFDAD9E6D5E3DF8E8B3F159FF001674FE9E8FF14E2E570F797EC676923D0B1F88B57CEB1B5DDFD9D1C68DAA4527503AFB4F233574913470B3374F3FEC3D76B39152EACD07B22E916F51AA57CA8A1ADD6C62ABAFB7532751AA9A8BAEFBDBEECCD596527DCC946CC5E5F84BA8CDCB7F34ABB56CD77A27D0EB327F4C9493ED2A8B4431D2C9F5BAF1FF003EE69E9781277349ABE8D599706BB932BEADCE4AF24B9629748BDDFD4A3875116F955D47AF76EBDCD4D570E95549B696EAFB98D9343252B5B77AF4B0A837247A5E1FC42335CB74FB59A183554F965DFA1E2B1F3C1EDF4F26A60D4C9C69BB6BBFA98B899ACBF4F5195A6666B16C73C3B56E4A9F58ECFB8F552447B32724D187AAD8BEB5AA1A48E45F9973C7D9EE97EE51E292A56518372C3185EDCEDD7EA7B31437D2FE4ADCF97F1293FE0D7E169F2DF92EA23D263A8A2568BD4A91C3E47726C4D890C44980000004AC286D8002A33B8CE994A2CD2643AA5717EC43568CF1CB6C933278B45AC307DEE3CDF6A1E8E4EB7FD0CEE21C5E1C92C33B5254E2FB3F04FC3F25ABBF1F528B2C1ABBFA76D8724654D7B47A2D24AFBFAFD4EB88626D5D5B5B15F493A7FCE86AC1A947D6B73C6CB05CA3CFEA7992BE5F9575FF00E14A1C461174E12BFF006BAAF27A2CB8D53464E7D1EEDC76B54D7944A66C50545CD2669C92AC72A96F1F97AA3431EBE515F964ABBD197A3D6668A51A551E968D4FFCA657150E485DB7CCA32E677DBAD032FDBE10EA753926F68B7755B52DCA9A88664A52704D45F2BF2FD8D1CDAFCDCA938461CBDF95DCBD5D997ABD4E56A949F5BAA5D4530F77C3273EB256AF13574932DE92DAB4B6E8D7FC9C7FFA64694DB7155B7B1AD862A31E84B746BDA990709C4F9E4FB74F426D4DDEDDB7F72C636B1C1B5D5EEFDD941E46DDF6A69FB90B9307C2A32B892D89385A4F1ADBFA9D7A76655E2D96AEBC95FF000F6A9C9D768BD8B1D2C2DA29FC8E4DB8E5FCAA3D63131A605C1C8310A8E84810218002091800C12238CD1B4D12580251E03F10E824A5CC95A1F05D53AE57D8F5DC474EA4BA1E2B8843E164B5B27E0F0EA31765FE8355749FA3D9E9A771B74BF73534B93F5A7E0F29C275B6BCFF0063671EABC3E9D6CA69C699D2E39A68D09E5DDA21CB2A283D53E7BDBDEFA93CF2B92A30E8DCA568B7872C7BD7B772FE2D5E38EFD19E7B91ADFB2FB9DD733A5E9B992E48DCCDBCDC5612EBBDEC995B36A31D5AA3367A6AA4EE97F3621CD169D2BEDB3FD513C18A948B12C89CA91663952336369DD9CAD4D3B7D576EA43E46EA34F88665DBD0ADA8CC947E8B6F044B2DEF69FD3EC53E2BA9DB676DF6D898C6DD184A75C991C5B2F336975755D8D3FC3FA0E44BCF73331E06E714FAFE67FCFB9EAF411A45DE971D2396F259DB7B4B4BC01D0A8F614872C074008157F280E8003A600C00060800038CB0B4794FC41A2B56BAA3D72451D7E9AD18CE368F460C8E12B3C270BCAD36BBC7F63D0E1C97F35F8DBAEE636AF4CF0E552AF95BA7ECCD08C6BDBB1519F19D56973D9367CF52BB6D76A2EE83557D5D7F3B9959713F17E1AF045A4CDCADA7EB6F7AFA1E4DB68F7A9B4CF55D6FA7AEFD8B189457ABD8C5C1AC54BD6D34FE8589EAD794AAA95FF003F88C369B77D9ACDA775FDCA9AB4AAFEBF62A62E22AF6DFB7BBF23CFAC5BBBAEB5E2850DC8AD3CAE2B7D96EFE86563CCE59295D757471ABD5CA6F96376F6497535341A3F86B9A5BCE5DBB233A515C9A5B727C1DA6D2DBBA56DF66410C172B7D4B53DD92E3C5B7411744C9594F4B86F237F43D0628D233F478FE7FB1A6CBDD3738D1C7791B599A60C10982379E01A0130040C0430060315003883010033992B1A634C1261719D1292667605CD05E56CFDD1E9F590E68BFF008307478FE69C7B5DAFA9E2D5C7F5B2EFC5E5B96C6478A75B33B9E9E32EABAF825CDA738C716B62A25DF074915C7244B83BFE99B5EE29707CDFE68BFAB4696395162198C37333DA8C8C5C172FF9E2BD7717FE1B23FCD936F11B36DE6239E46C9DCC6D453D2E8218B74AE5E65BB3AC92B25A6FA863C76CC6FE9342C188BB0C475871742D280B2546CCF82A9FD0B8CA9A875345B65EE8A5788E47CC42B50DFD424342047ACA90001820E6863B0007603609801602060020000028C59C3972FB9B48CAD7C2A699A350AF1B2C3C74AB3C4B2B15A239E9A89F4CEF62F474F673F2E0ED228CD869D13474765B7A76BB57EC4D863463666A251FF001FE168D8497B9C4B0DF6D88252322580EB1E0D8D0969DBF6F41E1C35B0B27690E3C436A9173968AD9A2018FAD5BDF8765B8BE8CE73E3B22D24F6E5EF1FD8B5F1F9397039DF37A76E2B2AF5D93D80302D4E6402860D8200028003A11D0982684C43124081858200482450D72B92F45677ABE298B1C941B6E6F6E482E697D7C0B1B727CCFBF4F63C5ABCAA30A2DFC5E9672CAA6D7087A63674DB992A14CD2D1C8A491D740D0F8435A6F62486E77135D9B48E18BD09BE011A91273FA8B14278D2FFB2B64913CE56569C3B9164A39B20CC89E88F2232462CA9931EC66E6838BE65D57F28D79C4F31F8978DC712708352CAFC6EA1EFEBE86DC4E4A5FA9A33462E0D4FA24D371C8BCBF0671E47D232E6B4D9AC8F964F336EDBB6DDDF7B36B45F8A334294AB2456CD497CD5EE5DE2D471FB1CAEA7C77378BAF87B9031B4BF89B4F3EAE58DFFA96DF7468E0D7E29FE5C9097A2946FEC7A54D3E99573C338FF722CD8086646BA1A0100259D2131002048CCE3BAA9C20DC25CAEBB2400612E8DD815CD1E2306597C452B7CD69DBDD9F42D1F45EC3029752763A4E89E48974AF7003C8CF7C7B36B0F424101A8D870C600419023AC8B600248656991CC406462607E2CD54F1E06E12716F6B5D699F339C9B76DB6FBB7BB6007B34FD1E2D5762426C607A4F131A3A8B00328984BA2C2D564FF3CFFF00797F7000365B31D91F87FFD9, 'insp18', '202cb962ac59075b964b07152d234b70', '0');

-- Main Project 
INSERT INTO  fdl.t_mproj (
        mprjid,code ,custid,ms,projname,lcreditno,subjpurchorderno,totalaccred,commodity,qyagrosswt,qyanetwt,depid)
    VALUES
    (	 1,'452-69-0253',2  , 'Fourflower Yellow Loosestrife'   ,'Remove of Autol Sub from Uterus & Cervix Perc Endo Approach'	,	'568381214-3'	,	'651-37-1511'	,	15134832.43	,	'31,34,36,30'	,	4764722	,	4241619 ,'MT'	),
    (	 2,'349-68-9839',13 , 'Hemidictyum'                     ,'Drainage of Left Foot Muscle with Drain Dev Perc Approach'	,	'992743377-8'	,	'814-08-5820'	,	18769571.14	,	'8,9,3'         ,	8038406	,	2951333 ,'MD'	),
    (	 3,'803-48-7192',9  , 'Chess-apple'                     ,'Reposition Sciatic Nerve Open Approach'	                    ,	'803549005-2'	,	'212-37-5807'	,	18083557.38	,	'37,53,50,40'	,	6939550	,	3915071 ,'PD'	),
    (	 4,'500-58-8734',10 , 'Beatleys Buckwheat'              ,'Revision of Drain Dev in Sacrococcygeal Jt Open Approach'	    ,	'193721600-4'	,	'200-12-0757'	,	16791347.17	,	'11,15'	        ,	5150248	,	1531008 ,'FD'	),
    (	 5,'513-01-1098',5  , 'Slender Toothwort'               ,'Removal of Nonaut Sub from Low Tendon Open Approach'	        ,	'625355427-1'	,	'157-46-9777'	,	10978522.84	,	'20,18'	        ,	8046301	,	3571343 ,'FD'	),
    (	 6,'449-56-6060',2  , 'Leafy Bulrush'                    ,'Division of Esophagogastric Junction Percutaneous Approach'	,	'559276544-4'	,	'805-93-1279'	,	1989737.76	,	'13,15'	        ,	8526081	,	5557666 ,'FD'	),
    (	 7,'816-52-0822',9  , 'Spinycape'                       ,'MRI of Lung Apices using Oth Contrast Unenh Enhance'	        ,	'508020923-2'	,	'139-24-4444'	,	8774933.32	,	'7,8'	        ,	8355390	,	994993  ,'MD'	),
    (	 8,'615-98-9936',12 , 'Bahama Nightshade'               ,'Mental Health Counseling'	                                    ,	'045967823-X'	,	'586-53-3738'	,	13003530.72	,	'37,45,39'	    ,	3101434	,	4245011 ,'PD'	),
    (	 9,'165-95-5176',15 , 'Common Woodrush'                 ,'Fusion Thor Jt w Intbd Fus Dev Post Appr A Col Open'	        ,	'949700322-6'	,	'251-56-8058'	,	24585176.61	,	'21'	        ,	977062	,	3937274 ,'MT'   ),
    (	10,'485-60-1818',7  , 'Large Bullwort'                  ,'Drainage of Bladder Endo'	                                    ,	'798629049-8'	,	'583-24-6853'	,	19633001.48	,	'1,2'	        ,	6598538	,	6131597 ,'MD'	),
    (	11,'647-18-4878',3  , 'White Avens'                     ,'Occlusion of Pancreatic Duct Via Opening'	                    ,	'317144574-3'	,	'425-53-5393'	,	2208934.54	,	'12,15'	        ,	3388959	,	3804595 ,'FD'	),
    (	12,'285-81-5832',10 , 'Beadles Mountainmint'            ,'Excision of Left Large Intestine Perc Endo Approach'	        ,	'702005895-7'	,	'121-54-2322'	,	2190021.13	,	'1,5'	        ,	4930566	,	5626833 ,'MD'	),
    (	13,'378-91-1543',12 , 'Mendrina'                        ,'Plain Radiography of Right Elbow using High Osmolar Contrast'	,	'071839664-2'	,	'646-86-8438'	,	23650200.46	,	'7,9'	        ,	8596886	,	3263353 ,'MD'	),
    (	14,'865-86-3529',5  , 'Desert Centaury'                 ,'Drainage of Left Testis Perc Endo Approach Diagn'	            ,	'089063737-7'	,	'152-09-1612'	,	16681975.1	,	'38,39,50'	    ,	3457688	,	907025  ,'PD'	),
    (	15,'130-07-6322',6  , 'Mountain Sandalwood'             ,'Bypass R Com Iliac Art to B Renal A w Autol Vn Perc Endo'	    ,	'784641353-8'	,	'614-11-9611'	,	13935508.38	,	'25,29'	        ,	1206191	,	5352523 ,'MT'	),
    (	16,'402-37-2105',7  , 'African Cornflag'                ,'Dilate L Thyroid Art w Intralum Dev Perc Endo'	            ,	'184810882-6'	,	'299-91-2633'	,	12180337.92	,	'17'	        ,	8719520	,	803076  ,'FD'	),
    (	17,'420-49-6221',12 , 'Showy Tarweed'                   ,'Dilation of Left Subclavian Artery Percutaneous Approach'	    ,	'206870450-1'	,	'836-87-9654'	,	18350115.37	,	'5,9'	        ,	2494546	,	6927216 ,'MD'	),
    (	18,'725-09-1843',2  , 'Anomobryum Moss'                 ,'Excision of Left Fallopian Tube Perc Approach Diagn'	        ,	'391782420-5'	,	'297-92-4931'	,	7648937.08	,	'25,32'	        ,	4060402	,	886736  ,'MT'	),
    (	19,'136-43-1956',14 , 'Cascade Popcornflower'           ,'Fusion of Left Wrist Joint with Nonaut Sub Perc Approach'     ,	'205040796-3'	,	'503-63-2012'	,	14203520.39	,	'28'	        ,	4204635	,	1411068 ,'MT'	),
    (	20,'565-25-4916',7  , 'Mex''s Fleabane'                 ,'Supplement L Little Finger w Autol Sub Perc Endo'	            ,	'783925741-0'	,	'625-10-4390'	,	21608734.43	,	'30,32'	        ,	3844521	,	6550053 ,'MT'	),
    (	21,'198-17-9960',3  , 'Dotted Lichen'                   ,'Beam Radiation of Bone Marrow using Photons >10 MeV'	        ,	'747677709-3'	,	'103-58-9992'	,	1674051.86	,	'15'	         ,	7819866	,	1728743 ,'FD'	),
    (	22,'777-55-7693',9  , 'Mayleaf Four O clock'            ,'Plain Radiography of L Fallop Tube using H Osm Contrast'	    ,	'076508700-6'	,	'873-35-4098'	,	11617058.71	,	'40,41'	        ,	5467466	,	657936  ,'PD'	);

-- Project Data 
insert into fdl.t_proj 
    (projid ,is_f_fax_ok,shipmentvalue  ,currency   ,l_c_nr                 ,shipmentno ,mprojid,projname       ,supid  ,commodity          ,vesselsname                        ,cntryid,origin_goods   ,place_insp ,portdispach                                        ,portdischarge                  ,loadfromdate       ,loadtodate     ,bill_loading_no,insp_date      ,bill_loading_date  ,invoice_no     ,total_packing          ,invoice_date ,pro_inv_no ,pro_inv_date) values	
    (	 1  ,   '000'   ,395615.98      ,'EUR'      ,'DE23 2053 9469 1879'  ,'TEQ-5212'	,	 1  ,'Gembucket'	,	1	,	'31,34,36,30'	,'Buckeye'	                        ,'UY'	,	'UY'	    ,	'UY'	,'Coralite Ultra Antibacterial Deodorant'	        ,'SoundBody'	                ,	'2019-02-24'	,	'2018-01-31', 'S9031XA'     , 'S9031XA'     ,  '8/21/2020'      ,  '052803525'  ,'300CARTON OF 4.5 KGS' ,'3/1/2019'   ,'900365840', '1/30/2020'             ),
    (	 2  ,   '000'   ,706246.09      ,'EUR'      ,'MT74 NUAE 4609 3UHU'  ,'HUI-3922'	,	 2  ,'Stim'	        ,	2	,	'8,9,3'         ,'Marl Yelloweyed Grass'	        ,'LT'	,	'LT'	    ,	'LT'	,'Eye Wash'	                                        ,'Bacteria Plus'	            ,	'2019-01-05'	,	'2018-05-10', 'T25792A'     , 'T25792A'     ,  '6/10/2019'      ,  '097364013'  ,'300CARTON OF 4.5 KGS' ,'1/17/2020'  ,'992995023', '8/7/2019'             ),
    (	 3  ,   '000'   ,106271.15      ,'EUR'      ,'NL60 MHYD 2587 6293'  ,'RDZ-2696'	,	 3  ,'Stringtough'	,	3	,   '37,53,50,40'	,'Rocky Mountain Clover'	        ,'TW'	,	'TW'	    ,	'TW'	,'Calcitriol'	                                    ,'Isosorbide Mononitrate'	    ,	'2019-04-24'	,	'2018-04-07', 'S82222A'     , 'S82222A'     ,  '7/23/2020'      ,  '653717547'  ,'300CARTON OF 4.5 KGS' ,'12/15/2019' ,'753248953', '11/6/2019'             ),
    (	 4  ,   '000'   ,873895.05      ,'EUR'      ,'FR44 2093 9520 73TQ'  ,'WNS-7996'	,	 4  ,'Job'	        ,	4	,	'11,15'	        ,'Fernalds Beaksedge'	            ,'GP'	,	'GP'	    ,	'GP'	,'benzonatate'	                                    ,'Galantamine'	                ,	'2018-09-19'	,	'2019-05-29', 'Z6371'       , 'Z6371'       ,  '9/25/2020'      ,  '219144968'  ,'300CARTON OF 4.5 KGS' ,'5/5/2019'   ,'350459494', '4/1/2020'             ),
    (	 5  ,   '000'   ,73043.27       ,'EUR'      ,'AL96 8923 3420 F2WR'  ,'GLY-2397'	,	 5  ,'Duobam'	    ,	5	,	'20,18'	        ,'Common Rivergrass'	            ,'TM'	,	'TM'	    ,	'TM'	,'E.O.L.'	                                        ,'Clindamycin Hydrochloride'	,	'2018-08-27'	,	'2019-08-06', 'O2310'       , 'O2310'       ,  '5/31/2020'      ,  '750092766'  ,'300CARTON OF 4.5 KGS' ,'11/20/2019' ,'541162647', '2/8/2020'             );
    -- (	 6  ,   '000'   ,537750.90      ,'EUR'      ,'LU40 831Z URMU KCEO'  ,'KHU-9838'	,	 6  ,'Otcom'	    ,	6	,	'13,15'	        ,'Dot Lichen'	                    ,'TN'	,	'TN'	    ,	'TN'	,'Strength M'	                                    ,'Senna S'	                    ,	'2018-04-20'	,	'2018-07-13', 'Y846'        , 'Y846'        ,  '5/11/2020'      ,  '870144283'  ,'300CARTON OF 4.5 KGS' ,'9/22/2019'  ,'717208425', '7/1/2019'             ),
    -- (	 7  ,   '000'   ,146265.42      ,'EUR'      ,'ME24 2620 9086 4140'  ,'JHN-6938'	,	 7  ,'Subin'	    ,	7	,	'7,8'	        ,'Harbinger Of Spring'	            ,'ID'	,	'ID'	    ,	'ID'	,'4 in 1 Pressed Mineral SPF 15 Blush Medium'       ,'24 HOUR'	                    ,	'2018-06-16'	,	'2018-02-06', 'S29021S'     , 'S29021S'     ,  '8/6/2020'       ,  '662924789'  ,'300CARTON OF 4.5 KGS' ,'9/20/2020'  ,'769281392', '9/18/2020'             ),
    -- (	 8  ,   '000'   ,931826.04      ,'EUR'      ,'FO88 2979 6095 9404'  ,'RBI-8561'	,	 8  ,'Zoolab'	    ,	8	,	'37,45,39'	    ,'Disc Lichen'	                    ,'RS'	,	'RS'	    ,	'RS'	,'Desmopressin Acetate'	                            ,'White Mulberry'	            ,	'2019-08-20'	,	'2018-05-26', 'S4490XA'     , 'S4490XA'     ,  '4/17/2019'      ,  '272992834'  ,'300CARTON OF 4.5 KGS' ,'5/8/2019'   ,'988063411', '3/5/2019'             ),
    -- (	 9  ,   '000'   ,832299.12      ,'EUR'      ,'MR21 6131 9842 1001'  ,'ZLX-4828'	,	 9  ,'Prodder'	    ,	9	,	'21'	        ,'Tylophoron Lichen'	            ,'IR'	,	'IR'	    ,	'IR'	,'Flomax'	                                        ,'Pore Rescue Acne'	            ,	'2018-07-12'	,	'2018-09-19', 'W3081'       , 'W3081'       ,  '10/25/2020'     ,  '209539042'  ,'300CARTON OF 4.5 KGS' ,'4/18/2019'  ,'419346776', '4/5/2020'             ),
    -- (	10  ,   '000'   ,876581.76      ,'EUR'      ,'AZ82 OYEK Z87M BTXS'  ,'WQQ-3526'	,	10  ,'Y-find'	    ,	10  ,	'1,2'	        ,'Narrowleaf Hawkweed'	            ,'TH'	,	'TH'	    ,	'TH'	,'Nicotine'	                                        ,'infants acetaminophen'	    ,	'2019-04-18'	,	'2018-05-18', 'S92002G'     , 'S92002G'     ,  '4/26/2019'      ,  '818754705'  ,'300CARTON OF 4.5 KGS' ,'9/30/2020'  ,'464619698', '6/29/2020'             ),
    -- (	11  ,   '000'   ,588731.14      ,'EUR'      ,'GL13 7692 5447 3872'  ,'AEA-5002'	,	11  ,'Zathin'	    ,	11  ,	'12,15'	        ,'Chapped Mallee'	                ,'UG'	,	'UG'	    ,	'UG'	,'bromfenac'	                                    ,'Antibactierial Hand '         ,	'2019-08-16'	,	'2018-09-12', 'S62631D'     , 'S62631D'     ,  '8/16/2019'      ,  '630227079'  ,'300CARTON OF 4.5 KGS' ,'4/7/2020'   ,'248266887', '10/29/2020'             ),
    -- (	12  ,   '000'   ,794384.67      ,'EUR'      ,'CY56 8689 3309 CZM4'  ,'FAH-1105'	,	12  ,'Ronstring'	,	12  ,	'1,5'	        ,'Cuman Ragweed'	                ,'LT'	,	'LT'	    ,	'LT'	,'ACT Total Care Anticavity Fluoride Icy Clean Mint','Horse Fly'	                ,	'2018-08-19'	,	'2018-01-28', 'S65219A'     , 'S65219A'     ,  '8/14/2020'      ,  '445393375'  ,'300CARTON OF 4.5 KGS' ,'12/16/2019' ,'573558498', '7/17/2019'             ),
    -- (	13  ,   '000'   ,539730.97      ,'EUR'      ,'FI39 6917 0243 9558'  ,'VQP-4981'	,	13  ,'Voyatouch'	,	13	,	'7,9'	        ,'Mallee Honeymyrtle'	            ,'HN'	,	'HN'	    ,	'HN'	,'Flawless Finish Bare Perfection Makeup SPF 8 Fawn','Drymarine'	                ,	'2018-01-29'	,	'2018-05-28', 'S76999S'     , 'S76999S'     ,  '5/30/2020'      ,  '388265254'  ,'300CARTON OF 4.5 KGS' ,'6/4/2020'   ,'993322228', '8/2/2020'             ),
    -- (	14  ,   '000'   ,494844.61      ,'EUR'      ,'LB80 9936 SGRR 0WQQ'  ,'GOX-2498'	,	14  ,'Konklux'	    ,	14	,	'38,39,50'	    ,'Perennial Ryegrass'	            ,'NZ'	,	'NZ'	    ,	'NZ'	,'Muscle Ease'	                                    ,'LEVAQUIN'	                    ,	'2018-01-10'	,	'2019-01-06', 'S62394B'     , 'S62394B'     ,  '2/13/2020'      ,  '059374966'  ,'300CARTON OF 4.5 KGS' ,'11/24/2019' ,'225927448', '9/2/2020'             ),
    -- (	15  ,   '000'   ,640689.85      ,'EUR'      ,'TN50 9093 2177 1302'  ,'UUD-6550'	,	15  ,'Bitwolf'	    ,	15  ,	'25,29'	        ,'Lignum-vitae'	                    ,'MG'	,	'MG'	    ,	'MG'	,'Desmopressin Acetate'	                            ,'Oxycodone Hydrochloride'	    ,	'2019-06-11'	,	'2018-01-05', 'V260'        , 'V260'        ,  '9/21/2020'      ,  '124738451'  ,'300CARTON OF 4.5 KGS' ,'7/3/2019'   ,'520274722', '3/12/2019'             ),
    -- (	16  ,   '000'   ,808983.13      ,'EUR'      ,'MC60 8073 4506 821D'  ,'FAI-9855'	,	16  ,'Treeflex'	    ,	10	,	'17'	        ,'Starlily'	                        ,'RS'	,	'RS'	    ,	'RS'	,'Wild Country'	                                    ,'Compro'	                    ,	'2018-09-29'	,	'2018-10-18', 'S60549'      , 'S60549'      ,  '10/5/2020'      ,  '740720830'  ,'300CARTON OF 4.5 KGS' ,'11/7/2019'  ,'318456371', '1/27/2020'             ),
    -- (	17  ,   '000'   ,355588.72      ,'EUR'      ,'BG94 BKRZ 2196 80SR'  ,'IVN-8981'	,	17  ,'Stronghold'	,	11	,	'5,9'	        ,'Cascade Azalea'	                ,'GP'	,	'GP'	    ,	'GP'	,'OPANA'	                                        ,'Pumpkin'	                    ,	'2019-07-17'	,	'2018-04-12', 'M2584'       , 'M2584'       ,  '6/13/2020'      ,  '558699380'  ,'300CARTON OF 4.5 KGS' ,'5/27/2019'  ,'022493316', '1/13/2020'             ),
    -- (	18  ,   '000'   ,183981.65      ,'EUR'      ,'FR03 5908 6064 682S'  ,'GXG-4424'	,	18  ,'Flexidy'	    ,	12	,	'25,32'	        ,'Littleleaf Ratany'	            ,'TM'	,	'TM'	    ,	'TM'	,'Skin So Soft Bug Guard Plus IR3535'	            ,'Escitalopram'	                ,	'2018-04-14'	,	'2019-02-05', 'S52262J'     , 'S52262J'     ,  '12/6/2019'      ,  '936396212'  ,'300CARTON OF 4.5 KGS' ,'7/1/2020'   ,'063257735', '1/23/2019'             ),
    -- (	19  ,   '000'   ,191929.81      ,'EUR'      ,'MD77 QU3A FZ83 Q7HK'  ,'OBC-9113'	,	19  ,'Lotlux'	    ,	13	,	'28'	        ,'Largeflower Townsend Daisy'	    ,'PL'	,	'PL'	    ,	'PL'	,'Meijer Elements Daily Facial Moisturizer'	        ,'METFORMIN HYDROCHLORIDE'	    ,	'2018-04-28'	,	'2018-08-07', 'S6431XD'     , 'S6431XD'     ,  '6/30/2019'      ,  '870732630'  ,'300CARTON OF 4.5 KGS' ,'2/19/2020'  ,'747161794', '5/13/2019'             ),
    -- (	20  ,   '000'   ,484126.44      ,'EUR'      ,'FR69 1339 8015 37KM'  ,'XXH-5157'	,	20  ,'Andalax'	    ,	14	,	'30,32'	        ,'Combleaf Yellow False Foxglove'   ,'HN'	,	'HN'	    ,	'HN'	,'LEVOTHYROXINE SODIUM'	                            ,'Fexofenadine Hydrochloride'	,	'2019-07-31'	,	'2018-11-18', 'S63331S'     , 'S63331S'     ,  '10/26/2020'     ,  '547799110'  ,'300CARTON OF 4.5 KGS' ,'3/18/2020'  ,'240357431', '7/10/2019'             ),
    -- (	21  ,   '000'   ,850470.90      ,'EUR'      ,'HR21 7729 5085 0503'  ,'XPG-7882'	,	21  ,'Overhold'	    ,	10	,	'15'	        ,'Fairypoppy'	                    ,'KZ'	,	'KZ'	    ,	'KZ'	,'Hand Sanitizer'	                                ,'FLUOROURACIL'	                ,	'2019-03-28'	,	'2019-02-25', 'O29113'      , 'O29113'      ,  '9/11/2020'      ,  '965087272'  ,'300CARTON OF 4.5 KGS' ,'11/26/2019' ,'719351302', '9/26/2020'             ),
    -- (	22  ,   '000'   ,169080.25      ,'EUR'      ,'AD87 9971 7968 HT5U'  ,'ZEM-9110'	,	22  ,'Ventosanzap'	,	15	,	'40,41'	        ,'Emorys Milkvetch'	                ,'JP'	,	'JP'	    ,	'JP'	,'ESIKA HYDRACOLOR 2 IN 1 HIGHLY MOISTURIZING'   	,'Trandolapril'	                ,	'2018-11-02'	,	'2018-04-08', 'S8261XS'     , 'S8261XS'     ,  '8/28/2020'      ,  '030291096'  ,'300CARTON OF 4.5 KGS' ,'3/2/2019'   ,'439541302', '6/14/2019'             );


update fdl.t_proj
    set projname = 
        "3000 CARTONS OF 4.5 KG
        BRUGGEMEAN INSTANT YEAST-VACUM PACKED
        PRICE/CTN/CTN:EUR 12.80
        TOTAL AMOUNT:EUR 38,400.00
        ALL OTHER DETAILS AS PER BENEFICIARYS
        PRO-INV.NO.2019002567 DD.11.04.2019
        FOR EUR 38,400.00 CPT BENGHAZI PORT-L" 

